v -0.0371042761 0.0549934514 -0.0210628259
v -0.039107777 0.0548965647 -0.0230666729
v -0.039107777 0.0549611558 -0.0210628259
v -0.039107777 0.0549611558 -0.0190509309
v -0.039107777 0.0548750343 0.0190543549
v -0.0371042761 0.0549826862 -0.0170470839
v -0.0330972743 0.0549503906 -0.0210628259
v -0.031093777 0.0549180951 -0.02507052
v -0.0411232735 0.0547889165 -0.02507052
v -0.0411232735 0.0548427424 -0.0230666729
v -0.0411232735 0.054853504 -0.0210628259
v -0.0411232735 0.054853504 -0.0190509309
v -0.0411232735 0.0547889165 0.021058202
v -0.0371042761 0.0548857995 0.0190543549
v -0.0411232735 0.0547781513 0.0230700969
v -0.0351007752 0.0549288603 -0.00500790613
v -0.0330972743 0.0549396255 -0.0170470839
v -0.0290782787 0.0548965647 -0.0230666729
v -0.0150417813 0.0546920298 -0.0170470839
v -0.000993287128 0.0545090253 -0.0210628259
v -0.0290782787 0.0547781513 -0.027082415
v -0.031093777 0.0547996816 -0.027082415
v -0.0050122843 0.0545628512 -0.02507052
v 0.0240444645 0.0541645465 -0.0257867545
v 0.0227127975 0.0541645465 -0.0261730385
v -0.0170452813 0.0546382039 -0.027082415
v -0.0411232735 0.0546274423 -0.027082415
v -0.0431267744 0.0545951467 -0.02507052
v -0.0431267744 0.0546489691 -0.0230666729
v -0.0431267744 0.0546597342 -0.0210628259
v -0.0431267744 0.0546597342 -0.0130393897
v -0.0431267744 0.0546059119 0.021058202
v -0.031093777 0.0547781513 0.025073944
v -0.031093777 0.0547889165 0.0230700969
v -0.031093777 0.0548104468 0.0190543549
v -0.0330972743 0.0548427424 0.0170505078
v -0.0351007752 0.0548857995 0.0110309187
v -0.0431267744 0.0545951467 0.0230700969
v -0.0411232735 0.0547243254 0.025073944
v -0.0290782787 0.0547889165 0.0170505078
v -0.0270747796 0.0547673861 0.0150386129
v -0.0170452813 0.054702795 -0.0110274948
v 0.0240684593 0.0541645465 -0.0220526776
v 0.0240684593 0.0541645465 -0.0244508565
v -0.000993287128 0.0544982601 -0.0170470839
v 0.00865230623 0.0541753117 -0.0281527437
v -0.0050122843 0.0542721948 -0.0285470737
v -0.0170452813 0.0543475511 -0.0288689782
v -0.031093777 0.0544444341 -0.029086262
v -0.0411232735 0.0543367859 -0.0287241217
v 0.0330902075 0.0540353643 -0.0210628259
v 0.035105704 0.0540030688 -0.0210628259
v 0.0371092049 0.0539707768 -0.0210628259
v 0.0330902075 0.0540245991 -0.0230666729
v 0.0330902075 0.0539923036 -0.02507052
v 0.0330902075 0.0538415946 -0.027082415
v 0.023252662 0.0540891902 -0.0269375585
v -0.0431267744 0.054229134 -0.0283297899
v -0.0441465183 0.0541645465 -0.0280964103
v -0.0431267744 0.0544229038 -0.027082415
v -0.0460660393 0.0541537813 -0.02583504
v -0.045286236 0.0543044903 -0.0251268534
v -0.0451302717 0.0543798466 -0.0230666729
v -0.0451302717 0.054401377 -0.0210628259
v -0.0451302717 0.054401377 -0.0110274948
v -0.0451302717 0.0543583163 0.021058202
v -0.0050122843 0.0544229038 0.025073944
v -0.031093777 0.0546704994 0.0270777911
v 0.00902421358 0.0541860769 0.0263454608
v -0.0050122843 0.054433669 0.0230700969
v -0.0050122843 0.0544444341 0.021058202
v -0.0431267744 0.0545305556 0.025073944
v -0.0451302717 0.0543475511 0.0230700969
v -0.0462100043 0.0541753117 0.0242852821
v -0.0411232735 0.054552086 0.0270777911
v -0.000993287128 0.054401377 0.0170505078
v -0.0130382813 0.0545736164 0.0150386129
v 0.0270797084 0.0540245991 0.0130347658
v 0.035105704 0.0538954205 0.0190543549
v 0.0110277136 0.0543260207 -0.0150432368
v 0.0130312136 0.0542076037 0.0170505078
v 0.0210572101 0.054078425 -0.0272755569
v 0.023060711 0.0537231811 -0.029086262
v -0.0050122843 0.0540245991 -0.0295530212
v -0.0170452813 0.0540999554 -0.0298668778
v -0.0280705305 0.0541645465 -0.0300922095
v -0.0290782787 0.0544229038 -0.029086262
v -0.031093777 0.0541753117 -0.030124401
v -0.032173506 0.0541753117 -0.0301163513
v -0.0411232735 0.0540568947 -0.0297300692
v 0.035105704 0.0539600116 -0.00500790613
v 0.035105704 0.0539923036 -0.0170470839
v 0.0371092049 0.0539600116 -0.0170470839
v 0.0391127058 0.0538308294 0.0170505078
v 0.0391127058 0.0538738901 -0.00300405884
v 0.0391127058 0.0538954205 -0.0130393897
v 0.0391127058 0.0539061857 -0.0190509309
v 0.0391127058 0.0539061857 -0.0210628259
v 0.0411162067 0.0537447115 -0.02507052
v 0.0330902075 0.0534863507 -0.029086262
v 0.0411162067 0.0535939989 -0.027082415
v -0.0431267744 0.0539492464 -0.0293357374
v -0.0449383207 0.0538200642 -0.0288931201
v -0.0471337727 0.0533679336 -0.029086262
v -0.0471337727 0.0537985338 -0.027082415
v -0.0455981573 0.054078425 -0.027082415
v -0.044590409 0.054229134 -0.027082415
v -0.0491492691 0.0535294114 -0.02507052
v -0.0470018068 0.0540030688 -0.0251268534
v -0.0462339991 0.0541753117 -0.024499142
v -0.0463299746 0.0541968421 -0.0230666729
v -0.046365965 0.0542076037 -0.0210628259
v -0.0463779606 0.0542076037 -0.0190509309
v -0.0463779606 0.0542076037 -0.0130393897
v -0.046365965 0.0542076037 -0.0110274948
v -0.0462939842 0.0541860769 0.021058202
v -0.0462579903 0.0541860769 0.0230700969
v 0.0210572101 0.0540461295 0.025073944
v 0.023060711 0.0540353643 0.0230700969
v -0.031093777 0.0543690814 0.0289689732
v -0.0290782787 0.0543583163 0.0289206877
v -0.00300878407 0.0541860769 0.0281803095
v -0.00300878407 0.0542937251 0.0270777911
v 0.023060711 0.0539169509 0.0270777911
v 0.0330902075 0.0538523598 0.025073944
v 0.0110277136 0.054229134 0.0190543549
v -0.0452262508 0.0542721948 0.0250015166
v -0.0446144038 0.054229134 0.0265868882
v -0.0432227499 0.0543260207 0.0271824099
v -0.045946069 0.054132251 0.0256292263
v -0.0472657421 0.0540030688 0.0230700969
v -0.0491492691 0.0535186462 0.025073944
v -0.046977812 0.053981542 0.0250015166
v -0.0426109029 0.0542183689 0.028325166
v -0.0411232735 0.0542937251 0.0286068311
v 0.0371092049 0.0538631249 0.0190543549
v 0.0330902075 0.0528296852 -0.0310901109
v 0.023060711 0.0530126897 -0.0310901109
v -0.0050122843 0.0534325247 -0.0310901109
v 0.00902421358 0.0532279898 -0.0310901109
v -0.031093777 0.053712416 -0.0311303449
v -0.0170452813 0.0535939989 -0.0310901109
v -0.0411232735 0.0534971159 -0.0310901109
v -0.0431267744 0.0532818158 -0.0310901109
v 0.0371092049 0.0539277161 -0.00500790613
v 0.0411162067 0.0537016508 0.0230700969
v 0.0411162067 0.0537231811 0.0190543549
v 0.0391127058 0.0538200642 0.0190543549
v 0.0411162067 0.0537662383 -0.00500790613
v 0.0411162067 0.0537877687 -0.0170470839
v 0.0411162067 0.0537877687 -0.0230666729
v 0.0431197041 0.0535724686 -0.0230666729
v 0.0431197041 0.0535186462 -0.02507052
v 0.0411162067 0.0532172246 -0.029086262
v 0.0431197041 0.0533571685 -0.027082415
v -0.0451302717 0.0529911594 -0.0310901109
v -0.0471217771 0.0525605592 -0.031194728
v -0.0491492691 0.0523775546 -0.0305589687
v -0.0491492691 0.0528942763 -0.029086262
v -0.0491492691 0.0533356381 -0.027082415
v -0.0511527701 0.0529480986 -0.02507052
v -0.0491492691 0.0535939989 -0.0230666729
v -0.0473257273 0.0540030688 -0.0230666729
v -0.0473737132 0.0540138339 -0.0210628259
v -0.0473857124 0.0540138339 -0.0190509309
v -0.0473857124 0.0540138339 -0.0150432368
v -0.0473017325 0.0540030688 0.0190543549
v -0.0472897333 0.0540030688 0.021058202
v -0.031093777 0.054132251 0.0299668728
v -0.0290782787 0.0541214858 0.0299266352
v -0.0170452813 0.0540461295 0.0295886367
v -0.00300878407 0.0539492464 0.0291782091
v 0.023060711 0.0536047641 0.0290816381
v 0.0330902075 0.0537339463 0.0270777911
v 0.0411162067 0.0536478248 0.025073944
v -0.0439545673 0.054132251 0.0279227863
v -0.0452262508 0.0540568947 0.0271824099
v -0.0471337727 0.0537447115 0.0270777911
v -0.0491492691 0.0536047641 0.021058202
v -0.0491492691 0.0535939989 0.0230700969
v -0.0511527701 0.052969629 0.025073944
v -0.0491492691 0.0533033461 0.0270777911
v -0.0411232735 0.0540245991 0.0296047307
v -0.0432227499 0.0539600116 0.0290253048
v 0.0330902075 0.0522806679 -0.0322891967
v 0.0409482469 0.0524744377 -0.0312027776
v 0.0401804392 0.0521622545 -0.0321041044
v 0.00902421358 0.0524636725 -0.0325789133
v -0.0170452813 0.0526466806 -0.0328364311
v -0.031093777 0.0527112682 -0.0329088639
v -0.0411232735 0.0525928547 -0.0327640056
v -0.00300878407 0.052549794 -0.0326996225
v -0.0431267744 0.0524852029 -0.0326030551
v -0.0451302717 0.0523344939 -0.0323777216
v 0.0431197041 0.0534971159 0.0230700969
v 0.0431197041 0.0535186462 0.021058202
v 0.0431197041 0.0535294114 0.0190543549
v 0.0431197041 0.0535401766 0.0150386129
v 0.0431197041 0.0535724686 -0.00100021177
v 0.0431197041 0.0535832337 -0.00701980063
v 0.0431197041 0.0535939989 -0.0170470839
v 0.0431197041 0.0535939989 -0.0210628259
v 0.0451352006 0.0533033461 -0.0230666729
v 0.0451352006 0.053238755 -0.02507052
v 0.0431197041 0.0529588638 -0.029086262
v 0.0431197041 0.0524206153 -0.0307118766
v 0.0451352006 0.0530557505 -0.027082415
v -0.0464379457 0.0522160804 -0.0321926293
v -0.0477696144 0.0520653678 -0.0319270547
v -0.0491492691 0.0518823633 -0.0315649197
v -0.0503129816 0.0522160804 -0.0302129259
v -0.0510447989 0.0523667894 -0.0289414055
v -0.0511527701 0.0527435637 -0.027082415
v -0.0524484484 0.0522806679 -0.027082415
v -0.052688389 0.0523883198 -0.02507052
v -0.0511527701 0.0530126897 -0.0230666729
v -0.0491492691 0.0536155293 -0.0210628259
v -0.0491492691 0.0536155293 -0.0150432368
v -0.031093777 0.0536693552 0.0310935331
v -0.0290782787 0.0536478248 0.0310935331
v -0.0170452813 0.0534971159 0.0310935331
v 0.023060711 0.052969629 0.0310935331
v -0.0411232735 0.0534540551 0.0310935331
v 0.0330902075 0.0534217596 0.0290816381
v 0.0411162067 0.0534971159 0.0270777911
v 0.0431197041 0.0534432899 0.025073944
v -0.0471337727 0.0533141113 0.0290816381
v -0.0451302717 0.0536693552 0.0290816381
v -0.0511527701 0.0530449853 0.021058202
v -0.0511527701 0.0530342201 0.0230700969
v -0.0527603697 0.0524098502 0.025073944
v -0.0524844388 0.0522914331 0.0270777911
v -0.0511527701 0.0527435637 0.0270777911
v -0.0491492691 0.0528619807 0.0290816381
v -0.0431267744 0.053238755 0.0310935331
v 0.0330902075 0.0515701801 -0.0332951478
v 0.0210572101 0.0516778284 -0.0334319564
v 0.00902421358 0.0517639499 -0.0335848572
v 0.041512108 0.0520868982 -0.031943154
v 0.0431197041 0.0511072844 -0.0330939562
v 0.0409482469 0.0515271194 -0.0329008142
v 0.0411162067 0.0504183233 -0.0344137584
v -0.0050122843 0.0518715981 -0.0337297155
v -0.0050122843 0.0525605592 -0.0327237716
v -0.0170452813 0.0519577196 -0.0338423822
v -0.031093777 0.0520007803 -0.0339067653
v -0.0411232735 0.0518931285 -0.033761907
v -0.0431267744 0.051774715 -0.0336009565
v -0.0451302717 0.0516132373 -0.0333836727
v 0.0451352006 0.0532495202 0.0230700969
v 0.0451352006 0.0532710506 0.021058202
v 0.0451352006 0.0532818158 0.0190543549
v 0.0451352006 0.0533248765 -0.0090236477
v 0.0451352006 0.0533248765 -0.0210628259
v 0.0471387015 0.0529588638 -0.0230666729
v 0.0471387015 0.0528942763 -0.02507052
v 0.0451352006 0.0526466806 -0.029086262
v 0.0462269287 0.0521730197 -0.0301324507
v 0.0451352006 0.0522699028 -0.030357777
v 0.0431197041 0.05197925 -0.0317178205
v 0.0471387015 0.052700503 -0.027082415
v -0.0471217771 0.0514948238 -0.0329571476
v -0.0491132788 0.0507843324 -0.0332146726
v -0.0511527701 0.050547502 -0.0326352467
v -0.0510447989 0.0515594149 -0.0309693945
v -0.0531322762 0.0506336234 -0.0310981606
v -0.051656646 0.0519684848 -0.0295208315
v -0.0522205034 0.0521837849 -0.0281768855
v -0.0534441975 0.0518285374 -0.027082415
v -0.0536961372 0.0519361892 -0.02507052
v -0.0527723653 0.0524206153 -0.0230666729
v -0.053768118 0.05197925 -0.0230666729
v -0.0511527701 0.0530342201 -0.0210628259
v -0.0511527701 0.0530449853 -0.0170470839
v -0.031093777 0.0526897378 0.0329364279
v -0.0290782787 0.0526897378 0.0329283782
v -0.0411232735 0.0525820895 0.0327674278
v 0.023060711 0.0523560242 0.0324294347
v 0.0330902075 0.0522591376 0.0322845764
v 0.0330902075 0.0527866244 0.0310935331
v -0.0431267744 0.0524636725 0.0325984277
v 0.0411162067 0.0531311032 0.0290816381
v 0.0431197041 0.0532710506 0.0270777911
v 0.0451352006 0.0531849291 0.025073944
v -0.0491492691 0.0523667894 0.030538249
v -0.0470857867 0.0525390288 0.031182058
v -0.0451302717 0.0529373334 0.0310935331
v -0.0528443496 0.0524421457 0.0230700969
v -0.0538520979 0.0520115455 0.0230700969
v -0.0537561224 0.05197925 0.025073944
v -0.0522325026 0.0521837849 0.0281964053
v -0.0534801914 0.0518500677 0.0270777911
v -0.0510447989 0.0523560242 0.0289528774
v -0.0503129816 0.0522053152 0.0302002488
v -0.0451302717 0.0523237287 0.032357002
v 0.0330902075 0.0505690323 -0.0345586167
v 0.0431197041 0.0502891447 -0.0342608577
v 0.0450632198 0.0506982145 -0.0332307648
v 0.0443553973 0.050192258 -0.0341481909
v 0.0411162067 0.0494064139 -0.0354116598
v 0.0330902075 0.0495571229 -0.0355645606
v 0.023060711 0.0506551538 -0.0346390919
v -0.0050122843 0.0508704539 -0.0348563758
v -0.0170452813 0.0509565718 -0.0349207588
v -0.031093777 0.0509996325 -0.0349529503
v -0.0411232735 0.0508919843 -0.0348644254
v -0.0431267744 0.0507628021 -0.0347356593
v -0.0451302717 0.0506013279 -0.0345747089
v -0.0471337727 0.050396793 -0.0343574251
v 0.0471387015 0.0529265683 0.0230700969
v 0.0471387015 0.0529480986 0.021058202
v 0.0471387015 0.0529911594 -0.0130393897
v 0.0471387015 0.0529911594 -0.0150432368
v 0.0471387015 0.0529803942 -0.0190509309
v 0.0471387015 0.052969629 -0.0210628259
v 0.0491422024 0.0525174984 -0.0230666729
v 0.0491422024 0.0524529109 -0.02507052
v 0.0501499506 0.0521514893 -0.0260845154
v 0.0483983895 0.0522160804 -0.0283297899
v 0.04699474 0.0523237287 -0.0290299287
v 0.0475585975 0.0520330723 -0.0296656879
v 0.0491422024 0.0510426933 -0.0310901109
v 0.04699474 0.0516455328 -0.0309130611
v 0.0451352006 0.0518177722 -0.0313556784
v 0.0471387015 0.0506120931 -0.0327720553
v 0.049106212 0.0522914331 -0.0268812251
v -0.0484174518 0.0502245536 -0.0341884249
v -0.0497611162 0.0500200187 -0.033955049
v -0.0511527701 0.0497401275 -0.0336331481
v -0.0524484484 0.0502891447 -0.0322891967
v -0.0537801136 0.0499446624 -0.0317661042
v -0.0544519457 0.0503214367 -0.0304302097
v -0.0530003103 0.0515917105 -0.0289414055
v -0.054847847 0.0505797975 -0.029086262
v -0.0553397273 0.0507412717 -0.0271950817
v -0.0551597719 0.0511072844 -0.02507052
v -0.0527963601 0.0524313805 -0.0210628259
v -0.0538041083 0.0519900151 -0.0210628259
v -0.0551597719 0.0511826371 -0.0230666729
v -0.0528083593 0.0524313805 -0.0190509309
v -0.0528443496 0.0524421457 0.021058202
v -0.031093777 0.0520330723 0.033942379
v -0.0290782787 0.0520330723 0.0339343293
v -0.0050122843 0.0518823633 0.0337089958
v 0.00902421358 0.0517962454 0.0335721872
v -0.0411232735 0.0519146589 0.0337733788
v 0.0210572101 0.0517208891 0.0334514708
v 0.0330902075 0.0516132373 0.0332824778
v 0.0411162067 0.051387172 0.0330973783
v 0.0411162067 0.0520868982 0.0319546259
v 0.0411162067 0.0525174984 0.0309486748
v -0.0431267744 0.0517854802 0.033596329
v 0.0431197041 0.0523883198 0.0306589654
v 0.0431197041 0.0528942763 0.0290816381
v 0.0451352006 0.0530019245 0.0270777911
v 0.0471387015 0.0528619807 0.025073944
v -0.0491492691 0.0518715981 0.0315442001
v -0.0477336241 0.0520546027 0.0319143847
v -0.0463899598 0.0522053152 0.0321799594
v -0.0538520979 0.0520223107 0.021058202
v -0.0551597719 0.0512795237 0.0230700969
v -0.0551597719 0.0511934023 0.025073944
v -0.0551597719 0.0509458066 0.0270777911
v -0.0516446468 0.05197925 0.0295323033
v -0.0530003103 0.0516024721 0.0289528774
v -0.0561795157 0.0501599625 0.0281078822
v -0.0551477727 0.0505152064 0.0289045919
v -0.0510447989 0.0515486498 0.0309567245
v -0.0451302717 0.0516240025 0.033362953
v 0.0431197041 0.0492664665 -0.0352587519
v 0.045687066 0.0500630794 -0.0339872405
v 0.0471387015 0.0488896923 -0.0348483261
v 0.0449672443 0.0491157575 -0.0350736596
v 0.0442594218 0.0481684357 -0.0361278943
v 0.0431197041 0.0482653223 -0.0362003199
v 0.0411162067 0.0484052661 -0.0363210363
v 0.0330902075 0.0485559751 -0.0364256534
v 0.00902421358 0.0497508927 -0.0357496601
v -0.0050122843 0.0498585409 -0.0358542772
v -0.0170452813 0.0499338972 -0.0359267027
v -0.0290782787 0.0509888673 -0.0349529503
v -0.0290782787 0.0499661928 -0.0359508446
v -0.031093777 0.0499661928 -0.0359588942
v -0.0411232735 0.0498585409 -0.0358623268
v -0.0431267744 0.0497078319 -0.0357416104
v -0.0451302717 0.0495248274 -0.03558066
v -0.0473257273 0.0490511664 -0.0355082272
v 0.0491422024 0.0525174984 0.0230700969
v 0.0491422024 0.0525282636 0.021058202
v 0.0491422024 0.052549794 -0.0090236477
v 0.0491422024 0.052549794 -0.0170470839
v 0.0491422024 0.0525282636 -0.0210628259
v 0.0503778956 0.0522268456 -0.0190509309
v 0.050329906 0.0522160804 -0.0230666729
v 0.0502339305 0.0521837849 -0.02507052
v 0.0497420538 0.0520438375 -0.0274204134
v 0.0512296832 0.0518500677 -0.02507052
v 0.0509537487 0.0517639499 -0.0268812251
v 0.049106212 0.0518393026 -0.0290299287
v 0.0511457033 0.0512041674 -0.029086262
v 0.051025733 0.0504721492 -0.0310579194
v 0.0502699209 0.050192258 -0.0321604378
v 0.0491422024 0.0503537322 -0.0324099132
v 0.0471387015 0.0498908365 -0.0337779992
v -0.0481295253 0.0481361401 -0.0361037525
v -0.0491132788 0.0492664665 -0.0348402836
v -0.0511527701 0.0487389833 -0.0346310423
v -0.0526044091 0.0483945009 -0.0343252335
v -0.0531922613 0.0491695835 -0.0331261477
v -0.0548118566 0.048609801 -0.0326352467
v -0.0561435253 0.0481253749 -0.0320719129
v -0.0553037333 0.0492449362 -0.0312510613
v -0.0565754169 0.0485452135 -0.0307360185
v -0.0558555988 0.049923132 -0.029086262
v -0.0561315297 0.0501169018 -0.0279354581
v -0.0562754912 0.0502353188 -0.02659956
v -0.0563714667 0.0503106715 -0.02507052
v -0.0538161075 0.0520007803 -0.0170470839
v -0.0551597719 0.0512041674 -0.0210628259
v -0.0551597719 0.0512256978 -0.0170470839
v -0.0564194563 0.0503537322 -0.0230666729
v -0.031093777 0.0510319281 0.0350448974
v -0.0290782787 0.0510319281 0.0350448974
v -0.0411232735 0.0509135146 0.0349161313
v -0.0170452813 0.0509565718 0.0349805144
v 0.00902421358 0.0507843324 0.0348276064
v 0.0210572101 0.0507089797 0.0347471312
v -0.0431267744 0.0507843324 0.0347873724
v 0.023060711 0.0506982145 0.0347229894
v 0.0330902075 0.0506120931 0.0346344645
v 0.0411162067 0.0504506189 0.0344493722
v 0.0431197041 0.0503106715 0.0342884217
v 0.0431197041 0.0511180496 0.0330973783
v 0.0431197041 0.0519577196 0.0316649093
v -0.0451302717 0.0506120931 0.0346022801
v 0.0451352006 0.0522483724 0.0303209652
v 0.0462029375 0.0521622545 0.0301197735
v 0.0451352006 0.0526143851 0.0290816381
v 0.0471387015 0.052668211 0.0270777911
v 0.050137955 0.0521514893 0.0260396539
v 0.0493341534 0.0523883198 0.0252509902
v -0.0491132788 0.0507735672 0.0332100451
v -0.0524364492 0.0502783795 0.0322765268
v -0.0511527701 0.0505259716 0.0326225767
v -0.0470857867 0.0514948238 0.0329525273
v -0.0551597719 0.0512795237 0.021058202
v -0.056491437 0.0504075581 0.0230700969
v -0.056443451 0.0503752626 0.025073944
v -0.056299486 0.050246084 0.0270777911
v -0.0544639449 0.0503322019 0.0304416816
v -0.0531202806 0.0506336234 0.0311015827
v -0.0557956137 0.0498908365 0.0294518263
v -0.0572952386 0.0492772317 0.0270777911
v -0.0581950122 0.0481684357 0.0281561677
v -0.0570552981 0.0490296361 0.028799973
v -0.0471337727 0.050396793 0.0343688969
v 0.0471387015 0.0478131917 -0.0358462275
v 0.0455910869 0.0480177267 -0.0360071779
v 0.0491422024 0.048609801 -0.0345747089
v 0.0450032347 0.0472641745 -0.036626845
v 0.0431197041 0.0471349959 -0.0369648453
v 0.0411162067 0.0471349959 -0.0371901716
v 0.0330902075 0.0471349959 -0.0373752711
v -0.0050122843 0.0488573967 -0.0366429372
v -0.0170452813 0.048932753 -0.0366831784
v -0.0290782787 0.0489650485 -0.0366992706
v -0.031093777 0.0489650485 -0.0366992706
v -0.0411232735 0.0488466315 -0.0366107457
v -0.0431267744 0.0487066877 -0.0365141783
v -0.0451302717 0.0485236832 -0.0363854194
v -0.046785861 0.0483299134 -0.0362405611
v 0.0502819165 0.0521945501 0.0247037558
v 0.0503539008 0.0522160804 0.0230700969
v 0.0503658964 0.0522160804 0.021058202
v 0.0503778956 0.0522268456 -0.00500790613
v 0.0503898912 0.0522268456 -0.0110274948
v 0.0503898912 0.0522268456 -0.0170470839
v 0.0513976394 0.0519146589 -0.0170470839
v 0.0513616491 0.0519038937 -0.0210628259
v 0.0513376543 0.0518931285 -0.0230666729
v 0.0531611998 0.0511934023 -0.0230666729
v 0.0531611998 0.0511072844 -0.02507052
v 0.0531611998 0.0508812191 -0.027082415
v 0.053137205 0.0504613841 -0.0289655492
v 0.0524413781 0.0502783795 -0.0303658267
v 0.0516135852 0.0499338972 -0.0317017283
v 0.0531611998 0.0485775055 -0.0326674382
v 0.0511337041 0.0491480531 -0.0330939562
v 0.0491422024 0.0496109488 -0.0334078146
v -0.0473257273 0.0473395308 -0.0367395118
v -0.0491492691 0.046930461 -0.0365785613
v -0.0491492691 0.0479316052 -0.0359588942
v -0.0511527701 0.0474579478 -0.0356369933
v -0.053072291 0.04708117 -0.0350817093
v -0.0539360778 0.0479961963 -0.0339711411
v -0.0554476984 0.0473933567 -0.0333353818
v -0.0560955358 0.0460584954 -0.0340435738
v -0.0567073828 0.0467905172 -0.0327076722
v -0.0580510507 0.0459077864 -0.0318626788
v -0.0573192334 0.0472964701 -0.031299345
v -0.0579670708 0.0478562525 -0.029086262
v -0.0569593226 0.0489219878 -0.029086262
v -0.0581470262 0.0481038481 -0.0278952205
v -0.0572112587 0.0491695835 -0.0272514151
v -0.0582310026 0.0482222616 -0.0265593224
v -0.0573672194 0.0493095273 -0.02507052
v -0.0564314519 0.0503644974 -0.0210628259
v -0.056443451 0.0503752626 -0.0190509309
v -0.0564554466 0.0503752626 -0.0150432368
v -0.056491437 0.0504075581 0.021058202
v -0.0574152089 0.049352588 -0.0230666729
v -0.0574272045 0.0493741184 -0.0210628259
v -0.031093777 0.0500846062 0.0360508413
v -0.0290782787 0.0500846062 0.0360427916
v -0.0170452813 0.0500200187 0.0359864583
v -0.0411232735 0.0499338972 0.0359140327
v 0.00902421358 0.0498585409 0.0358335575
v 0.023060711 0.0497616578 0.0357289404
v -0.0431267744 0.0497939534 0.0357852738
v 0.0330902075 0.0496755364 0.0356323658
v 0.0411162067 0.0494925318 0.0354553232
v 0.0431197041 0.0493310576 0.0352943728
v 0.0444393772 0.0502030232 0.0341677053
v 0.045123205 0.0507089797 0.0332422366
v 0.0451352006 0.0518070106 0.0313188666
v -0.0451302717 0.0496001837 0.035608224
v 0.0469827408 0.0516455328 0.0309084408
v 0.0491422024 0.0510534584 0.0310935331
v 0.0475466019 0.0520330723 0.0296449683
v 0.0469827408 0.0523129635 0.0290172587
v 0.0483983895 0.0522160804 0.0283090702
v 0.0488302811 0.0523129635 0.0270777911
v 0.0498260301 0.052076133 0.0270777911
v 0.0511457033 0.0516885936 0.0270777911
v 0.051025733 0.051925424 0.0252509902
v -0.048429451 0.0502353188 0.0341918543
v -0.0497611162 0.0500200187 0.0339584711
v -0.0511527701 0.0497508927 0.0336285206
v -0.0537801136 0.0499554276 0.0317775761
v -0.0532042569 0.0491803486 0.0331295699
v -0.0574991853 0.0494494711 0.0230700969
v -0.0574511993 0.0494064139 0.025073944
v -0.0551477727 0.0494817666 0.0311015827
v -0.0565034362 0.048459092 0.0310935331
v -0.0582669965 0.0482760875 0.0270777911
v -0.057943076 0.0478454873 0.0294920657
v -0.0588908391 0.0471349959 0.0270777911
v -0.0585429275 0.0471565263 0.0289287338
v -0.0583869668 0.046510626 0.0305623909
v -0.0471337727 0.0493418228 0.035374848
v 0.0471387015 0.0468120475 -0.0365705117
v 0.0491422024 0.0474902398 -0.03558066
v 0.0491422024 0.0464890956 -0.0363532278
v 0.0506658221 0.0483514402 -0.0343091414
v 0.0431197041 0.0456601907 -0.0378742218
v 0.0451352006 0.0454018299 -0.0377374132
v 0.0411162067 0.0458754908 -0.0379788388
v 0.0330902075 0.0460261998 -0.0380593141
v 0.00902421358 0.0472318825 -0.0375684131
v -0.0050122843 0.0473287656 -0.0376408386
v -0.0170452813 0.0473825915 -0.0376891223
v -0.0290782787 0.0473933567 -0.037697172
v -0.031093777 0.0473933567 -0.037697172
v -0.0411232735 0.0472534093 -0.0376166968
v -0.0430427945 0.0469627565 -0.0376005974
v -0.0451302717 0.0471349959 -0.0372384625
v 0.0513616491 0.0519146589 0.0230700969
v 0.0513736447 0.0519146589 0.021058202
v 0.0513976394 0.0519146589 -0.0130393897
v 0.0531611998 0.0512579934 0.0190543549
v 0.0531611998 0.0512472282 -0.0170470839
v 0.0531611998 0.051236463 -0.0190509309
v 0.0531611998 0.0512149326 -0.0210628259
v 0.0547328091 0.0504721492 -0.0210628259
v 0.0546968151 0.0504506189 -0.0230666729
v 0.0546128388 0.0504075581 -0.02507052
v 0.0544208842 0.0502891447 -0.027082415
v 0.0542289332 0.050192258 -0.0282171231
v 0.0537850424 0.0499661928 -0.0295530212
v 0.053137205 0.0495894185 -0.0310579194
v 0.054360899 0.0482653223 -0.0322650549
v 0.0531611998 0.0477486006 -0.0336733821
v 0.0519974909 0.0480715526 -0.0340274745
v -0.0471337727 0.0454341254 -0.0378017891
v -0.0451302717 0.0458001345 -0.0379627395
v -0.0490053077 0.0449712297 -0.0376166968
v -0.0511527701 0.0464460348 -0.0362968945
v -0.0521965087 0.0461661436 -0.0361198447
v -0.0535281774 0.0456063648 -0.0358301353
v -0.0547638706 0.0466613349 -0.0344942337
v -0.055183763 0.0451649994 -0.035129993
v -0.0565394266 0.0447128689 -0.0344298578
v -0.0572952386 0.0453049432 -0.0332227151
v -0.058362972 0.0445621599 -0.0324018635
v -0.0586508986 0.045197295 -0.0311544868
v -0.058362972 0.0464568 -0.0305267771
v -0.0585549231 0.0468443395 -0.029086262
v -0.058638903 0.0473180004 -0.0271709381
v -0.0582909877 0.0482976179 -0.02507052
v -0.0589028383 0.0471349959 -0.02507052
v -0.0574511993 0.0493956487 -0.0170470839
v -0.0574991853 0.0494494711 0.021058202
v -0.0583269817 0.0483514402 -0.0230666729
v -0.0583389773 0.0483729706 -0.0210628259
v -0.031093777 0.049083462 0.0368314589
v -0.0411232735 0.048932753 0.0367107425
v -0.0290782787 0.0490726968 0.0368314589
v -0.0170452813 0.0490188709 0.0367992674
v 0.00902421358 0.0488573967 0.0366866006
v -0.0431267744 0.0487820404 0.0366061254
v 0.0210572101 0.0487712752 0.0366222176
v 0.0330902075 0.0486743921 0.0365658842
v -0.0451302717 0.0485882707 0.0364612671
v 0.0411162067 0.0484913876 0.0364129834
v 0.0431197041 0.0483299134 0.0362681251
v 0.0444753676 0.0482114964 0.0361635081
v 0.0458070363 0.0480715526 0.0360508413
v 0.0471387015 0.0489219878 0.0349000392
v 0.0457830415 0.050073841 0.0340067548
v 0.0471387015 0.0506120931 0.0327996193
v -0.0471337727 0.048340675 0.0362681251
v 0.0491422024 0.0503644974 0.032421385
v 0.0502939157 0.0502030232 0.0321719097
v 0.0510377286 0.0504936796 0.0310854834
v 0.0511457033 0.0512472282 0.0290816381
v 0.0490942128 0.0518500677 0.0290172587
v 0.0531611998 0.050967337 0.0270777911
v 0.0531611998 0.0511826371 0.025073944
v -0.0490173033 0.0491049924 0.0350690393
v -0.0482614912 0.0481792008 0.0361393662
v -0.0511527701 0.0487497484 0.034666656
v -0.0526284039 0.0484052661 0.0343447551
v -0.0561675201 0.0481469053 0.0320994841
v -0.0551597719 0.0485021528 0.0325179524
v -0.0539720682 0.0480177267 0.0339906627
v -0.0583989624 0.0484483269 0.0230700969
v -0.058362972 0.0484052661 0.025073944
v -0.0575711696 0.0471565263 0.0311740083
v -0.059058799 0.0471349959 0.025073944
v -0.0596826416 0.0451327039 0.0270777911
v -0.0593827159 0.0451327039 0.0290816381
v -0.0586868889 0.045197295 0.0311740083
v -0.0580630463 0.0459185516 0.0318982925
v 0.0470787163 0.0449819949 -0.0376327889
v 0.0491422024 0.0451327039 -0.0371338382
v 0.0503898912 0.0462522651 -0.0361842277
v 0.0511936892 0.0471565263 -0.035129993
v 0.0431197041 0.0446590429 -0.0383570731
v 0.0451352006 0.0444006857 -0.0382444064
v 0.0463828894 0.0442176775 -0.0381558815
v 0.0411162067 0.044874343 -0.0384616902
v 0.0330902075 0.0450250556 -0.0385260732
v 0.00902421358 0.0462307347 -0.0381639311
v -0.0050122843 0.0463276214 -0.0382122148
v -0.0170452813 0.0463814437 -0.0382444064
v -0.0290782787 0.0463922089 -0.0382444064
v -0.031093777 0.0463922089 -0.0382444064
v -0.0411232735 0.0462522651 -0.0381719808
v -0.0423109772 0.0461769088 -0.0381317396
v -0.0436426459 0.0460154346 -0.0380593141
v 0.0531611998 0.0512472282 0.0230700969
v 0.0531611998 0.0512579934 0.021058202
v 0.0548047898 0.0504936796 0.021058202
v 0.0547568003 0.0504829144 -0.0170470839
v 0.0557525529 0.0498908365 -0.0190509309
v 0.0557285581 0.0498800713 -0.0210628259
v 0.0556925678 0.0498585409 -0.0230666729
v 0.055620587 0.0498047186 -0.02507052
v 0.0554166368 0.0496755364 -0.027082415
v 0.0564963658 0.0484160313 -0.029086262
v 0.05500874 0.0494494711 -0.0289655492
v 0.0562444297 0.0482114964 -0.0302129259
v 0.0550807208 0.0485559751 -0.0309693945
v 0.0556925678 0.0478024266 -0.0315488204
v 0.056508365 0.0464568 -0.0324581969
v 0.0550687252 0.04708117 -0.0330295731
v 0.054444879 0.0463491518 -0.0342930492
v 0.0531611998 0.0467474564 -0.0346310423
v 0.0517335555 0.0458970212 -0.0359508446
v -0.0471337727 0.0444329776 -0.0382363567
v -0.0482494956 0.0441853856 -0.0381397893
v -0.0451302717 0.0447989903 -0.0383892646
v -0.0495931599 0.0437224898 -0.0379868813
v -0.0511527701 0.0451327039 -0.0369487459
v -0.0529763155 0.0450142904 -0.0363532278
v -0.0542839895 0.0442715035 -0.0361681284
v -0.0556636442 0.0431304119 -0.0357979438
v -0.0569353278 0.0431304119 -0.0347919927
v -0.057943076 0.0431304119 -0.0338182404
v -0.0581590218 0.0420646765 -0.0340838079
v -0.0585909134 0.0431304119 -0.0328122893
v -0.0593227307 0.0431304119 -0.0310901109
v -0.0592747448 0.0451327039 -0.029086262
v -0.0595386765 0.0451327039 -0.027082415
v -0.0589748191 0.0471349959 -0.0230666729
v -0.0596466512 0.0451327039 -0.02507052
v -0.0583509729 0.0483837358 -0.0190509309
v -0.0583509729 0.0483945009 -0.0170470839
v -0.0589988138 0.0471349959 -0.0210628259
v -0.059022805 0.0471349959 -0.0190509309
v -0.031093777 0.0476840095 0.0378374028
v -0.0411232735 0.047501005 0.0377166935
v -0.0290782787 0.0476840095 0.0378293603
v -0.0170452813 0.0476409524 0.0377971687
v 0.00902421358 0.0474902398 0.0376925445
v 0.023060711 0.0474041219 0.0376201189
v 0.0330902075 0.0473395308 0.0375637856
v -0.0431267744 0.0473287656 0.0376120693
v -0.0450702902 0.0469735217 0.0375557359
v 0.040444371 0.0461984392 0.0381512612
v 0.0411162067 0.0469735217 0.037531594
v 0.0431197041 0.0471349959 0.0371453101
v 0.0451352006 0.0472964701 0.0367268418
v 0.0471387015 0.0468981654 0.0366624588
v 0.0471387015 0.0478993132 0.035905983
v 0.0471387015 0.049923132 0.0337975207
v 0.0491422024 0.0486420966 0.0346183723
v -0.0471337727 0.0471349959 0.0370728845
v 0.0491422024 0.0496432408 0.0334273289
v 0.0511816936 0.0491588183 0.0331215202
v 0.05163758 0.0499554276 0.0317453845
v 0.0525133624 0.0502999063 0.0304094901
v 0.0531731954 0.0505044448 0.0290333526
v 0.0543009139 0.0502245536 0.028325166
v 0.0545288589 0.050342967 0.0270777911
v 0.0547328091 0.0504613841 0.025073944
v 0.0548047898 0.0504936796 0.0230700969
v -0.0495931599 0.04792084 0.0359462242
v -0.0490173033 0.0472103522 0.0365819835
v -0.0511527701 0.0475548309 0.0356645574
v -0.0531442754 0.0471349959 0.0351012308
v -0.0523044834 0.0462414999 0.0361715577
v -0.0565874161 0.0471349959 0.0325742858
v -0.0561195306 0.0460800258 0.0340630882
v -0.0553397273 0.0472641745 0.0336124284
v -0.0547878618 0.0466828653 0.0345137552
v -0.0590348042 0.0471349959 -0.0170470839
v -0.0591067849 0.0471349959 0.021058202
v -0.0591067849 0.0471349959 0.0230700969
v -0.0598026119 0.0451327039 0.025073944
v -0.0600665472 0.0433672423 0.0270777911
v -0.0599225822 0.0429366421 0.028896544
v -0.0593347299 0.0431304119 0.0310935331
v -0.058362972 0.044572925 0.0323811438
v -0.0572952386 0.0453264736 0.0332261444
v 0.0477145581 0.0439485551 -0.0380432147
v 0.0491422024 0.0435717772 -0.037890314
v 0.0510977137 0.0451865298 -0.0365705117
v 0.0431197041 0.0431304119 -0.0389686906
v 0.0451352006 0.0431304119 -0.0387353074
v 0.0470787163 0.0432165333 -0.0384214562
v 0.0411162067 0.0431304119 -0.0391537829
v 0.0330902075 0.0431304119 -0.0392664496
v 0.00902421358 0.0451327039 -0.0386548322
v -0.0050122843 0.0451327039 -0.0387514067
v -0.0170452813 0.0451327039 -0.0387916408
v -0.031093777 0.0451327039 -0.0387755486
v -0.0411232735 0.0451327039 -0.03863874
v -0.0430427945 0.0452618861 -0.0384294987
v 0.0558125381 0.0499338972 0.021058202
v 0.0571562024 0.048932753 0.021058202
v 0.0570722225 0.0488896923 -0.0190509309
v 0.0570602269 0.0488789271 -0.0210628259
v 0.0570362321 0.0488573967 -0.0230666729
v 0.0569642514 0.0488035708 -0.02507052
v 0.0568082907 0.0486743921 -0.027082415
v 0.0578040398 0.0477486006 -0.027082415
v 0.0574921185 0.0474471826 -0.029086262
v 0.0582359314 0.0462092044 -0.0302209684
v 0.0570482313 0.0470058173 -0.0308889192
v 0.0557885433 0.0458001345 -0.033802141
v 0.0578400337 0.0457140167 -0.0315568701
v 0.0571442068 0.0450896431 -0.0330617646
v 0.0551407059 0.0451327039 -0.0347356593
v 0.0540849681 0.0440562034 -0.036071561
v 0.0533171604 0.0451865298 -0.0357094189
v 0.0527533029 0.0445621599 -0.0363532278
v -0.0451302717 0.0431304119 -0.0389606409
v -0.0471337727 0.0431304119 -0.0386628818
v -0.0490053077 0.0430873547 -0.0383168319
v -0.0431267744 0.0431304119 -0.0391859744
v -0.0504329519 0.0423876285 -0.0381961227
v -0.0511167797 0.0430873547 -0.037761555
v -0.053156271 0.0431304119 -0.0370372708
v -0.0546558959 0.0431304119 -0.0363773697
v -0.0560355506 0.0417955541 -0.0360313198
v -0.0582909877 0.0407190536 -0.0342447583
v -0.0587348785 0.0412788324 -0.0332870981
v -0.0572112587 0.041257302 -0.0351380426
v -0.0574152089 0.0391150662 -0.0354036102
v -0.059670646 0.0411173582 -0.0310901109
v -0.0597786171 0.0431304119 -0.029086262
v -0.0599585725 0.0431304119 -0.027082415
v -0.0597066364 0.0451327039 -0.0230666729
v -0.0600305569 0.0431304119 -0.02507052
v -0.0597306311 0.0451327039 -0.0210628259
v -0.0597546259 0.0451327039 -0.0190509309
v -0.031093777 0.0466828653 0.0384168287
v -0.0290782787 0.0466828653 0.0384168287
v -0.0170452813 0.0466398046 0.0384007365
v -0.0411232735 0.0464998608 0.0383122116
v -0.0431267744 0.0463276214 0.038215637
v -0.0050122843 0.0465644519 0.038368545
v 0.00902421358 0.0464890956 0.0383202613
v 0.0330902075 0.0463383866 0.0382397861
v -0.0443504685 0.046187674 0.0381432115
v -0.0456941328 0.0460046695 0.0380466441
v 0.0411162067 0.045294178 0.0385375451
v 0.0417880389 0.0460692606 0.0380707859
v 0.0330902075 0.0451327039 0.0388433538
v 0.0431197041 0.0459185516 0.0379903107
v 0.0451352006 0.0456601907 0.0378454524
v 0.0471387015 0.0453372388 0.0376603601
v 0.0491422024 0.0465752171 0.0364290756
v 0.0491422024 0.0475763613 0.0356243233
v 0.0507378029 0.0483729706 0.0343447551
v -0.0471337727 0.0457247818 0.037917878
v 0.0520814672 0.0481146133 0.0340630882
v 0.0531611998 0.0486205662 0.0327352363
v 0.0544208842 0.0482976179 0.0323087183
v 0.0531731954 0.0496432408 0.0310854834
v 0.0538570267 0.0500092535 0.0296691119
v 0.0550447304 0.0495355926 0.0290333526
v 0.0566043405 0.0484913876 0.0290816381
v 0.0555246115 0.0497616578 0.0270777911
v 0.0557405573 0.0498908365 0.025073944
v 0.0558005425 0.0499338972 0.0230700969
v -0.0511527701 0.0465536867 0.0363727422
v -0.0492332491 0.0450896431 0.0377327857
v -0.0536481477 0.0456817211 0.0358576993
v -0.0530482963 0.0450573512 0.0364532174
v -0.0511527701 0.0451327039 0.0371453101
v -0.0552317526 0.0452080602 0.0351495145
v -0.056527431 0.0447451644 0.0344413297
v -0.0597666215 0.0451327039 -0.0170470839
v -0.0598386022 0.0451327039 0.0230700969
v -0.0601145332 0.0436256032 0.025073944
v -0.0602105051 0.0423660981 0.0270777911
v -0.0601865139 0.042150798 0.0281078822
v -0.0600785428 0.0411173582 0.0294276845
v -0.059670646 0.0411173582 0.0310935331
v -0.0586748933 0.0411173582 0.0332502863
v -0.0585669222 0.0431304119 0.0327513356
v -0.0578950865 0.0431304119 0.0337572795
v 0.0491422024 0.042570633 -0.0382765979
v 0.0510377286 0.042990468 -0.0376327889
v 0.0502939157 0.0422261543 -0.0381558815
v 0.0431197041 0.0411173582 -0.039580308
v 0.0451352006 0.0411173582 -0.0393549745
v 0.0471387015 0.0411173582 -0.0390733076
v 0.0411162067 0.0411173582 -0.0397573506
v 0.0330062276 0.0409343537 -0.0399022089
v 0.00902421358 0.0431304119 -0.0394193504
v -0.0050122843 0.0431304119 -0.0394917831
v -0.0170452813 0.0431304119 -0.0395239746
v -0.031093777 0.0431304119 -0.0394676413
v -0.0411232735 0.0431304119 -0.0393469248
v 0.0571442068 0.048932753 0.0230700969
v 0.058151955 0.0481253749 0.021058202
v 0.0580799707 0.0480500222 -0.0150432368
v 0.0580679751 0.048039257 -0.0190509309
v 0.0580679751 0.0480177267 -0.0210628259
v 0.0580319848 0.0479961963 -0.0230666729
v 0.0579719996 0.04792084 -0.02507052
v 0.058619837 0.0467474564 -0.027082415
v 0.0584038912 0.0464460348 -0.029086262
v 0.0591597033 0.0451327039 -0.029086262
v 0.0585598519 0.0450788779 -0.0309693945
v 0.0583199113 0.0443791553 -0.0323213883
v 0.0564363807 0.0444652732 -0.0343332832
v 0.0533171604 0.0432811244 -0.0367234124
v 0.0552606762 0.0432811244 -0.0357657523
v 0.0546488292 0.042721342 -0.03636932
v -0.0451302717 0.0411173582 -0.0394676413
v -0.0471337727 0.0411173582 -0.0391779247
v -0.0491492691 0.0411173582 -0.0387916408
v -0.0431267744 0.0411173582 -0.0396849251
v -0.0511167797 0.0409989412 -0.0383087894
v -0.0517646171 0.0415910192 -0.037994931
v -0.0530003103 0.0409989412 -0.0376810798
v -0.0552917377 0.0411281234 -0.0365946535
v -0.0562634956 0.0404606927 -0.0361842277
v -0.058410958 0.0391150662 -0.0343976663
v -0.0591427753 0.0391150662 -0.0330939562
v -0.0575591704 0.0371127742 -0.0355323763
v -0.0564074607 0.0391150662 -0.0362888448
v -0.0598506014 0.0391150662 -0.0310901109
v -0.060054548 0.0409558805 -0.0289172637
v -0.060138528 0.0414941325 -0.027082415
v -0.0600785428 0.0432595941 -0.0210628259
v -0.0601625227 0.0419247327 -0.02507052
v -0.0601745183 0.0420754417 -0.0238875263
v -0.060090542 0.0429689377 -0.023155196
v -0.060090542 0.0433241852 -0.0190509309
v -0.031093777 0.0451327039 0.0391411129
v -0.0290782787 0.0451327039 0.0391411129
v -0.0170452813 0.0451327039 0.0391250135
v -0.00300878407 0.0451327039 0.0390606376
v 0.00902421358 0.0451327039 0.0389962546
v 0.023060711 0.0451327039 0.0389157794
v -0.0411232735 0.0451327039 0.0389479709
v -0.0431267744 0.0451327039 0.0387628786
v -0.0450702902 0.0452511209 0.0384651124
v -0.0471337727 0.044723634 0.0383765947
v 0.0411162067 0.0431304119 0.0394952053
v 0.0431197041 0.0449066386 0.0385134033
v 0.0330902075 0.0431304119 0.0396722551
v 0.0451352006 0.0446590429 0.0383846372
v 0.0471387015 0.0443360946 0.0382236867
v 0.0481944393 0.04415309 0.0381271193
v 0.0489742425 0.0449496993 0.0374752607
v 0.0505338562 0.046306091 0.0362359336
v 0.0513016639 0.0472103522 0.0351736563
v -0.048621402 0.0443791553 0.0382236867
v 0.0518655214 0.0459831391 0.0360025576
v 0.0531611998 0.0468120475 0.0346988475
v 0.0531611998 0.0478131917 0.0337331376
v 0.0545048641 0.0463922089 0.0343286629
v 0.0551287103 0.0471242307 0.0330732365
v 0.056556351 0.046510626 0.0325099099
v 0.0557525529 0.0478454873 0.0316327178
v 0.0551167111 0.0486205662 0.0310130579
v 0.0563044148 0.0482545571 0.0302968233
v 0.0569402566 0.0487605136 0.0270777911
v 0.0576000932 0.0475763613 0.0290816381
v 0.0579360093 0.0479100748 0.0270777911
v 0.0570962173 0.0488896923 0.025073944
v -0.0499530708 0.0439916123 0.0380627363
v -0.054331979 0.0443468598 0.0362117918
v -0.053156271 0.0431304119 0.0372177428
v -0.0512847359 0.0432488289 0.0379017858
v -0.0557116337 0.0431304119 0.035801366
v -0.0568993374 0.0431304119 0.0347954221
v -0.060090542 0.0433780075 -0.0170470839
v -0.060090542 0.0434103031 -0.0150432368
v -0.0601265324 0.0436578987 0.021058202
v -0.0601265324 0.0436794291 0.0230700969
v -0.0602345106 0.0426244589 0.025073944
v -0.0603544809 0.0411173582 0.025073944
v -0.0603064842 0.0411173582 0.0270777911
v -0.0602225007 0.0411173582 0.028421737
v -0.0601505271 0.0395671968 0.0298461581
v -0.0589988138 0.0391150662 0.0330973783
v -0.0599105866 0.0389858876 0.0309084408
v -0.0582310026 0.0404499276 0.0341677053
v -0.0581110359 0.0417955541 0.0340148045
v 0.0491422024 0.0411173582 -0.0387111655
v 0.05163758 0.0415910192 -0.0379627395
v 0.0510377286 0.0409989412 -0.0382926901
v 0.0432516735 0.0390935359 -0.0399987763
v 0.0411162067 0.0397932621 -0.0400631593
v 0.0451352006 0.0391150662 -0.0397895422
v 0.0471387015 0.0391150662 -0.039515925
v 0.0491422024 0.0391150662 -0.0391618325
v 0.0322744103 0.040148506 -0.0401275424
v 0.00902421358 0.041311128 -0.0399344004
v -0.00300878407 0.041408011 -0.0399585423
v -0.0050122843 0.0414295414 -0.0399585423
v -0.0170452813 0.0414726021 -0.0399746344
v -0.0290782787 0.0412895976 -0.0399424429
v -0.031093777 0.0412250065 -0.0399344004
v -0.0411232735 0.0411173582 -0.0398378259
v 0.058151955 0.0481146133 0.0230700969
v 0.0588717732 0.0471242307 0.021058202
v 0.058847782 0.0470596396 -0.00701980063
v 0.0588357828 0.0470488744 -0.0130393897
v 0.0580799707 0.048039257 -0.0170470839
v 0.0588237872 0.0470381092 -0.0170470839
v 0.0587997924 0.0470165824 -0.0210628259
v 0.0587757977 0.0469950521 -0.0230666729
v 0.0587278117 0.0469196958 -0.02507052
v 0.0595316097 0.0451327039 -0.027082415
v 0.0600834716 0.0437763122 -0.027082415
v 0.0599515058 0.0431088851 -0.0291586912
v 0.0593876447 0.0431304119 -0.0310901109
v 0.058151955 0.0420754417 -0.0340838079
v 0.0578640249 0.0431304119 -0.0337538573
v 0.0585958422 0.0431304119 -0.0327479134
v 0.0568562767 0.0431304119 -0.034703475
v 0.0559924935 0.0418170845 -0.0359991354
v 0.0530172347 0.0409989412 -0.0376488883
v 0.0552606762 0.0411388886 -0.0366027032
v -0.0451302717 0.0391150662 -0.039813684
v -0.0471337727 0.0391150662 -0.0395239746
v -0.0491492691 0.0391150662 -0.0391376907
v -0.0511527701 0.0391150662 -0.0386306903
v -0.0411232735 0.0398147924 -0.0400792587
v -0.0432107508 0.039104301 -0.0400148756
v -0.0522325026 0.0402561578 -0.0381397893
v -0.0534681923 0.0391150662 -0.0378420303
v -0.0551597719 0.0391150662 -0.0370211787
v -0.0584949379 0.0371127742 -0.0345264252
v -0.0592987395 0.0371127742 -0.0330939562
v -0.0576551495 0.035099717 -0.0356048018
v -0.0565634213 0.0371127742 -0.0364015115
v -0.0551597719 0.0371127742 -0.037246505
v -0.0599465769 0.0371127742 -0.0310901109
v -0.0601625227 0.0371127742 -0.029850782
v -0.0601145332 0.0391150662 -0.0294001186
v -0.0601865139 0.0401808015 -0.0281366479
v -0.0601985095 0.0404929883 -0.027082415
v -0.0601985095 0.0422584463 -0.0210628259
v -0.0602225007 0.0409128233 -0.02507052
v -0.0602345106 0.0412895976 -0.023155196
v -0.0601865139 0.0421938587 -0.0225516283
v -0.0602105051 0.0423768633 -0.0170470839
v -0.031093777 0.0431842378 0.039841248
v -0.0170452813 0.0432165333 0.039841248
v -0.0411232735 0.0431304119 0.0396883473
v 0.00902421358 0.0431304119 0.0397849218
v 0.0210572101 0.0431304119 0.039736631
v 0.023060711 0.0431304119 0.0397285885
v -0.0431267744 0.0431304119 0.0395112975
v -0.0451302717 0.0431304119 0.0392698718
v -0.0471337727 0.0431304119 0.0389560206
v 0.0411162067 0.0416017808 0.0399861063
v 0.0431197041 0.0431304119 0.0392859711
v 0.0330902075 0.0419462631 0.0400746312
v 0.0451352006 0.0431304119 0.0390364958
v 0.0471387015 0.0431304119 0.0387226374
v 0.0489742425 0.0431088851 0.0383604953
v 0.049526108 0.0437655506 0.0379581192
v 0.0511816936 0.0452403557 0.0366785509
v -0.0492332491 0.0432488289 0.0384812117
v 0.0531611998 0.0445190991 0.0363405579
v 0.0541809436 0.0441423248 0.0361152244
v 0.0531611998 0.0455310085 0.0356967489
v 0.05500874 0.0449927601 0.0350127059
v 0.0558485284 0.0458324301 0.0338458044
v 0.0571801972 0.0451327039 0.033105428
v 0.0578880197 0.045767839 0.0316568668
v 0.0570962173 0.0470704048 0.0309808663
v 0.0582959165 0.0462845607 0.0303209652
v 0.0580919699 0.0480607874 0.025073944
v 0.0585118659 0.0465752171 0.0290816381
v 0.0587398073 0.0468981654 0.0270777911
v -0.0507088829 0.0426567545 0.0382880698
v -0.0547038855 0.0431304119 0.0364451749
v -0.0531082814 0.0412250065 0.0377810694
v -0.0520525472 0.0419570283 0.0380788284
v -0.0560475498 0.0417632585 0.0360266995
v -0.0602105051 0.0424091588 -0.0150432368
v -0.0602345106 0.0426567545 0.021058202
v -0.0602345106 0.0426782849 0.0230700969
v -0.0603544809 0.0411173582 0.021058202
v -0.0604384501 0.0391150662 0.025073944
v -0.0604024633 0.0391150662 0.0270777911
v -0.060342471 0.0371127742 0.0290816381
v -0.0602585018 0.0389858876 0.0291379715
v -0.0601865139 0.0382323354 0.030111731
v -0.0599225822 0.0371127742 0.0311901076
v -0.0591187841 0.0371127742 0.0330973783
v -0.0583749676 0.0371127742 0.0343608473
v -0.0583029869 0.0391150662 0.0342642799
v -0.0573552238 0.0391150662 0.0352702237
v -0.0562395008 0.0404283972 0.0361715577
v 0.0522614226 0.0402561578 -0.038147839
v 0.0511457033 0.0391150662 -0.0386870237
v 0.044007482 0.0380062702 -0.0401034005
v 0.0426758169 0.0384045748 -0.0401677764
v 0.0411162067 0.0387921143 -0.0402321595
v 0.0452311797 0.0372419564 -0.0400470672
v 0.0471387015 0.0371127742 -0.0397975918
v 0.0491422024 0.0371127742 -0.0394515419
v 0.0511457033 0.0371127742 -0.0389928324
v 0.0330062276 0.03925501 -0.0402563013
v 0.023060711 0.0391150662 -0.0403126347
v -0.0050122843 0.0391150662 -0.0404092093
v -0.0050122843 0.0404283972 -0.0401919183
v -0.0170452813 0.0404606927 -0.0401919183
v -0.0290782787 0.0402884534 -0.0401516842
v -0.031093777 0.0402238623 -0.0401436346
v 0.0588357828 0.0470596396 0.025073944
v 0.0588717732 0.0471134655 0.0230700969
v 0.0598795214 0.0454556558 0.021058202
v 0.0598795214 0.0454556558 0.0190543549
v 0.0598555302 0.0454018299 -0.00300405884
v 0.0598435311 0.0453802995 -0.0090236477
v 0.0598315355 0.045348004 -0.0150432368
v 0.0598195363 0.0453264736 -0.0190509309
v 0.0598075407 0.045294178 -0.0210628259
v 0.0597835459 0.0452295905 -0.0230666729
v 0.0598075407 0.0449604645 -0.0250302824
v 0.060155456 0.0440239078 -0.0256740896
v 0.0603234158 0.0427644028 -0.027082415
v 0.0602514279 0.042419924 -0.0285470737
v 0.0601434568 0.0419139675 -0.0298829736
v 0.0588597776 0.0412895976 -0.0332870981
v 0.059927511 0.0411927109 -0.0310418272
v 0.0583679008 0.0407405804 -0.0343332832
v 0.0572401823 0.0412788324 -0.0351702342
v 0.0563164104 0.0404714579 -0.0362164192
v 0.0535810958 0.0391150662 -0.0378983636
v 0.0551647007 0.0391150662 -0.0371579873
v -0.0471337727 0.0371127742 -0.0397412585
v -0.0439305725 0.0378986219 -0.0401034005
v -0.0451182762 0.0371773653 -0.0400229253
v -0.0491492691 0.0371127742 -0.0393630242
v -0.0511527701 0.0371127742 -0.0388560238
v -0.052460444 0.0391150662 -0.0382283142
v -0.0411232735 0.0388028795 -0.0402080176
v -0.0425869081 0.03841534 -0.0401597339
v -0.031093777 0.0391150662 -0.0402965425
v -0.0537561224 0.0371127742 -0.037954697
v -0.0527603697 0.0371127742 -0.0383409809
v -0.0585549231 0.035099717 -0.0345988507
v -0.0593827159 0.035099717 -0.0330939562
v -0.0566474013 0.035099717 -0.0364658946
v -0.0566953872 0.0330974286 -0.0364980861
v -0.0576911399 0.0330974286 -0.0356450358
v -0.0551597719 0.035099717 -0.0373672214
v -0.053912083 0.035099717 -0.0380190729
v -0.0600185577 0.0330974286 -0.0312108201
v -0.0600305569 0.0352611948 -0.0309211108
v -0.0601745183 0.0360255085 -0.0300680676
v -0.0602345106 0.0371127742 -0.0288448346
v -0.0603184798 0.0371127742 -0.027082415
v -0.0602585018 0.0391150662 -0.027082415
v -0.0603064842 0.0391150662 -0.02507052
v -0.060282493 0.0411173582 -0.0190509309
v -0.0602944886 0.0411173582 -0.0170470839
v -0.0603304754 0.0391150662 -0.0230666729
v -0.0603064842 0.0411173582 -0.0110274948
v -0.0321855052 0.0421615632 0.0401309646
v -0.031093777 0.0421830936 0.0401390143
v -0.0170452813 0.0422153891 0.0401470568
v -0.00300878407 0.0431519422 0.0398171062
v 0.00902421358 0.0421077373 0.0401148724
v -0.0411232735 0.0418063193 0.040058539
v 0.023060711 0.0420216194 0.0400907234
v -0.0431267744 0.0413864807 0.0399700141
v -0.0471337727 0.0411173582 0.0394871556
v -0.0449383207 0.0409235885 0.0398573474
v -0.0491492691 0.0411173582 0.0390847795
v 0.0411162067 0.0406006366 0.0402355817
v 0.0426398265 0.0403315105 0.0401712058
v 0.0432276788 0.0410420019 0.0399217304
v 0.0451352006 0.0411173582 0.0396802976
v 0.0330902075 0.0409451189 0.0403080144
v 0.0471387015 0.0411173582 0.0393825385
v 0.0491422024 0.0411173582 0.0389962546
v 0.0505578474 0.0424306892 0.0382317364
v 0.0511936892 0.0431088851 0.0377569275
v 0.0531611998 0.0431304119 0.0370165512
v 0.054588844 0.0431304119 0.0363486004
v 0.0555845931 0.0431304119 0.0357450326
v 0.0564723746 0.0444975688 0.0343608473
v 0.0583559017 0.0444329776 0.032357002
v 0.0586558274 0.0451111735 0.03102915
v 0.0593756491 0.0451327039 0.0290816381
v 0.0598195363 0.0450142904 0.0272065518
v 0.0598435311 0.0453910647 0.025073944
v -0.0512847359 0.0412250065 0.0384731621
v -0.0552917377 0.0411065931 0.0366383169
v -0.0524004589 0.0406221669 0.038215637
v -0.0536841381 0.0391150662 0.0379017858
v -0.0603904677 0.0391150662 -0.0090236477
v -0.0604384501 0.0391150662 0.0230700969
v -0.0604744512 0.0371127742 0.025073944
v -0.0604624413 0.0371127742 0.0270777911
v -0.0603904677 0.035099717 0.0290816381
v -0.0602345106 0.035099717 0.0302968233
v -0.0599465769 0.035099717 0.0312947247
v -0.0591907649 0.035099717 0.0330973783
v -0.0574631949 0.0371127742 0.0353667983
v -0.058410958 0.035099717 0.0344091381
v -0.0563594711 0.0391150662 0.0362600755
v -0.0551597719 0.0391150662 0.0370567924
v 0.0525733475 0.0391150662 -0.0382605057
v 0.0446313282 0.0366714088 -0.0401758261
v 0.0432516735 0.0372419564 -0.0402563013
v 0.0411162067 0.0371127742 -0.0404413936
v 0.0330902075 0.0371127742 -0.0405379682
v 0.045962997 0.0357994432 -0.0400953509
v 0.0470307304 0.0351212474 -0.0399907338
v 0.0491422024 0.035099717 -0.0396285917
v 0.0511457033 0.035099717 -0.0391698822
v 0.0532331805 0.0369190045 -0.0383570731
v 0.0531611998 0.035099717 -0.0385421654
v -0.0050122843 0.0371127742 -0.0406506349
v -0.0170452813 0.0391150662 -0.0404092093
v 0.0210572101 0.0371127742 -0.0405782022
v 0.0598675258 0.0454556558 0.0230700969
v 0.0603114202 0.044454508 0.021058202
v 0.0603114202 0.044454508 0.0190543549
v 0.0602994246 0.044422216 0.00501132966
v 0.0602874147 0.0444006857 -0.00300405884
v 0.0602634235 0.0443360946 -0.0170470839
v 0.0602514279 0.0443145642 -0.0190509309
v 0.0602394323 0.0442822686 -0.0210628259
v 0.0602154411 0.0442284427 -0.0230666729
v 0.0601914499 0.0441746204 -0.0243301436
v 0.0603594026 0.0432595941 -0.0250302824
v 0.0607193134 0.0411173582 -0.02507052
v 0.0605993431 0.0411173582 -0.027082415
v 0.0603594026 0.0411927109 -0.0291586912
v 0.0602514279 0.040568341 -0.0303497345
v 0.0594356342 0.0391150662 -0.0330939562
v 0.0600594769 0.0391150662 -0.0316695368
v 0.057540108 0.0391150662 -0.0355565181
v 0.0585478563 0.0391150662 -0.0345586167
v 0.0565443554 0.0391150662 -0.0363773697
v 0.0539530022 0.0374572565 -0.0380351722
v 0.0549607505 0.0369190045 -0.0376086471
v -0.0458141031 0.035099717 -0.0400792587
v -0.0471337727 0.035099717 -0.0398780671
v -0.0411232735 0.0371127742 -0.0403770177
v -0.0432107508 0.0371773653 -0.0402160673
v -0.0444344484 0.0365637606 -0.0401516842
v -0.0491492691 0.035099717 -0.0394917831
v -0.0511527701 0.035099717 -0.0389847827
v -0.031093777 0.0371127742 -0.0405138263
v -0.0170452813 0.0371127742 -0.0406345356
v -0.0190487822 0.0371127742 -0.0406184434
v -0.0529163304 0.035099717 -0.0383973143
v -0.0585789178 0.0330974286 -0.0346471416
v -0.0594307054 0.0330974286 -0.0330939562
v -0.0551597719 0.0330974286 -0.037439647
v -0.0551597719 0.0310843714 -0.0374718385
v -0.0567073828 0.0310843714 -0.0365141783
v -0.0577151346 0.0310843714 -0.0356691849
v -0.0539960594 0.0330974286 -0.0380512644
v -0.0529883111 0.0330974286 -0.0384375483
v -0.0600305569 0.0310843714 -0.0312913025
v -0.0601985095 0.0330974286 -0.0302048762
v -0.0601865139 0.0346906472 -0.0301404932
v -0.0602465062 0.0352611948 -0.0292713561
v -0.0603784721 0.0330974286 -0.027082415
v -0.0603904677 0.035099717 -0.02507052
v -0.0603544809 0.0371127742 -0.02507052
v -0.060342471 0.0391150662 -0.0210628259
v -0.0603784721 0.0391150662 -0.0150432368
v -0.0603784721 0.0371127742 -0.0230666729
v -0.031093777 0.0411173582 0.0403401987
v -0.0411232735 0.0408051715 0.040251681
v -0.0170452813 0.0411173582 0.0403643478
v -0.0050122843 0.0411173582 0.0403482484
v 0.023060711 0.0410097064 0.0403241066
v -0.0431267744 0.0403853365 0.0401712058
v -0.0441345227 0.0401162104 0.0401148724
v -0.0471337727 0.0391150662 0.0398251559
v -0.0456341477 0.0391150662 0.040058539
v -0.0491492691 0.0391150662 0.0394227797
v -0.0511527701 0.0391150662 0.0388755454
v 0.0411162067 0.0391150662 0.0405091989
v 0.0330902075 0.0391150662 0.0406460075
v 0.0432276788 0.03925501 0.0402999647
v 0.0439714917 0.0400193274 0.0400987731
v 0.0451352006 0.0395887272 0.04003439
v 0.0469707452 0.038953592 0.0398734396
v 0.0491422024 0.0391150662 0.0394388719
v 0.0511457033 0.0391150662 0.0389318787
v 0.0511936892 0.041160419 0.0384409705
v 0.0518895162 0.0418601416 0.0380305447
v 0.053137205 0.041160419 0.0377569275
v 0.0552966666 0.0411819458 0.0366785509
v 0.0560524786 0.0418924372 0.0360347491
v 0.056892267 0.0431304119 0.0347390887
v 0.0578880197 0.0431304119 0.033789471
v 0.0581639506 0.0420969721 0.0340872301
v 0.0586438318 0.0431304119 0.0327915696
v 0.05965158 0.0430012332 0.0309486748
v 0.0600354857 0.0436901943 0.0290816381
v 0.0601674515 0.0440777337 0.0279549778
v 0.0602274367 0.0442715035 0.0266190798
v 0.0602874147 0.0443899205 0.025073944
v -0.0526763898 0.0391150662 0.0383363535
v -0.0539000839 0.0371127742 0.0379903107
v -0.0528923356 0.0371127742 0.038432928
v -0.0604264545 0.0371127742 -0.0130393897
v -0.0604744512 0.0371127742 0.0190543549
v -0.060510438 0.035099717 0.025073944
v -0.0604984424 0.035099717 0.0270777911
v -0.0604504457 0.0310843714 0.0290816381
v -0.060282493 0.0290820794 0.0304497241
v -0.0599705717 0.0330974286 0.0313591006
v -0.0604984424 0.0270797891 0.0290816381
v -0.0592147596 0.0330974286 0.0330973783
v -0.0599825673 0.0310843714 0.0314073915
v -0.0600065621 0.0250667319 0.0315200582
v -0.0574991853 0.035099717 0.0354070323
v -0.0565034362 0.035099717 0.0363888416
v -0.0564554466 0.0371127742 0.0363486004
v -0.0592387544 0.0310843714 0.0330973783
v -0.0584229572 0.0330974286 0.0344252303
v -0.05752318 0.0330974286 0.0354311814
v -0.0551597719 0.0371127742 0.037233835
v 0.0431197041 0.035099717 -0.0404413936
v 0.0452311797 0.0351212474 -0.0402241098
v 0.0411162067 0.035099717 -0.0406023512
v 0.0330902075 0.035099717 -0.040690869
v 0.023060711 0.035099717 -0.0407391598
v 0.0462869139 0.0344645819 -0.0401436346
v 0.0474866167 0.0330974286 -0.0400229253
v 0.0491422024 0.0330974286 -0.0397251591
v 0.0511457033 0.0330974286 -0.0392664496
v 0.0541569524 0.0361223952 -0.0381156474
v 0.0531611998 0.0330974286 -0.03863874
v 0.0542289332 0.035099717 -0.038147839
v -0.0050122843 0.035099717 -0.0407954932
v 0.0602994246 0.0444437428 0.0230700969
v 0.0606473255 0.0431304119 0.0230700969
v 0.0606593355 0.0431304119 0.021058202
v 0.0606473255 0.0431304119 0.0110309187
v 0.0606353299 0.0431304119 0.00300748259
v 0.0606233343 0.0431304119 -0.00300405884
v 0.0602754191 0.0443576249 -0.0110274948
v 0.0606113387 0.0431304119 -0.00701980063
v 0.0605993431 0.0431304119 -0.0110274948
v 0.060575352 0.0431304119 -0.0170470839
v 0.0605273552 0.0431304119 -0.0210628259
v 0.0604673773 0.0431304119 -0.0230666729
v 0.0607913013 0.0411173582 -0.0230666729
v 0.0608872661 0.0391150662 -0.02507052
v 0.060575352 0.0391150662 -0.029086262
v 0.0607672958 0.0391150662 -0.027082415
v 0.0603234158 0.0391150662 -0.0306635857
v 0.05965158 0.0371127742 -0.0330939562
v 0.0586798222 0.0371127742 -0.0347276168
v 0.0601434568 0.0371127742 -0.0319592462
v 0.0577560538 0.0371127742 -0.0357335607
v 0.0567603012 0.0371127742 -0.0365383201
v 0.0552366814 0.035099717 -0.0376327889
v -0.0460780384 0.0337325637 -0.040111443
v -0.0448183504 0.035099717 -0.0401999679
v -0.0469538172 0.0330758982 -0.0399826841
v -0.0491492691 0.0330974286 -0.0395722583
v -0.0411232735 0.035099717 -0.0405057767
v -0.0431267744 0.035099717 -0.0403609184
v -0.031093777 0.035099717 -0.0406506349
v -0.0511527701 0.0330974286 -0.0390491658
v -0.0170452813 0.035099717 -0.0407793939
v -0.0585909134 0.0310843714 -0.0346632338
v -0.0594786914 0.0290820794 -0.0330939562
v -0.0600665472 0.0250667319 -0.0314602955
v -0.060054548 0.0270797891 -0.0314120118
v -0.0600425524 0.0290820794 -0.0313556784
v -0.0540440489 0.0310843714 -0.0380673637
v -0.0551597719 0.0290820794 -0.0374798882
v -0.056719382 0.0290820794 -0.036522228
v -0.0577271302 0.0290820794 -0.0356772274
v -0.0511527701 0.0310843714 -0.0390893998
v -0.0530363007 0.0310843714 -0.0384536477
v -0.0602105051 0.0310843714 -0.0302853515
v -0.0604504457 0.0170468023 -0.029086262
v -0.0603544809 0.0270797891 -0.029086262
v -0.060282493 0.0330974286 -0.029086262
v -0.0604384501 0.0310843714 -0.02507052
v -0.0604144589 0.0330974286 -0.02507052
v -0.0604624413 0.0250667319 -0.027082415
v -0.0606543995 0.0110291637 -0.02507052
v -0.0604264545 0.035099717 -0.0210628259
v -0.0603904677 0.0371127742 -0.0210628259
v -0.0604144589 0.0371127742 -0.0170470839
v -0.031093777 0.0391150662 0.040637965
v -0.0290782787 0.0391150662 0.0406460075
v -0.0170452813 0.0391150662 0.040678199
v -0.0411232735 0.0391150662 0.0405011564
v -0.0050122843 0.0391150662 0.040678199
v 0.023060711 0.0391150662 0.0406621068
v -0.0431267744 0.0391150662 0.0403401987
v -0.0446263994 0.0391150662 0.0401792483
v -0.0470977823 0.0373065439 0.0400102482
v -0.0461260244 0.0381031568 0.0401148724
v -0.0491492691 0.0371127742 0.0396159217
v -0.0511527701 0.0371127742 0.0390686873
v 0.0411162067 0.0371127742 0.040742582
v 0.0431197041 0.0371127742 0.0405735819
v 0.023060711 0.0371127742 0.0408874403
v 0.0330902075 0.0371127742 0.0408632913
v 0.0451352006 0.0385875794 0.0401953476
v 0.0462029375 0.0381785095 0.0401309646
v 0.0491422024 0.0371127742 0.0397124891
v 0.0511457033 0.0371127742 0.0392135384
v 0.0528252837 0.0391150662 0.0383765947
v 0.0524533772 0.0405145187 0.0382236867
v 0.0538330319 0.0391150662 0.0379742114
v 0.0551647007 0.0391150662 0.0372579768
v 0.0563404052 0.0405575758 0.0362359336
v 0.0572521779 0.0413326583 0.0351736563
v 0.0583559017 0.0407621107 0.0343125636
v 0.058895768 0.041311128 0.0332905203
v 0.0599515058 0.0411173582 0.0315039589
v 0.0602154411 0.0422476847 0.0301841566
v 0.0603234158 0.0426782849 0.0290816381
v 0.0604313905 0.0433026548 0.0272065518
v 0.0606113387 0.0431304119 0.025073944
v -0.0539960594 0.035099717 0.0380385944
v -0.0529883111 0.035099717 0.0384731621
v -0.0511527701 0.035099717 0.0391652547
v -0.0604744512 0.0330974286 -0.0170470839
v -0.0606184127 0.0250667319 0.000995587868
v -0.0605344292 0.0310843714 0.000995587868
v -0.0604744512 0.035099717 -0.00100021177
v -0.0604984424 0.035099717 0.0150386129
v -0.060510438 0.035099717 0.0230700969
v -0.0605944215 0.0290820794 0.025073944
v -0.0605584204 0.0310843714 0.0270777911
v -0.0605584204 0.0210621497 0.0290816381
v -0.0606304083 0.0130314548 0.0290816381
v -0.0606783907 0.00701381628 0.0290816381
v -0.0603184798 0.0210621497 0.0305543484
v -0.0606064171 0.0270797891 0.0270777911
v -0.0608223521 0.00902687259 0.0270777911
v -0.060342471 0.0130314548 0.0306026321
v -0.0603544809 0.00902687259 0.0306187242
v -0.0603784721 -0.000995348759 0.0306589654
v -0.0600065621 0.0210621497 0.0315522426
v -0.05925075 0.0290820794 0.0330973783
v -0.0565154318 0.0330974286 0.0364049337
v -0.0551597719 0.0330974286 0.0373465017
v -0.0551597719 0.035099717 0.0373143102
v -0.0584349528 0.0310843714 0.03443328
v -0.05752318 0.0310843714 0.0354392239
v 0.0451352006 0.0330974286 -0.0403367765
v 0.0431197041 0.0330974286 -0.0405379682
v 0.0411162067 0.0330974286 -0.040690869
v 0.0330902075 0.0330974286 -0.0407874435
v 0.023060711 0.0330974286 -0.0408357272
v 0.0464788685 0.0330974286 -0.0401677764
v 0.0476665722 0.0310843714 -0.0400470672
v 0.0466708195 0.0310843714 -0.0401999679
v 0.0491422024 0.0310843714 -0.0397814925
v 0.0511457033 0.0310843714 -0.0393147333
v 0.0543249087 0.0330974286 -0.0381961227
v 0.0531611998 0.0310843714 -0.038678974
v -0.0050122843 0.0330974286 -0.0408840109
v 0.0609472584 0.0411173582 0.025073944
v 0.060959254 0.0411173582 0.0230700969
v 0.0609712496 0.0411173582 0.021058202
v 0.0609712496 0.0411173582 0.00501132966
v 0.0609472584 0.0411173582 -0.00701980063
v 0.0609352628 0.0411173582 -0.0110274948
v 0.0609232672 0.0411173582 -0.0130393897
v 0.0608992617 0.0411173582 -0.0170470839
v 0.0608752705 0.0411173582 -0.0190509309
v 0.0608392837 0.0411173582 -0.0210628259
v 0.0609472584 0.0391150662 -0.0230666729
v 0.0608512793 0.0371127742 -0.027082415
v 0.061019232 0.0371127742 -0.0230666729
v 0.0609472584 0.0371127742 -0.02507052
v 0.0606833266 0.0371127742 -0.029086262
v 0.0603713982 0.0371127742 -0.0309533023
v 0.0598195363 0.035099717 -0.0329088639
v 0.0597595547 0.0330974286 -0.0331341974
v 0.0587278117 0.035099717 -0.0348241842
v 0.0601674515 0.0357563825 -0.0320638632
v 0.0578760241 0.035099717 -0.0358301353
v 0.0568682759 0.035099717 -0.036626845
v 0.0553326569 0.0330974286 -0.0376730301
v -0.0452982316 0.0330758982 -0.0402160673
v -0.046174014 0.0323869372 -0.0401275424
v -0.0431267744 0.0330974286 -0.0404413936
v -0.0472297482 0.0310843714 -0.0399746344
v -0.0491492691 0.0310843714 -0.0396044499
v -0.0411232735 0.0330974286 -0.0405862519
v -0.0190487822 0.0330974286 -0.0408437769
v -0.031093777 0.0330974286 -0.0407311102
v -0.0170452813 0.0330974286 -0.0408598691
v -0.0586149082 0.0270797891 -0.0346793331
v -0.0596826416 0.000996177514 -0.0330939562
v -0.0601745183 -0.00300840495 -0.0320638632
v -0.0601625227 0.000996177514 -0.032007537
v -0.060138528 0.00701381628 -0.031878771
v -0.060090542 0.0190490943 -0.0316051538
v -0.0602465062 0.0250667319 -0.0304543516
v -0.0603304754 0.00701381628 -0.0308808696
v -0.0602345106 0.0270797891 -0.0304060679
v -0.0602225007 0.0290820794 -0.0303497345
v -0.0540560445 0.0290820794 -0.0380673637
v -0.0551597719 -0.000995348759 -0.0374316045
v -0.0567553724 -0.00300840495 -0.0365141783
v -0.0567553724 -0.000995348759 -0.0365141783
v -0.0567313776 0.0270797891 -0.036522228
v -0.0577271302 0.0270797891 -0.035685277
v -0.0586988881 -0.000995348759 -0.0347356593
v -0.0511527701 0.0290820794 -0.0390974495
v -0.0491492691 0.0290820794 -0.039620542
v -0.0530482963 0.0290820794 -0.0384536477
v -0.0605224336 0.00902687259 -0.029086262
v -0.0608463577 -0.0150436816 -0.027082415
v -0.0606064171 0.0110291637 -0.027082415
v -0.0610502971 -0.0170459736 -0.0190509309
v -0.0610982938 -0.0190482656 -0.0170470839
v -0.0606663951 0.0150445111 -0.0210628259
v -0.0604504457 0.0330974286 -0.0210628259
v -0.0607143918 0.00501152516 -0.02507052
v -0.0610143103 -0.0170459736 -0.0210628259
v -0.0604384501 0.035099717 -0.0190509309
v -0.0610502971 -0.0130306262 -0.0150432368
v -0.0610383015 -0.0110283351 -0.0130393897
v -0.031093777 0.0371127742 0.0408150076
v -0.0290782787 0.0371127742 0.0408230573
v -0.0170452813 0.0371127742 0.0408632913
v -0.0431267744 0.0371127742 0.0405252982
v -0.0411232735 0.0371127742 0.040678199
v -0.0464019553 0.0367682955 0.0401631561
v -0.0476256494 0.035099717 0.0400263475
v -0.045334222 0.0373065439 0.0402677732
v -0.0491492691 0.035099717 0.0397124891
v 0.0411162067 0.035099717 0.0408632913
v 0.0431197041 0.035099717 0.0407103905
v 0.0451352006 0.0371127742 0.0403643478
v 0.023060711 0.035099717 0.0409920574
v 0.0330902075 0.035099717 0.0409679155
v 0.0465268544 0.0371127742 0.0401792483
v 0.0475346027 0.0371127742 0.0400182978
v 0.0479784935 0.035099717 0.0400907234
v 0.0491422024 0.035099717 0.0398573474
v 0.0511457033 0.035099717 0.0393583967
v 0.0531611998 0.035099717 0.038666304
v 0.0533171604 0.0371558349 0.0384570699
v 0.0540969673 0.037844796 0.0380868781
v 0.0565323598 0.0391150662 0.0363888416
v 0.05500874 0.0371558349 0.0376362183
v 0.057540108 0.0391150662 0.0355196991
v 0.0585238615 0.0391150662 0.0345137552
v 0.059459629 0.0391150662 0.0330973783
v 0.060119462 0.0391150662 0.0319143847
v 0.0603114202 0.0411173582 0.030498015
v 0.0606233343 0.0411173582 0.0290816381
v 0.0608632749 0.0411173582 0.0270777911
v -0.0540200541 0.0330974286 0.0380466441
v -0.0530243051 0.0330974286 0.0384892614
v -0.0511527701 0.0330974286 0.0391893966
v -0.0491492691 0.0330974286 0.0397446806
v -0.0610742883 -0.0130306262 -0.0110274948
v -0.0605584204 0.0270797891 -0.0150432368
v -0.0606903863 0.0170468023 -0.0130393897
v -0.0610383015 -0.00902604395 -0.00300405884
v -0.0610742883 -0.0110283351 0.00501132966
v -0.0607743698 0.0150445111 0.025073944
v -0.0608823445 0.00299846886 0.0270777911
v -0.0609783235 -0.00701298719 0.0270777911
v -0.0607263874 -0.000995348759 0.0290816381
v -0.0610263059 -0.0130306262 0.0270777911
v -0.0607623742 -0.00701298719 0.0290816381
v -0.0607983609 0.0130314548 0.025073944
v -0.0610263059 -0.00701298719 0.025073944
v -0.0610862982 -0.0130306262 0.025073944
v -0.0603784721 -0.00501069607 0.0306670151
v -0.0600185577 0.000996177514 0.0316568668
v -0.0600185577 0.00501152516 0.0316407675
v -0.0600065621 0.0170468023 0.0315844341
v -0.0607743698 -0.0110283351 0.0290816381
v -0.0592627456 0.0250667319 0.0330973783
v -0.0565154318 0.0310843714 0.0364049337
v -0.0551597719 0.0310843714 0.0373384521
v -0.0540200541 0.0310843714 0.0380466441
v -0.0584349528 0.0290820794 0.03443328
v -0.0584349528 0.0250667319 0.0344252303
v -0.0583869668 0.00701381628 0.0343447551
v -0.0574991853 0.0270797891 0.0354311814
v -0.0565154318 0.0290820794 0.0363968912
v 0.0451352006 0.0310843714 -0.0403931099
v 0.0431197041 0.0310843714 -0.0405943016
v 0.0411162067 0.0310843714 -0.0407472023
v 0.0330902075 0.0310843714 -0.0408357272
v 0.023060711 0.0310843714 -0.0408920606
v 0.0477505485 0.0290820794 -0.0400551097
v 0.0467428002 0.0290820794 -0.0402080176
v 0.0451352006 0.0290820794 -0.0404172518
v 0.0491422024 0.0290820794 -0.0397975918
v 0.0511457033 0.0290820794 -0.039322783
v 0.054360899 0.0310843714 -0.0382122148
v 0.0531611998 0.0290820794 -0.038678974
v -0.0050122843 0.0310843714 -0.0409403443
v 0.0610432375 0.0391150662 0.0270777911
v 0.0610912199 0.0391150662 0.025073944
v 0.0611032155 0.0391150662 0.0230700969
v 0.0611152111 0.0391150662 0.021058202
v 0.0611272067 0.0391150662 0.0130347658
v 0.0611272067 0.0391150662 0.000995587868
v 0.0611152111 0.0391150662 -0.00500790613
v 0.0610912199 0.0391150662 -0.0110274948
v 0.0610792243 0.0391150662 -0.0130393897
v 0.0610552331 0.0391150662 -0.0170470839
v 0.0610312419 0.0391150662 -0.0190509309
v 0.0609952408 0.0391150662 -0.0210628259
v 0.0610792243 0.0371127742 -0.0210628259
v 0.0608872661 0.035099717 -0.027082415
v 0.0610552331 0.035099717 -0.0230666729
v 0.0609832452 0.035099717 -0.02507052
v 0.0603594026 0.035099717 -0.0312752032
v 0.0607193134 0.035099717 -0.029086262
v 0.0601794471 0.0344215247 -0.0321121541
v 0.0601914499 0.0330974286 -0.032136296
v 0.0597715503 0.0310843714 -0.0331502895
v 0.0587518029 0.0330974286 -0.0348724751
v 0.0579360093 0.0330974286 -0.035878419
v 0.056928261 0.0330974286 -0.0366751287
v 0.0553686473 0.0310843714 -0.0376891223
v -0.0451302717 0.0310843714 -0.0402724007
v -0.0431267744 0.0310843714 -0.0404816348
v -0.0462339991 0.0310843714 -0.0401355849
v -0.0451302717 0.0290820794 -0.0402965425
v -0.0473017325 0.0290820794 -0.0399826841
v -0.0411232735 0.0310843714 -0.0406264931
v -0.031093777 0.0310843714 -0.0407874435
v -0.031093777 0.0290820794 -0.0408357272
v -0.031093777 0.0270797891 -0.0408759684
v -0.031093777 0.0230644417 -0.0409564437
v -0.0190487822 0.0310843714 -0.0409001103
v -0.0170452813 0.0310843714 -0.0409162025
v -0.0596946408 -0.000995348759 -0.0330939562
v -0.0601985095 -0.0130306262 -0.032136296
v -0.0604264545 -0.0150436816 -0.0310901109
v -0.0603664765 -0.00300840495 -0.031065969
v -0.0603544809 0.000996177514 -0.031001586
v -0.0606903863 -0.0110283351 -0.029086262
v -0.0606424039 -0.00501069607 -0.029086262
v -0.0605944215 0.000996177514 -0.029086262
v -0.0530243051 0.0250667319 -0.0384536477
v -0.0540440489 0.0270797891 -0.0380673637
v -0.0551597719 -0.00501069607 -0.0374235548
v -0.0567313776 -0.00902604395 -0.0365061286
v -0.0567313776 -0.0130306262 -0.0364900364
v -0.0577391258 -0.0110283351 -0.0357335607
v -0.0577391258 -0.00902604395 -0.0357416104
v -0.057751125 -0.00501069607 -0.0357416104
v -0.057751125 -0.000995348759 -0.0357416104
v -0.057751125 0.00299846886 -0.0357335607
v -0.0586988881 -0.00300840495 -0.034743709
v -0.0597066364 -0.0130306262 -0.0331341974
v -0.0597066364 -0.00902604395 -0.033118098
v -0.0511527701 0.0270797891 -0.0390974495
v -0.0473257273 0.0270797891 -0.0399826841
v -0.0491492691 0.0270797891 -0.039620542
v -0.0608583533 -0.0170459736 -0.027082415
v -0.0609063356 -0.0150436816 -0.02507052
v -0.0610862982 -0.021061321 -0.0190509309
v -0.0611342806 -0.0230636131 -0.0170470839
v -0.0612182641 -0.0270789605 -0.0130393897
v -0.0612422553 -0.0270789605 -0.0110274948
v -0.0610982938 -0.0170459736 -0.0150432368
v -0.060954318 -0.0150436816 -0.0230666729
v -0.0610263059 -0.0190482656 -0.0210628259
v -0.0611342806 -0.0190482656 -0.0130393897
v -0.0610622927 -0.0130306262 -0.0130393897
v -0.031093777 0.035099717 0.0409035325
v -0.0290782787 0.035099717 0.0409115821
v -0.0170452813 0.035099717 0.0409518162
v -0.0050122843 0.035099717 0.0409679155
v -0.0431267744 0.035099717 0.0406218656
v -0.0451302717 0.035099717 0.0404045818
v -0.0411232735 0.035099717 0.0407667239
v -0.0466179011 0.035099717 0.0402033901
v -0.0477336241 0.0330974286 0.0400504894
v 0.0411162067 0.0330974286 0.0409196247
v 0.0431197041 0.0330974286 0.0407667239
v 0.0451352006 0.035099717 0.0405011564
v 0.023060711 0.0330974286 0.0410483907
v 0.0330902075 0.0330974286 0.0410161992
v 0.0469707452 0.035099717 0.040251681
v 0.0481224585 0.0339370986 0.0401148724
v 0.0511457033 0.0330974286 0.0394227797
v 0.0489622469 0.0332050768 0.0399539148
v 0.0531611998 0.0330974286 0.0387226374
v 0.0543009139 0.035099717 0.0381914952
v 0.0542409288 0.0365099346 0.0381512612
v 0.056700316 0.0371127742 0.0365336998
v 0.0553086621 0.035099717 0.0376040268
v 0.0577080643 0.0371127742 0.0356565077
v 0.0586318326 0.0371127742 0.0346586135
v 0.05973556 0.0372634832 0.0329444776
v 0.0601674515 0.0380278005 0.0320753351
v 0.0604433861 0.0391150662 0.0309164833
v 0.0608512793 0.0391150662 0.0290816381
v -0.0530123059 0.0310843714 0.0384892614
v -0.0511527701 0.0310843714 0.0391893966
v -0.0491492691 0.0310843714 0.0397446806
v -0.0477576189 0.0310843714 0.0400504894
v -0.0612182641 -0.0250659033 -0.0110274948
v -0.0612302597 -0.0250659033 -0.00100021177
v -0.0610982938 -0.0130306262 0.00902707168
v -0.0610263059 -0.0150436816 0.0270777911
v -0.0610982938 -0.0150436816 0.025073944
v -0.0610982938 -0.0130306262 0.0230700969
v -0.0603784721 -0.00701298719 0.0306670151
v -0.0603784721 -0.0110283351 0.0306589654
v -0.0600065621 -0.0110283351 0.0316649093
v -0.0592627456 0.0230644417 0.0330973783
v -0.0607743698 -0.0150436816 0.0290816381
v -0.0551597719 0.0290820794 0.0373223599
v -0.0539960594 0.0290820794 0.0380385944
v -0.0530003103 0.0290820794 0.0384812117
v -0.0592267552 0.00902687259 0.0330973783
v -0.0592027604 0.000996177514 0.0330973783
v -0.0591427753 -0.0110283351 0.0330973783
v -0.0591307797 -0.0130306262 0.0330973783
v -0.058362972 0.000996177514 0.0343125636
v -0.0583389773 -0.00501069607 0.034280372
v -0.0583029869 -0.0130306262 0.034240138
v -0.0574871897 0.0250667319 0.0354231317
v -0.0563354764 0.00501152516 0.0362359336
v -0.0574751941 0.0230644417 0.035415082
v -0.0582909877 -0.0150436816 0.0342240387
v -0.0572712439 -0.00300840495 0.0352943728
v 0.0431197041 0.0290820794 -0.0406184434
v 0.0411162067 0.0290820794 -0.0407713442
v 0.0371092049 0.0210621497 -0.0409403443
v 0.035105704 0.0210621497 -0.0409725358
v 0.0330902075 0.0210621497 -0.0410047274
v 0.0330902075 0.0290820794 -0.0408759684
v 0.023060711 0.0290820794 -0.0409323018
v 0.0477625477 0.0270797891 -0.0400551097
v 0.0467547994 0.0270797891 -0.0402160673
v 0.0451352006 0.0270797891 -0.0404333511
v 0.0491422024 0.0270797891 -0.0397975918
v 0.0511457033 0.0270797891 -0.0393147333
v 0.0491422024 0.0250667319 -0.0397895422
v 0.054360899 0.0290820794 -0.0382122148
v 0.052945254 -0.0190482656 -0.0384294987
v 0.0511457033 -0.0190482656 -0.039065258
v 0.0511457033 -0.0150436816 -0.0390893998
v -0.0050122843 0.0290820794 -0.0409805855
v 0.0611392023 0.0371127742 0.0270777911
v 0.0609832452 0.0371127742 0.0290816381
v 0.0611752034 0.0371127742 0.025073944
v 0.061187199 0.0371127742 0.0230700969
v 0.0611991946 0.0371127742 0.0190543549
v 0.0612111902 0.0371127742 0.00300748259
v 0.0611991946 0.0371127742 -0.00500790613
v 0.0611752034 0.0371127742 -0.0110274948
v 0.0611632078 0.0371127742 -0.0130393897
v 0.0611512122 0.0371127742 -0.0150432368
v 0.0611032155 0.035099717 -0.0210628259
v 0.0611632078 0.035099717 -0.0170470839
v 0.0611392023 0.035099717 -0.0190509309
v 0.0608872661 0.0330974286 -0.027082415
v 0.0610552331 0.0310843714 -0.0230666729
v 0.0609832452 0.0310843714 -0.02507052
v 0.0604193949 0.0330974286 -0.0310901109
v 0.0607193134 0.0310843714 -0.029086262
v 0.0602034455 0.0310843714 -0.0321523881
v 0.0598435311 0.0269398435 -0.0329088639
v 0.0597595547 0.0290820794 -0.0331341974
v 0.0587638021 0.0290820794 -0.0348805176
v 0.0587638021 0.0310843714 -0.0348885673
v 0.0579480048 0.0310843714 -0.0358945112
v 0.0569522522 0.0310843714 -0.0366831784
v 0.0553686473 0.0290820794 -0.0376891223
v -0.0431267744 0.0290820794 -0.0405057767
v -0.0451302717 0.0270797891 -0.0403126347
v -0.0462939842 0.0290820794 -0.0401436346
v -0.0463299746 0.0270797891 -0.0401516842
v -0.0411232735 0.0290820794 -0.0406506349
v -0.0330972743 0.0210621497 -0.0409564437
v -0.0351007752 0.0210621497 -0.0409162025
v -0.0371042761 0.0210621497 -0.0408679188
v -0.0190487822 0.0270797891 -0.0409805855
v -0.031093777 0.0210621497 -0.0409805855
v -0.0170452813 0.0270797891 -0.0409966777
v -0.0290782787 0.0230644417 -0.0409725358
v -0.0250712787 0.0210621497 -0.0410369189
v -0.0290782787 0.0210621497 -0.0410047274
v -0.0598026119 -0.00510758139 -0.0329008142
v -0.0601985095 -0.0150436816 -0.0321443456
v -0.0604264545 -0.0170459736 -0.0310901109
v -0.0607263874 -0.0170459736 -0.029086262
v -0.0607023818 -0.0130306262 -0.029086262
v -0.0529163304 -0.00701298719 -0.0384053568
v -0.053912083 -0.00902604395 -0.0380190729
v -0.0551597719 -0.00902604395 -0.0374074626
v -0.0551597719 -0.0110283351 -0.0373994129
v -0.0551597719 -0.0150436816 -0.0373752711
v -0.056719382 -0.0150436816 -0.0364819868
v -0.0577271302 -0.0130306262 -0.0357335607
v -0.0587108837 -0.0130306262 -0.0347276168
v -0.0587108837 -0.0110283351 -0.0347356593
v -0.0587108837 -0.00701298719 -0.0347356593
v -0.0597066364 -0.0150436816 -0.0331422399
v -0.0511527701 -0.00701298719 -0.0389847827
v -0.0463179754 0.0250667319 -0.0401516842
v -0.0471337727 -0.00501069607 -0.0399183011
v -0.0491492691 -0.00300840495 -0.039515925
v -0.0608703489 -0.021061321 -0.027082415
v -0.0609423224 -0.021061321 -0.02507052
v -0.0609303268 -0.0190482656 -0.02507052
v -0.0611102894 -0.0250659033 -0.0190509309
v -0.0611462762 -0.0250659033 -0.0170470839
v -0.0612302597 -0.0290812507 -0.0130393897
v -0.0612542509 -0.0290812507 -0.0110274948
v -0.0612662465 -0.0290812507 -0.00500790613
v -0.0610622927 -0.0250659033 -0.0210628259
v -0.031093777 0.0330974286 0.0409518162
v -0.0290782787 0.0330974286 0.0409598658
v -0.0170452813 0.0330974286 0.0410000999
v -0.0050122843 0.0330974286 0.0410161992
v -0.0431267744 0.0330974286 0.0406621068
v -0.0451302717 0.0330974286 0.040444823
v -0.0411232735 0.0330974286 0.0408069579
v -0.0467258758 0.0330974286 0.0402194895
v -0.0467498706 0.0310843714 0.040227532
v 0.0411162067 0.0310843714 0.0409276743
v 0.0431197041 0.0310843714 0.0407828161
v 0.0330902075 0.0310843714 0.0410483907
v 0.0451352006 0.0310843714 0.0405816316
v 0.0451352006 0.0330974286 0.0405574826
v 0.0210572101 0.0310843714 0.0410725326
v 0.023060711 0.0310843714 0.0410725326
v 0.0473306561 0.0332050768 0.040251681
v 0.0481704445 0.0326022373 0.0401229149
v 0.0492021875 0.0310843714 0.0399217304
v 0.0511457033 0.0310843714 0.0394308222
v 0.0482064349 0.0310843714 0.0401309646
v 0.0531611998 0.0310843714 0.0387306871
v 0.0543489034 0.0330974286 0.038215637
v 0.0567842959 0.035099717 0.0366061254
v 0.0553446561 0.0330974286 0.0376281686
v 0.0577800486 0.035099717 0.0357289404
v 0.0586918177 0.035099717 0.0347229894
v 0.0596875704 0.035099717 0.0332502863
v 0.0602154411 0.0366929392 0.0321799594
v 0.0604793729 0.0372634832 0.0312786254
v -0.0511527701 0.0270797891 0.039157205
v -0.0491492691 0.0290820794 0.039736631
v -0.0477096293 0.0270797891 0.0400424397
v -0.0467378714 0.0290820794 0.040227532
v -0.0612662465 -0.0290812507 -0.00100021177
v -0.0609903191 -0.0230636131 0.0270777911
v -0.0610982938 -0.0250659033 0.025073944
v -0.0611462762 -0.0270789605 0.0230700969
v -0.0612302597 -0.0290812507 0.0150386129
v -0.0612182641 -0.0290812507 0.0170505078
v -0.0611942586 -0.0270789605 0.0190543549
v -0.0612302597 -0.0270789605 0.0130347658
v -0.0603784721 -0.0150436816 0.0306428661
v -0.0600065621 -0.0130306262 0.0316568668
v -0.0607143918 -0.0230636131 0.0290816381
v -0.0609783235 -0.0250659033 0.0270777911
v -0.0551597719 0.0270797891 0.037298218
v -0.0561555209 -0.0150436816 0.036099125
v -0.0551597719 -0.00300840495 0.0368716929
v -0.0553637185 -0.0131598066 0.0365980757
v -0.0551477727 -0.0150436816 0.0366946503
v -0.0535041826 -0.000995348759 0.0378132609
v -0.0524964344 -0.000995348759 0.0382639279
v -0.0526643942 0.00902687259 0.0383363535
v -0.0591067849 -0.0150436816 0.0330973783
v -0.0599945629 -0.0150436816 0.0316407675
v -0.0562275053 -0.00701298719 0.0361554584
v -0.0571632692 -0.0150436816 0.03522194
v -0.058219007 -0.0230636131 0.0341516131
v 0.0431197041 0.0270797891 -0.0406345356
v 0.0411162067 0.0270797891 -0.0407874435
v 0.0391127058 0.0210621497 -0.0408920606
v 0.0371092049 0.0190490943 -0.040948394
v 0.035105704 0.0190490943 -0.0409886352
v 0.0330902075 0.0190490943 -0.041012777
v 0.0310867066 0.0210621497 -0.0410208195
v 0.0270797084 0.0210621497 -0.0410449614
v 0.023060711 0.0270797891 -0.0409644862
v 0.0210572101 0.0250667319 -0.0410047274
v 0.0477505485 0.0250667319 -0.0400551097
v 0.0467428002 0.0250667319 -0.0402160673
v 0.0451352006 0.0250667319 -0.0404333511
v 0.0431197041 0.0250667319 -0.0406425853
v 0.0473546473 -0.0170459736 -0.0399826841
v 0.0491422024 -0.0190482656 -0.0396044499
v 0.053976997 -0.0150436816 -0.0380351722
v 0.0529212592 -0.021061321 -0.0384214562
v 0.0511457033 -0.021061321 -0.0390491658
v 0.0539410066 -0.0190482656 -0.0380190729
v -0.00300878407 0.0250667319 -0.0410449614
v -0.0050122843 0.0270797891 -0.041012777
v 0.0610432375 0.035099717 0.0290816381
v 0.061187199 0.035099717 0.0270777911
v 0.0606353299 0.035099717 0.0310935331
v 0.0612231858 0.035099717 0.025073944
v 0.0612351814 0.035099717 0.0190543549
v 0.0612471769 0.035099717 0.00701517673
v 0.0612471769 0.035099717 0.000995587868
v 0.0612351814 0.035099717 -0.00500790613
v 0.0612231858 0.035099717 -0.0090236477
v 0.0611991946 0.035099717 -0.0130393897
v 0.0611032155 0.0290820794 -0.0210628259
v 0.0611512122 0.0310843714 -0.0190509309
v 0.0611991946 0.0330974286 -0.0150432368
v 0.0611752034 0.0330974286 -0.0170470839
v 0.0608752705 0.0310843714 -0.027082415
v 0.0610792243 0.0250667319 -0.0210628259
v 0.061019232 0.0250667319 -0.0230666729
v 0.060959254 0.0270797891 -0.02507052
v 0.0608392837 0.0250667319 -0.027082415
v 0.0604193949 0.0310843714 -0.0310901109
v 0.0606953222 0.0270797891 -0.029086262
v 0.0601794471 0.0261862932 -0.0320880123
v 0.0601914499 0.0290820794 -0.032136296
v 0.0604073849 0.0290820794 -0.0310901109
v 0.0591357085 -0.0230636131 -0.0330939562
v 0.0596875704 0.0210621497 -0.0330939562
v 0.05973556 0.0250667319 -0.0330939562
v 0.0587518029 0.0270797891 -0.0348644254
v 0.0584398816 -0.021061321 -0.0344700918
v 0.0579480048 0.0290820794 -0.035878419
v 0.0569402566 0.0290820794 -0.0366831784
v 0.056928261 0.0270797891 -0.0366751287
v 0.0551647007 -0.0190482656 -0.0373430796
v -0.0431267744 0.0270797891 -0.0405218688
v -0.0451302717 0.0250667319 -0.0403126347
v -0.0411232735 0.0270797891 -0.0406667271
v -0.039107777 0.0210621497 -0.0407954932
v -0.031093777 0.0190490943 -0.0409886352
v -0.0351007752 0.0190490943 -0.0409242521
v -0.0371042761 0.0130314548 -0.0408679188
v -0.0170452813 0.0230644417 -0.0410610607
v -0.0210522813 0.0210621497 -0.0410610607
v -0.0230677796 0.0190490943 -0.0410530111
v -0.0270747796 0.0190490943 -0.0410288692
v -0.0290782787 0.0190490943 -0.041012777
v -0.0601985095 -0.0170459736 -0.032136296
v -0.0603664765 -0.0211905015 -0.0312832529
v -0.0604144589 -0.0190482656 -0.0310901109
v -0.0607263874 -0.021061321 -0.029086262
v -0.0511527701 -0.00902604395 -0.0389767402
v -0.0511527701 -0.0110283351 -0.0389686906
v -0.05288034 -0.0130306262 -0.0383892646
v -0.0539000839 -0.0110283351 -0.0380110304
v -0.0551597719 -0.0170459736 -0.0373591717
v -0.0566953872 -0.0170459736 -0.0364739371
v -0.0577031355 -0.0170459736 -0.0357094189
v -0.0577151346 -0.0150436816 -0.0357255182
v -0.0586988881 -0.0150436816 -0.0347195672
v -0.0596826416 -0.0190482656 -0.0331261477
v -0.0601865139 -0.0206091905 -0.0321121541
v -0.0450223006 -0.00701298719 -0.0402402091
v -0.0460180533 -0.00701298719 -0.0401034005
v -0.0471337727 -0.00902604395 -0.0399022089
v -0.0491492691 -0.00902604395 -0.0394917831
v -0.0608583533 -0.0250659033 -0.027082415
v -0.0609423224 -0.0270789605 -0.02507052
v -0.0610143103 -0.0270789605 -0.0230666729
v -0.0610143103 -0.0250659033 -0.0230666729
v -0.0611582718 -0.0270789605 -0.0170470839
v -0.0612302597 -0.0310943079 -0.0130393897
v -0.0612782421 -0.0310943079 -0.00300405884
v -0.0612422553 -0.0310943079 -0.0110274948
v -0.0610622927 -0.0290812507 -0.0210628259
v -0.031093777 0.0310843714 0.040975958
v -0.0290782787 0.0310843714 0.0409840077
v -0.0170452813 0.0310843714 0.0410161992
v -0.0431267744 0.0310843714 0.040678199
v -0.0451302717 0.0310843714 0.0404609152
v -0.0411232735 0.0310843714 0.0408230573
v -0.0451302717 0.0290820794 0.0404609152
v 0.0411162067 0.0290820794 0.0409276743
v 0.0330902075 0.0170468023 0.0410725326
v 0.035105704 0.0170468023 0.0410403411
v 0.0431197041 0.0290820794 0.0407828161
v 0.023060711 0.0270797891 0.0410886248
v 0.0310867066 0.0170468023 0.0410886248
v 0.0451352006 0.0270797891 0.0405655322
v 0.0471387015 0.0290820794 0.0402999647
v 0.0471387015 0.0310843714 0.0402999647
v 0.00902421358 0.0290820794 0.0410644829
v 0.0210572101 0.0270797891 0.0410886248
v 0.0491781927 0.0290820794 0.0399136808
v 0.0481464497 0.0279194592 0.0401229149
v 0.0511457033 0.0290820794 0.0394147301
v 0.0531611998 0.0290820794 0.0386984956
v 0.0543249087 0.0290820794 0.0381995449
v 0.0543489034 0.0310843714 0.038215637
v 0.0511457033 -0.0230636131 0.038601921
v 0.0523094122 -0.0230636131 0.0381834527
v 0.0568082907 0.0330974286 0.0366302672
v 0.057816039 0.0330974286 0.0357530823
v 0.0553446561 0.0310843714 0.0376281686
v 0.0587038169 0.0330974286 0.0347471312
v 0.0597115652 0.0330974286 0.03329857
v 0.0602514279 0.035099717 0.0322523849
v -0.0511527701 0.0230644417 0.0391008717
v -0.0491492691 -0.00701298719 0.0392779215
v -0.0491492691 0.0190490943 0.0396239642
v -0.0491492691 0.0250667319 0.0396963969
v -0.0491492691 0.0270797891 0.0397205388
v -0.0476016582 0.0230644417 0.0400182978
v -0.0465339248 0.0210621497 0.0401953476
v -0.0466538915 0.0250667319 0.0402114398
v -0.0467018811 0.0270797891 0.0402194895
v -0.0451302717 0.0270797891 0.0404528655
v -0.0612422553 -0.0290812507 0.0110309187
v -0.0610862982 -0.0270789605 0.025073944
v -0.0611582718 -0.0310943079 0.021058202
v -0.0611342806 -0.0290812507 0.0230700969
v -0.0611702674 -0.0290812507 0.021058202
v -0.0612422553 -0.0310943079 0.0110309187
v -0.0612062685 -0.0310943079 0.0170505078
v -0.060342471 -0.0230636131 0.0305301993
v -0.0606903863 -0.0250659033 0.0290816381
v -0.0603304754 -0.0250659033 0.0304899653
v -0.060954318 -0.0270789605 0.0270777911
v -0.0561675201 -0.0139025918 0.0361071747
v -0.0560475498 -0.021061321 0.0360266995
v -0.0550038112 -0.0230636131 0.0366141751
v -0.0571632692 -0.0230636131 0.0350529399
v -0.0532522465 -0.0150436816 0.0377005942
v -0.0534681923 -0.00300840495 0.0377971687
v -0.052460444 -0.00300840495 0.0382478286
v -0.0511527701 -0.00501069607 0.0386984956
v -0.0589748191 -0.0230636131 0.0330973783
v -0.0599225822 -0.0250659033 0.0314959092
v -0.0581950122 -0.0247321879 0.0341274713
v -0.058782868 -0.0252704382 0.03329857
v 0.0411162067 0.0250667319 -0.0407954932
v 0.0391127058 0.0190490943 -0.0408920606
v 0.0371092049 0.000996177514 -0.040948394
v 0.035105704 -0.0130306262 -0.0409886352
v 0.0330902075 -0.00501069607 -0.0410208195
v 0.0310867066 0.0150445111 -0.0410369189
v 0.0290832075 0.0190490943 -0.0410449614
v 0.0250762075 0.0210621497 -0.0410530111
v 0.0210572101 0.0230644417 -0.0410369189
v 0.046346899 -0.0170459736 -0.0401597339
v 0.0464068842 -0.0110283351 -0.0401677764
v 0.0451352006 -0.00902604395 -0.0403528759
v 0.0431197041 -0.0170459736 -0.0405701597
v 0.0431197041 -0.00902604395 -0.0405862519
v 0.0411162067 -0.0130306262 -0.040755252
v 0.0411162067 0.0230644417 -0.0407954932
v 0.0473306561 -0.0190482656 -0.0399746344
v 0.0463349034 -0.0190482656 -0.0401516842
v 0.0491422024 -0.021061321 -0.0395883505
v 0.0472946621 -0.021061321 -0.0399665919
v 0.0528372793 -0.0250659033 -0.0383973143
v 0.0539170119 -0.021061321 -0.0380110304
v 0.0511457033 -0.0250659033 -0.0389847827
v 0.0491422024 -0.0230636131 -0.0395642087
v -0.00300878407 0.0230644417 -0.0410771529
v -0.0050122843 0.0230644417 -0.0410771529
v 0.0610792243 0.0330974286 0.0290816381
v 0.0606833266 0.0330974286 0.0310935331
v 0.0612111902 0.0330974286 0.0270777911
v 0.0612351814 0.0330974286 0.025073944
v 0.0612471769 0.0330974286 0.021058202
v 0.0612591725 0.0330974286 0.0110309187
v 0.0612591725 0.0330974286 -0.00300405884
v 0.0612471769 0.0330974286 -0.00701980063
v 0.0612111902 0.0330974286 -0.0130393897
v 0.0611752034 0.0270797891 -0.0170470839
v 0.0611152111 0.0230644417 -0.0190509309
v 0.0612351814 0.0310843714 -0.0110274948
v 0.0611991946 0.0270797891 -0.0150432368
v 0.0610672287 0.0230644417 -0.0210628259
v 0.0610072364 0.0150445111 -0.0210628259
v 0.0609232672 0.0130314548 -0.0230666729
v 0.0609112716 0.0210621497 -0.02507052
v 0.0608392837 0.0130314548 -0.02507052
v 0.0607672958 0.0170468023 -0.027082415
v 0.0606593355 0.0230644417 -0.029086262
v 0.0603594026 0.0210621497 -0.0309452526
v 0.060347407 0.0269398435 -0.0312913025
v 0.0601794471 -0.0101456043 -0.0300922095
v 0.0599994917 -0.0108991546 -0.0308969689
v 0.0597595547 -0.0270789605 -0.0310901109
v 0.0590997182 -0.0250659033 -0.0330939562
v 0.058427886 -0.0230636131 -0.03444595
v 0.0575640992 -0.021061321 -0.0354679932
v 0.0576000932 -0.0170459736 -0.0355001847
v 0.0565683501 -0.021061321 -0.0364256534
v 0.0551647007 -0.021061321 -0.0373189377
v -0.0411232735 0.0230644417 -0.0406828265
v -0.0431267744 0.0230644417 -0.0405218688
v -0.0431267744 0.0190490943 -0.0405138263
v -0.0431267744 0.00299846886 -0.0404816348
v -0.0431267744 -0.00501069607 -0.0404655355
v -0.039107777 0.0190490943 -0.0407954932
v -0.031093777 0.00701381628 -0.0409886352
v -0.0351007752 0.0130314548 -0.0409242521
v -0.0371042761 0.000996177514 -0.0408518194
v -0.0351007752 0.00501152516 -0.0409162025
v -0.00701578431 0.0210621497 -0.0411012948
v -0.0150417813 0.0210621497 -0.0410852026
v -0.0190487822 0.0190490943 -0.0410771529
v -0.0230677796 0.0110291637 -0.0410530111
v -0.0270747796 0.0150445111 -0.0410288692
v -0.0290782787 0.0170468023 -0.041012777
v -0.0603904677 -0.0230636131 -0.0310418272
v -0.0607143918 -0.0230636131 -0.029086262
v -0.0601745183 -0.0219440518 -0.0320880123
v -0.0608463577 -0.0270789605 -0.027082415
v -0.0491492691 -0.0130306262 -0.0394756838
v -0.0491492691 -0.0150436816 -0.0394595916
v -0.0511527701 -0.0150436816 -0.038936499
v -0.0528563452 -0.0150436816 -0.038381215
v -0.0538640935 -0.0150436816 -0.037994931
v -0.0538400987 -0.0170459736 -0.0379868813
v -0.0538041083 -0.0190482656 -0.0379707892
v -0.0551597719 -0.0190482656 -0.0373189377
v -0.0566474013 -0.021061321 -0.0364337031
v -0.0566713924 -0.0190482656 -0.0364578449
v -0.0576791407 -0.0190482656 -0.0356933267
v -0.0586748933 -0.0190482656 -0.0346873756
v -0.0596226564 -0.0230636131 -0.0330939562
v -0.0597666215 -0.0211905015 -0.0329088639
v -0.0586508986 -0.021061321 -0.0346632338
v -0.0431267744 -0.00902604395 -0.0404494433
v -0.0431267744 -0.0130306262 -0.0404333511
v -0.0449503199 -0.0110283351 -0.0402321595
v -0.0459580682 -0.0110283351 -0.0400953509
v -0.0471337727 -0.0110283351 -0.0398941592
v -0.0609303268 -0.0290812507 -0.02507052
v -0.0610023147 -0.0290812507 -0.0230666729
v -0.0611582718 -0.0290812507 -0.0170470839
v -0.0611942586 -0.0330965999 -0.0130393897
v -0.0612182641 -0.0330965999 -0.0110274948
v -0.0611462762 -0.0310943079 -0.0170470839
v -0.0612542509 -0.0330965999 -0.00300405884
v -0.0612422553 -0.0330965999 0.00300748259
v -0.0610982938 -0.0310943079 -0.0190509309
v -0.0610383015 -0.0310943079 -0.0210628259
v -0.031093777 0.0270797891 0.0409920574
v -0.0290782787 0.0270797891 0.0410000999
v -0.0170452813 0.0270797891 0.0410322914
v -0.0431267744 0.0290820794 0.040678199
v -0.0411232735 0.0290820794 0.0408230573
v -0.0371042761 0.0170468023 0.0409196247
v -0.0351007752 0.0170468023 0.0409598658
v -0.0330972743 0.0170468023 0.0409920574
v -0.031093777 0.0250667319 0.0410000999
v -0.0431267744 0.0250667319 0.0406621068
v 0.0411162067 0.0250667319 0.0409115821
v 0.035105704 0.0150445111 0.0410403411
v 0.0371092049 0.0150445111 0.0410000999
v 0.0391127058 0.0170468023 0.0409518162
v 0.0330902075 0.0130314548 0.0410564332
v 0.035105704 0.0130314548 0.0410322914
v 0.0431197041 0.0270797891 0.0407747736
v 0.023060711 0.0170468023 0.0411047241
v 0.0310867066 0.0150445111 0.0410805823
v 0.0250762075 0.0150445111 0.0410966744
v 0.0290832075 0.0150445111 0.0410886248
v 0.0451352006 0.0250667319 0.0405494401
v 0.0473186569 0.027176674 0.040251681
v 0.0451352006 0.0170468023 0.0404770073
v 0.0451352006 0.0110291637 0.040420674
v 0.0467907898 0.0170468023 0.0402355817
v 0.00902421358 0.0170468023 0.0410886248
v -0.0110227848 0.0170468023 0.0410644829
v 0.0491422024 0.0250667319 0.0398734396
v 0.0481104593 0.0265845978 0.0401148724
v 0.0491422024 0.000996177514 0.0395515387
v 0.0491422024 -0.00501069607 0.0394710634
v 0.0491422024 -0.00902604395 0.0394147301
v 0.0491422024 -0.0230636131 0.0392135384
v 0.0532691709 -0.0250659033 0.0376925445
v 0.0550807208 -0.0250659033 0.0366866006
v 0.0553206613 0.0290820794 0.0376120693
v 0.0511457033 -0.0250659033 0.038561687
v 0.0491422024 -0.0270789605 0.0391330632
v 0.0522134367 -0.0270789605 0.0381351618
v 0.0568082907 0.0310843714 0.0366222176
v 0.0578040398 0.0310843714 0.0357530823
v 0.0587038169 0.0290820794 0.0347390887
v 0.0587038169 0.0310843714 0.0347471312
v 0.0567722968 0.0270797891 0.0365819835
v 0.0597115652 0.0310843714 0.0333146622
v 0.0602874147 0.0310843714 0.0323087183
v 0.0602754191 0.0330974286 0.0322926189
v -0.0491492691 -0.0150436816 0.0391652547
v -0.0471337727 -0.0150436816 0.0396400636
v -0.0473497184 0.0150445111 0.0399700141
v -0.0469418216 0.00719682128 0.0399539148
v -0.0462219999 0.0110291637 0.0401390143
v -0.0451302717 0.0190490943 0.0403804399
v -0.0451302717 0.0230644417 0.040420674
v -0.0451302717 0.0250667319 0.0404367733
v -0.0610622927 -0.0290812507 0.025073944
v -0.0611102894 -0.0310943079 0.0230700969
v -0.0611582718 -0.0330965999 0.0190543549
v -0.061122285 -0.0330965999 0.021058202
v -0.0612182641 -0.0330965999 0.0110309187
v -0.0612062685 -0.0330965999 0.0150386129
v -0.061182263 -0.0330965999 0.0170505078
v -0.0606543995 -0.0270789605 0.0290816381
v -0.0603064842 -0.0270789605 0.0304336319
v -0.0609183312 -0.0290812507 0.0270777911
v -0.0610263059 -0.0310943079 0.025073944
v -0.0560115595 -0.0230636131 0.0360025576
v -0.0549678173 -0.0250659033 0.0365819835
v -0.053156271 -0.0230636131 0.0375718352
v -0.0559635699 -0.0250659033 0.0359784158
v -0.0573672194 -0.0252704382 0.0348115143
v -0.0521005332 -0.021061321 0.0380949278
v -0.0522444982 -0.0150436816 0.0381512612
v -0.0511527701 -0.0110283351 0.0386099707
v -0.0588908391 -0.0270789605 0.0330651868
v -0.0598865918 -0.0270789605 0.0314395758
v -0.058171021 -0.0260778145 0.0341033294
v 0.0391127058 -0.0150436816 -0.0408679188
v 0.0371092049 -0.0150436816 -0.0409403443
v 0.035105704 -0.0150436816 -0.0409805855
v 0.0330902075 -0.0130306262 -0.0410208195
v 0.0290832075 -0.00902604395 -0.0410530111
v 0.0270797084 -0.00300840495 -0.0410610607
v 0.0250762075 0.0190490943 -0.0410610607
v 0.00099821594 0.0210621497 -0.0411012948
v 0.0451352006 -0.0190482656 -0.0403206844
v 0.0451352006 -0.0150436816 -0.0403367765
v 0.0431197041 -0.021061321 -0.0405379682
v 0.0411162067 -0.0170459736 -0.0407391598
v 0.0411162067 -0.0150436816 -0.0407472023
v 0.0451352006 -0.021061321 -0.040304585
v 0.0462869139 -0.021061321 -0.0401436346
v 0.0472106858 -0.0230636131 -0.0399585423
v 0.0527772941 -0.0270789605 -0.0383651228
v 0.0511457033 -0.0270789605 -0.038936499
v 0.0538810215 -0.0230636131 -0.037994931
v 0.0538450275 -0.0250659033 -0.0379707892
v 0.0537730468 -0.0270789605 -0.0379466473
v 0.0551647007 -0.0230636131 -0.0372947959
v 0.0491422024 -0.0250659033 -0.0395320171
v 0.0611032155 0.0290820794 0.0290816381
v 0.0606953222 0.0310843714 0.0310935331
v 0.0612231858 0.0310843714 0.0270777911
v 0.0612471769 0.0310843714 0.025073944
v 0.0612711825 0.0310843714 0.00902707168
v 0.0612831781 0.0290820794 0.00300748259
v 0.0612711825 0.0310843714 -0.00300405884
v 0.0612591725 0.0310843714 -0.00701980063
v 0.0611632078 0.0250667319 -0.0170470839
v 0.0611272067 0.0190490943 -0.0170470839
v 0.0610432375 0.0130314548 -0.0190509309
v 0.0612351814 0.0290820794 -0.0110274948
v 0.0612471769 0.0270797891 -0.0090236477
v 0.0612231858 0.0250667319 -0.0110274948
v 0.061187199 0.0210621497 -0.0130393897
v 0.061187199 0.0250667319 -0.0150432368
v 0.060959254 0.00299846886 -0.0190509309
v 0.0608992617 0.00299846886 -0.0210628259
v 0.0608872661 0.00902687259 -0.0230666729
v 0.0607792914 0.00701381628 -0.02507052
v 0.0605513608 -0.0250659033 -0.0230666729
v 0.0606473255 0.00501152516 -0.027082415
v 0.0604913684 0.00701381628 -0.029086262
v 0.0601674515 -0.0130306262 -0.0299634488
v 0.0596995696 -0.0290812507 -0.0310901109
v 0.0590517286 -0.0270789605 -0.0330939562
v 0.060119462 -0.021061321 -0.029569117
v 0.0600954708 -0.0250659033 -0.0293679271
v 0.0600834716 -0.0270789605 -0.0292633082
v 0.0600114909 -0.0310943079 -0.029086262
v 0.0583798964 -0.0270789605 -0.0343815669
v 0.0584038912 -0.0250659033 -0.0344218081
v 0.057540108 -0.0230636131 -0.0354518939
v 0.0565443554 -0.0230636131 -0.0364095612
v -0.0411232735 0.0210621497 -0.0406828265
v -0.0411232735 -0.00300840495 -0.0406425853
v -0.0411232735 -0.00902604395 -0.0406264931
v -0.039107777 0.0130314548 -0.0407874435
v -0.031093777 0.000996177514 -0.0409805855
v -0.0330972743 0.00501152516 -0.0409564437
v -0.0290782787 0.00299846886 -0.0410047274
v -0.0290782787 -0.00501069607 -0.0409966777
v -0.0371042761 -0.00501069607 -0.0408437769
v -0.0351007752 -0.00701298719 -0.0409001103
v -0.00901928477 0.0190490943 -0.0411012948
v -0.0130382813 0.0190490943 -0.0410932523
v 0.00099821594 0.0190490943 -0.0411093444
v -0.0130382813 0.0150445111 -0.0410932523
v -0.0170452813 -0.00300840495 -0.0410771529
v -0.0190487822 -0.00300840495 -0.0410691104
v -0.0210522813 -0.000995348759 -0.0410610607
v -0.0250712787 -0.000995348759 -0.0410369189
v -0.0270747796 0.000996177514 -0.0410208195
v -0.0603784721 -0.0250659033 -0.0309452526
v -0.0606663951 -0.0270789605 -0.029086262
v -0.0601625227 -0.0230636131 -0.0320477711
v -0.0608223521 -0.0290812507 -0.027082415
v -0.0471337727 -0.0150436816 -0.0398700174
v -0.0491492691 -0.0170459736 -0.0394434994
v -0.0511527701 -0.0170459736 -0.0389204069
v -0.0528443496 -0.0170459736 -0.0383651228
v -0.0527963601 -0.0190482656 -0.0383570731
v -0.0537441232 -0.021061321 -0.0379466473
v -0.0551597719 -0.021061321 -0.0372706468
v -0.0551597719 -0.0230636131 -0.0372143206
v -0.0565994117 -0.0230636131 -0.0364015115
v -0.05760716 -0.0230636131 -0.0356289437
v -0.0576431503 -0.021061321 -0.0356691849
v -0.0586269038 -0.0230636131 -0.0346310423
v -0.0595626713 -0.0250659033 -0.0330939562
v -0.0431267744 -0.0150436816 -0.0404172518
v -0.0448543408 -0.0150436816 -0.0402160673
v -0.044914326 -0.0130306262 -0.0402241098
v -0.0411232735 -0.0110283351 -0.0406184434
v -0.0411232735 -0.0150436816 -0.0405943016
v -0.0458620891 -0.0150436816 -0.0400792587
v -0.06089434 -0.0310943079 -0.02507052
v -0.0611102894 -0.0330965999 -0.0170470839
v -0.0610502971 -0.0350988884 -0.0150432368
v -0.0610862982 -0.0350988884 -0.0130393897
v -0.0611582718 -0.0350988884 -0.00701980063
v -0.061182263 -0.0350988884 -0.00500790613
v -0.061182263 -0.0350988884 0.00300748259
v -0.0611702674 -0.0350988884 0.00902707168
v -0.0609903191 -0.0330965999 -0.0210628259
v -0.0270747796 0.0170468023 0.0410322914
v -0.0230677796 0.0170468023 0.0410403411
v -0.0150417813 0.0170468023 0.0410564332
v -0.0411232735 0.0250667319 0.0408069579
v -0.039107777 0.0170468023 0.0408632913
v -0.0371042761 0.0150445111 0.0409115821
v -0.0351007752 0.0150445111 0.0409518162
v -0.0330972743 0.0150445111 0.0409840077
v -0.031093777 0.0170468023 0.0410081495
v -0.031093777 0.0210621497 0.0410081495
v -0.0431267744 0.0190490943 0.0406138159
v -0.0411232735 0.0190490943 0.0407747736
v -0.0411232735 0.0230644417 0.0407989154
v 0.0411162067 0.0190490943 0.040871341
v 0.0391127058 0.0150445111 0.0409437665
v 0.0371092049 0.0130314548 0.0409920574
v 0.0310867066 0.0110291637 0.0410564332
v 0.0310867066 0.00299846886 0.0410000999
v 0.0330902075 0.00501152516 0.0410000999
v 0.035105704 0.00701381628 0.0409920574
v 0.0371092049 0.00902687259 0.0409679155
v 0.0431197041 0.0250667319 0.0407586742
v 0.0210572101 0.0150445111 0.0410966744
v 0.0130312136 0.0150445111 0.0410886248
v 0.0250762075 0.00299846886 0.0410161992
v 0.0270797084 0.00902687259 0.0410564332
v 0.0270797084 0.0130314548 0.0410805823
v 0.0290832075 0.0110291637 0.0410644829
v 0.0431197041 0.0130314548 0.0406621068
v 0.0431197041 0.00902687259 0.0406299153
v 0.0431197041 0.00299846886 0.0405735819
v 0.0431197041 -0.0170459736 0.0403723903
v 0.0451352006 0.000996177514 0.0403160569
v 0.0462269287 -0.000995348759 0.0401390143
v -0.000993287128 0.0150445111 0.0410725326
v -0.0150417813 0.0150445111 0.0410483907
v 0.0471387015 -0.0110283351 0.039841248
v 0.0472946621 0.000996177514 0.0399619645
v 0.0471387015 -0.0230636131 0.0396802976
v 0.0471387015 -0.0250659033 0.0396481132
v 0.0532091857 -0.0270789605 0.0376684026
v 0.0550447304 -0.0270789605 0.0366624588
v 0.056088469 -0.0250659033 0.0360508413
v 0.0511457033 -0.0270789605 0.0385134033
v 0.0521774463 -0.0282954048 0.0381190696
v 0.0491422024 -0.0290812507 0.0390767298
v 0.0471387015 -0.0270789605 0.0395998224
v 0.0577680494 0.0270797891 0.0357289404
v 0.0577920442 0.0290820794 0.0357369829
v 0.0586918177 0.0270797891 0.0347229894
v 0.0597115652 0.0290820794 0.03329857
v 0.0602874147 0.0290820794 0.0323006686
v 0.0606953222 0.0290820794 0.0310935331
v -0.0510327998 -0.0230636131 0.0384168287
v -0.0491492691 -0.0230636131 0.0389962546
v -0.0471337727 -0.0230636131 0.0394791131
v -0.0511527701 -0.0150436816 0.0385455948
v -0.0451302717 -0.0230636131 0.039841248
v -0.0452142517 -0.0150436816 0.0399780638
v -0.0452982316 -0.0130306262 0.039994156
v -0.0459340734 0.00299846886 0.0400907234
v -0.0452982316 0.00719682128 0.040227532
v -0.0451302717 0.0130314548 0.0403160569
v -0.0445184247 -0.00701298719 0.0401792483
v -0.0442185026 -0.0150436816 0.0401309646
v -0.0431267744 0.0130314548 0.0405574826
v -0.0431267744 0.0170468023 0.0405977238
v -0.0610622927 -0.0330965999 0.0230700969
v -0.061122285 -0.0350988884 0.0170505078
v -0.0610862982 -0.0350988884 0.0190543549
v -0.0610383015 -0.0350988884 0.021058202
v -0.0611582718 -0.0350988884 0.0130347658
v -0.0611462762 -0.0350988884 0.0150386129
v -0.0605944215 -0.0290812507 0.0290816381
v -0.060282493 -0.0290812507 0.030345107
v -0.0608703489 -0.0310943079 0.0270777911
v -0.060966328 -0.0330965999 0.025073944
v -0.0548958365 -0.0270789605 0.0365417423
v -0.053156271 -0.0250659033 0.0375155019
v -0.052040548 -0.0230636131 0.0380707859
v -0.0559035848 -0.0270789605 0.0359301249
v -0.057139278 -0.0270789605 0.0349322307
v -0.0588428532 -0.0290812507 0.0329927613
v -0.0581470262 -0.0270789605 0.0340711379
v -0.0598386022 -0.0290812507 0.0313430084
v 0.0391127058 -0.0170459736 -0.0408598691
v 0.0371092049 -0.0170459736 -0.0409323018
v 0.035105704 -0.0170459736 -0.0409725358
v 0.0330902075 -0.0150436816 -0.041012777
v 0.0310867066 -0.0150436816 -0.0410369189
v 0.0290832075 -0.0130306262 -0.0410530111
v 0.0270797084 -0.0150436816 -0.0410610607
v 0.00702071312 0.0130314548 -0.0411012948
v 0.019053711 0.0170468023 -0.0410771529
v 0.023060711 0.0170468023 -0.0410691104
v 0.0431197041 -0.0230636131 -0.0405057767
v 0.0411162067 -0.021061321 -0.0407069683
v 0.0451352006 -0.0230636131 -0.0402724007
v 0.0462149331 -0.0230636131 -0.0401275424
v 0.046154948 -0.0241831725 -0.0401194927
v 0.0469467504 -0.0249367229 -0.0399665919
v 0.0526813186 -0.0290812507 -0.0383248816
v 0.0511457033 -0.0290812507 -0.0388560238
v 0.0491422024 -0.0290812507 -0.0394032582
v 0.0491422024 -0.0270789605 -0.0394756838
v 0.0551647007 -0.0250659033 -0.037246505
v 0.0551647007 -0.0270789605 -0.0371901716
v 0.0551647007 -0.0290812507 -0.0371096964
v 0.0536770713 -0.0290812507 -0.0379064061
v 0.056508365 -0.0250659033 -0.0363854194
v 0.0471387015 -0.0270789605 -0.0398780671
v 0.0610912199 0.0250667319 0.0290816381
v 0.0612231858 0.0290820794 0.0270777911
v 0.0612471769 0.0290820794 0.025073944
v 0.0612711825 0.0270797891 0.00701517673
v 0.0612711825 0.0250667319 0.00300748259
v 0.0612711825 0.0250667319 0.000995587868
v 0.0612711825 0.0270797891 -0.00300405884
v 0.0612591725 0.0290820794 -0.00701980063
v 0.0611752034 0.0190490943 -0.0130393897
v 0.0611272067 0.0150445111 -0.0150432368
v 0.0610552331 0.00902687259 -0.0170470839
v 0.0612591725 0.0250667319 -0.00500790613
v 0.0612471769 0.0250667319 -0.00701980063
v 0.0608632749 -0.000995348759 -0.0210628259
v 0.0607553002 -0.0230636131 -0.0170470839
v 0.0607073178 -0.0230636131 -0.0190509309
v 0.0606473255 -0.0230636131 -0.0210628259
v 0.0604553817 -0.0250659033 -0.02507052
v 0.0605273552 -0.0270789605 -0.0230666729
v 0.0604313905 -0.0150436816 -0.027082415
v 0.0602034455 -0.0270789605 -0.0282654086
v 0.0596275853 -0.0310943079 -0.0310901109
v 0.0589797479 -0.0290812507 -0.0330939562
v 0.0601914499 -0.0286291201 -0.0281688377
v 0.0600834716 -0.0292104311 -0.0289333577
v 0.0601794471 -0.0299639815 -0.0280561727
v 0.060155456 -0.0310943079 -0.0278630307
v 0.060119462 -0.0330965999 -0.0274043176
v 0.0599155154 -0.0330965999 -0.029086262
v 0.0583319105 -0.0290812507 -0.0343252335
v 0.0574801229 -0.0270789605 -0.035387518
v 0.0575161133 -0.0250659033 -0.035427752
v -0.039107777 0.00299846886 -0.0407713442
v -0.039107777 -0.00902604395 -0.0407472023
v -0.039107777 -0.0150436816 -0.0407230605
v -0.031093777 -0.00501069607 -0.0409725358
v -0.0330972743 -0.000995348759 -0.040948394
v -0.0290782787 -0.00902604395 -0.0409886352
v -0.0270747796 -0.00701298719 -0.041012777
v -0.0371042761 -0.00902604395 -0.0408357272
v -0.0330972743 -0.0110283351 -0.0409323018
v -0.0351007752 -0.0110283351 -0.0408920606
v -0.00901928477 0.0130314548 -0.0411012948
v 0.00702071312 -0.0110283351 -0.0411012948
v 0.00500521618 -0.0130306262 -0.0411012948
v -0.00300878407 -0.0130306262 -0.0411012948
v -0.0050122843 -0.0110283351 -0.0411012948
v -0.00701578431 -0.00300840495 -0.0411012948
v -0.0110227848 -0.00501069607 -0.0410932523
v -0.0150417813 -0.00902604395 -0.0410771529
v -0.0130382813 -0.00701298719 -0.0410852026
v -0.0170452813 -0.00902604395 -0.0410691104
v -0.0210522813 -0.00701298719 -0.0410530111
v -0.0230677796 -0.00501069607 -0.0410449614
v -0.0250712787 -0.00701298719 -0.0410288692
v -0.060138528 -0.0250659033 -0.0319512037
v -0.0603544809 -0.0270789605 -0.0308245362
v -0.0606184127 -0.0290812507 -0.029086262
v -0.0607623742 -0.0310943079 -0.027082415
v -0.0457781127 -0.0170459736 -0.040071209
v -0.0471337727 -0.0190482656 -0.0398217337
v -0.0491492691 -0.0190482656 -0.0394193504
v -0.0511527701 -0.0190482656 -0.0388962578
v -0.052736375 -0.021061321 -0.0383329313
v -0.0536601433 -0.0230636131 -0.0379144558
v -0.0526643942 -0.0230636131 -0.0383007397
v -0.0535641678 -0.0250659033 -0.0378822643
v -0.0551597719 -0.0250659033 -0.0371338382
v -0.0565394266 -0.0250659033 -0.0363612703
v -0.0575351792 -0.0250659033 -0.03558066
v -0.0585909134 -0.0250659033 -0.0345747089
v -0.0594666958 -0.0270789605 -0.0330939562
v -0.0431267744 -0.0190482656 -0.0403689681
v -0.0447823601 -0.0170459736 -0.0402080176
v -0.0411232735 -0.0170459736 -0.0405782022
v -0.0609063356 -0.0330965999 -0.0230666729
v -0.0608103565 -0.0330965999 -0.02507052
v -0.0610023147 -0.0350988884 -0.0170470839
v -0.0608343477 -0.0371119456 -0.0150432368
v -0.0608703489 -0.0371119456 -0.0130393897
v -0.0610143103 -0.0371119456 -0.00500790613
v -0.0610263059 -0.0371119456 -0.00300405884
v -0.0610263059 -0.0371119456 0.0110309187
v -0.0608703489 -0.0350988884 -0.0210628259
v -0.0609423224 -0.0350988884 -0.0190509309
v -0.0290782787 0.0170468023 0.0410242489
v -0.0250712787 0.0130314548 0.0410161992
v -0.0230677796 0.0150445111 0.0410322914
v -0.039107777 0.0130314548 0.0408311069
v -0.0371042761 0.0130314548 0.0408954828
v -0.0351007752 -0.00300840495 0.0408150076
v -0.0330972743 0.000996177514 0.0408793906
v -0.031093777 0.0110291637 0.040975958
v -0.031093777 0.0150445111 0.0410000999
v -0.0411232735 0.0150445111 0.040742582
v 0.0411162067 0.00299846886 0.040742582
v 0.0391127058 0.00701381628 0.0408874403
v 0.0391127058 0.00299846886 0.0408552488
v 0.0290832075 0.00501152516 0.0410242489
v 0.0310867066 -0.0130306262 0.0408874403
v 0.0290832075 -0.0110283351 0.0409115821
v 0.0330902075 -0.0130306262 0.040871341
v 0.035105704 -0.00701298719 0.0408874403
v 0.0371092049 0.00701381628 0.0409518162
v 0.0210572101 0.00299846886 0.0410161992
v 0.0150347136 0.0130314548 0.0410805823
v 0.0250762075 -0.0150436816 0.0408954828
v 0.0270797084 -0.0110283351 0.0409196247
v 0.0411162067 -0.00701298719 0.0406540571
v 0.0411162067 -0.0150436816 0.0405816316
v 0.0431197041 -0.0230636131 0.0402999647
v 0.0443673929 -0.0230636131 0.0401551064
v 0.0446793178 -0.0150436816 0.0402033901
v 0.0460949628 -0.00501069607 0.0401148724
v 0.0449312539 -0.00902604395 0.0402355817
v -0.00300878407 0.0130314548 0.0410564332
v 0.00702071312 -0.0150436816 0.0408874403
v -0.0210522813 0.0130314548 0.0410242489
v -0.0230677796 0.0110291637 0.0410081495
v 0.0457710424 -0.0130306262 0.0400665815
v 0.0453631455 -0.0230636131 0.0400022057
v 0.0452551708 -0.0250659033 0.0399861063
v 0.0549847452 -0.0290812507 0.0366222176
v 0.0529692487 -0.0290166614 0.0377166935
v 0.0559924935 -0.0290812507 0.0359864583
v 0.0560404795 -0.0270789605 0.0360186498
v 0.0573601526 -0.0270574301 0.0348437058
v 0.057168198 -0.0250659033 0.0350690393
v 0.0577440546 0.0250667319 0.0357047986
v 0.0513256587 -0.0290166614 0.0383926868
v 0.052105462 -0.0296410313 0.0380949278
v 0.0491422024 -0.0310943079 0.0389882049
v 0.0510017382 -0.0310943079 0.0384168287
v 0.0471387015 -0.0290812507 0.039543489
v 0.0471387015 -0.0310943079 0.0394630138
v 0.0449552487 -0.0270143694 0.0399861063
v 0.0451352006 -0.0290812507 0.0398975814
v 0.058199941 -0.0250659033 0.0341274713
v 0.0586798222 0.0250667319 0.0346988475
v 0.0596995696 0.0270797891 0.0332824778
v 0.0602634235 0.0230644417 0.0322443352
v 0.0606593355 0.0230644417 0.0310935331
v 0.0606713311 0.0250667319 0.0310935331
v -0.0509488199 -0.0250659033 0.0383926868
v -0.0491492691 -0.0250659033 0.0389399212
v -0.0471337727 -0.0250659033 0.0394227797
v -0.0451302717 -0.0250659033 0.039801014
v -0.0441585175 -0.0161201839 0.0401229149
v -0.0431267744 -0.0150436816 0.0402597235
v -0.0411232735 -0.0130306262 0.0404689648
v -0.0411232735 -0.00902604395 0.0405091989
v -0.0411232735 -0.00501069607 0.0405494401
v -0.0411232735 0.00902687259 0.0406862487
v -0.060966328 -0.0350988884 0.0230700969
v -0.0609783235 -0.0371119456 0.0170505078
v -0.0609423224 -0.0371119456 0.0190543549
v -0.06089434 -0.0371119456 0.021058202
v -0.0610143103 -0.0371119456 0.0130347658
v -0.060510438 -0.0310943079 0.0290816381
v -0.0602225007 -0.0310943079 0.0302082984
v -0.0607623742 -0.0330965999 0.0270777911
v -0.0608343477 -0.0350988884 0.025073944
v -0.0547878618 -0.0290812507 0.0364773665
v -0.053156271 -0.0290812507 0.0373143102
v -0.053156271 -0.0270789605 0.037426977
v -0.051848597 -0.0270789605 0.0379983532
v -0.0519565717 -0.0250659033 0.0380385944
v -0.0557956137 -0.0290812507 0.035865749
v -0.0570672937 -0.0290812507 0.034859798
v -0.0587708689 -0.0310943079 0.0328881442
v -0.0580750419 -0.0290812507 0.0339987123
v -0.0597666215 -0.0310943079 0.0312061998
v 0.0411162067 -0.0230636131 -0.0406747768
v 0.0391127058 -0.0250659033 -0.040690869
v 0.0391127058 -0.0270789605 -0.0406425853
v 0.0411162067 -0.0250659033 -0.0406345356
v 0.0330902075 -0.0170459736 -0.0410047274
v 0.0290832075 -0.0170459736 -0.0410369189
v 0.0250762075 -0.0170459736 -0.0410530111
v 0.019053711 -0.0150436816 -0.0410771529
v 0.0431197041 -0.0250659033 -0.0404655355
v 0.0452791656 -0.0249367229 -0.0402160673
v 0.045879017 -0.0270789605 -0.0400873012
v 0.052525358 -0.0310943079 -0.0382605057
v 0.0511457033 -0.0310943079 -0.0387353074
v 0.0491422024 -0.0310943079 -0.0392825418
v 0.0471387015 -0.0310943079 -0.0397010173
v 0.0471387015 -0.0290812507 -0.0398056343
v 0.0564723746 -0.0270789605 -0.0363532278
v 0.0564243851 -0.0290812507 -0.0363129866
v 0.0563284096 -0.0310943079 -0.0362405611
v 0.0551647007 -0.0310943079 -0.0369648453
v 0.0535211106 -0.0310943079 -0.0378420303
v 0.0610672287 0.0210621497 0.0290816381
v 0.0611752034 0.0190490943 0.0270777911
v 0.0611991946 0.0230644417 0.0270777911
v 0.0612351814 0.0250667319 0.0230700969
v 0.0612471769 0.0270797891 0.021058202
v 0.0612231858 0.0230644417 0.025073944
v 0.0612591725 0.0230644417 0.00501132966
v 0.0612351814 0.0190490943 0.00300748259
v 0.0612351814 0.0190490943 -0.00100021177
v 0.0612591725 0.0230644417 -0.00100021177
v 0.0611512122 0.0130314548 -0.0110274948
v 0.0611632078 0.0170468023 -0.0130393897
v 0.0612111902 0.0190490943 -0.00701980063
v 0.0611032155 0.00902687259 -0.0130393897
v 0.0608752705 -0.021061321 -0.0110274948
v 0.0608272881 -0.0230636131 -0.0130393897
v 0.0612231858 0.0190490943 -0.00500790613
v 0.0607073178 -0.0270789605 -0.0170470839
v 0.0606593355 -0.0270789605 -0.0190509309
v 0.0605993431 -0.0270789605 -0.0210628259
v 0.0603953894 -0.0290812507 -0.02507052
v 0.0602994246 -0.0270789605 -0.027082415
v 0.0603234158 -0.0250659033 -0.027082415
v 0.0604553817 -0.0310943079 -0.0230666729
v 0.0603594026 -0.0310943079 -0.02507052
v 0.0594956194 -0.0330965999 -0.0310901109
v 0.0588717732 -0.0310943079 -0.0330939562
v 0.0582719253 -0.0310943079 -0.0342367158
v 0.0602514279 -0.0292104311 -0.0272594612
v 0.0602394323 -0.0310943079 -0.0268651311
v 0.0600474813 -0.034926649 -0.0268973209
v 0.0602034455 -0.0330965999 -0.0264064181
v 0.0601794471 -0.0341300397 -0.026108659
v 0.0597595547 -0.0350988884 -0.029086262
v 0.0574201377 -0.0290812507 -0.0353231349
v -0.039107777 -0.0170459736 -0.0407069683
v -0.0371042761 -0.0150436816 -0.0408115854
v -0.031093777 -0.00902604395 -0.0409644862
v -0.0270747796 -0.0110283351 -0.0410047274
v -0.031093777 -0.0130306262 -0.0409564437
v -0.0330972743 -0.0130306262 -0.0409242521
v -0.0351007752 -0.0130306262 -0.0408840109
v 0.0150347136 -0.0150436816 -0.0410852026
v 0.00902421358 -0.0150436816 -0.0410932523
v -0.0050122843 -0.0150436816 -0.0410932523
v -0.00701578431 -0.0130306262 -0.0410932523
v -0.0130382813 -0.0130306262 -0.0410771529
v -0.0170452813 -0.0130306262 -0.0410610607
v -0.0210522813 -0.0110283351 -0.0410449614
v -0.0230677796 -0.00902604395 -0.0410369189
v -0.0250712787 -0.0110283351 -0.0410208195
v -0.0601025376 -0.0270789605 -0.0318224376
v -0.0603304754 -0.0290812507 -0.0306394439
v -0.0605224336 -0.0310943079 -0.029086262
v -0.0606424039 -0.0330965999 -0.027082415
v -0.0456941328 -0.0190482656 -0.0400551097
v -0.0455741625 -0.021061321 -0.0400390175
v -0.0471337727 -0.021061321 -0.0397814925
v -0.0491492691 -0.021061321 -0.0393710667
v -0.0511527701 -0.021061321 -0.0388479741
v -0.0511527701 -0.0230636131 -0.0387916408
v -0.0525564195 -0.0250659033 -0.0382685482
v -0.0534322019 -0.0270789605 -0.0378259309
v -0.0551597719 -0.0270789605 -0.0370211787
v -0.0524364492 -0.0270789605 -0.0382202645
v -0.0564554466 -0.0270789605 -0.0363049441
v -0.0574511993 -0.0270789605 -0.0355162769
v -0.0585309283 -0.0270789605 -0.034510333
v -0.0593227307 -0.0290812507 -0.0330939562
v -0.0431267744 -0.021061321 -0.0403367765
v -0.0445664143 -0.021061321 -0.0401758261
v -0.0446863846 -0.0190482656 -0.0401919183
v -0.0411232735 -0.0190482656 -0.0405540604
v -0.0606543995 -0.0350988884 -0.02507052
v -0.0607743698 -0.0350988884 -0.0230666729
v -0.0607143918 -0.0371119456 -0.0190509309
v -0.0604024633 -0.0388774071 -0.0170470839
v -0.0606424039 -0.0391142376 -0.00500790613
v -0.0606903863 -0.0391142376 -0.00100021177
v -0.0607143918 -0.0391142376 0.00501132966
v -0.0607143918 -0.0391142376 0.0110309187
v -0.0606783907 -0.0391142376 0.0170505078
v -0.0606184127 -0.0371119456 -0.0210628259
v -0.0290782787 0.0130314548 0.0410000999
v -0.0230677796 0.00501152516 0.0409679155
v -0.039107777 0.0110291637 0.0408150076
v -0.0371042761 0.00701381628 0.0408471991
v -0.0351007752 -0.0150436816 0.0407184402
v -0.0330972743 -0.0150436816 0.0407506245
v -0.031093777 -0.0150436816 0.0407747736
v -0.031093777 -0.00300840495 0.040871341
v -0.0290782787 -0.00701298719 0.0408552488
v -0.0290782787 0.00501152516 0.0409437665
v -0.039107777 -0.0130306262 0.0405977238
v -0.039107777 0.00299846886 0.040742582
v 0.0391127058 -0.00501069607 0.0407908657
v 0.0391127058 -0.0150436816 0.0407023408
v 0.0371092049 0.00299846886 0.0409196247
v 0.0371092049 -0.0150436816 0.0407747736
v 0.0310867066 -0.0150436816 0.040871341
v 0.0330902075 -0.0150436816 0.0408552488
v 0.035105704 -0.00902604395 0.040871341
v 0.0210572101 -0.0150436816 0.0408954828
v 0.0250762075 -0.0170459736 0.0408793906
v 0.0411162067 -0.0230636131 0.040485057
v 0.0391127058 -0.0230636131 0.0406138159
v 0.0431197041 -0.0250659033 0.0402677732
v 0.0442474226 -0.0250659033 0.0401390143
v -0.0110227848 0.00902687259 0.0410161992
v 0.00300171595 -0.0150436816 0.0408793906
v -0.00701578431 -0.021061321 0.0407908657
v 0.0110277136 -0.0170459736 0.040871341
v 0.0210572101 -0.0170459736 0.0408793906
v -0.0170452813 0.00701381628 0.0409920574
v 0.0441634463 -0.0263038798 0.0401229149
v 0.0531611998 -0.0310943079 0.0375235515
v 0.0549127609 -0.0310943079 0.0365739339
v 0.0559085136 -0.0310943079 0.0359301249
v 0.0570722225 -0.0310943079 0.034924181
v 0.057120212 -0.0290812507 0.0349805144
v 0.0581279603 -0.0290812507 0.034046996
v 0.0581759498 -0.0263684691 0.0341113719
v 0.0520094865 -0.0310943079 0.0380546866
v 0.0491422024 -0.0330965999 0.038859446
v 0.0508097872 -0.0330965999 0.0383444031
v 0.0451352006 -0.0310943079 0.0398251559
v 0.0451352006 -0.0330965999 0.0397044394
v 0.0471387015 -0.0330965999 0.0393342548
v 0.0440194812 -0.0276495045 0.0401068227
v 0.0438275302 -0.0290812507 0.0400826809
v 0.0587278117 -0.0270574301 0.0332905203
v 0.058895768 -0.0250659033 0.0330973783
v 0.0596635756 0.0230644417 0.0332502863
v 0.0602394323 0.0190490943 0.0322041012
v 0.0602514279 0.0210621497 0.0322282431
v 0.0606113387 0.0190490943 0.0310935331
v 0.0602994246 -0.0230636131 0.0304014404
v 0.0609232672 0.00701381628 0.0290816381
v 0.0610072364 0.0150445111 0.0290816381
v -0.0508408487 -0.0270789605 0.0383524528
v -0.0491492691 -0.0270789605 0.0388674957
v -0.0471337727 -0.0270789605 0.039350347
v -0.0451302717 -0.0270789605 0.0397285885
v -0.0430068041 -0.0271866105 0.0400263475
v -0.0434267001 -0.0250659033 0.04003439
v -0.0436186512 -0.0230636131 0.040058539
v -0.0427788592 -0.021061321 0.0401953476
v -0.0411232735 -0.0150436816 0.040444823
v -0.0607863654 -0.0371119456 0.0230700969
v -0.0606543995 -0.0391142376 0.0190543549
v -0.060570416 -0.0391142376 0.021058202
v -0.0603664765 -0.0329674177 0.0291621151
v -0.0601865139 -0.0322138692 0.0301197735
v -0.0605824116 -0.0350988884 0.0270777911
v -0.0603064842 -0.0350988884 0.0285344037
v -0.0606064171 -0.0371119456 0.025073944
v -0.0546439003 -0.0310943079 0.0363888416
v -0.053156271 -0.0310943079 0.0371453101
v -0.0516926363 -0.0290812507 0.0379420198
v -0.0556516486 -0.0310943079 0.0357691744
v -0.0569713182 -0.0310943079 0.0347712802
v -0.0586508986 -0.0330965999 0.0327191441
v -0.0579670708 -0.0310943079 0.0338940881
v -0.059718632 -0.0329674177 0.0309084408
v 0.0411162067 -0.0270789605 -0.0405782022
v 0.0391127058 -0.0290812507 -0.0405782022
v 0.0310867066 -0.0270789605 -0.0407230605
v 0.0310867066 -0.0190482656 -0.0409644862
v 0.023060711 -0.0190482656 -0.0410047274
v 0.0170502101 -0.0170459736 -0.0410691104
v 0.0431197041 -0.0270789605 -0.0404092093
v 0.0448712688 -0.0270789605 -0.0402160673
v 0.0455910869 -0.0290812507 -0.0400470672
v 0.0522854174 -0.0330965999 -0.0381639311
v 0.0521534515 -0.0340977441 -0.0381156474
v 0.0511457033 -0.0330965999 -0.0385421654
v 0.0491422024 -0.0330965999 -0.0391054992
v 0.0471387015 -0.0330965999 -0.0395239746
v 0.0451352006 -0.0330965999 -0.0398378259
v 0.045039225 -0.0311266035 -0.0400148756
v 0.0573361578 -0.0310943079 -0.0352426597
v 0.0562324341 -0.0324937568 -0.0361600859
v 0.0532931656 -0.0330965999 -0.0377293635
v 0.0553206613 -0.0331288919 -0.0366429372
v 0.0611272067 0.0130314548 0.0270777911
v 0.0608032969 -0.0230636131 0.0270777911
v 0.0611512122 0.0130314548 0.025073944
v 0.0612111902 0.0210621497 0.025073944
v 0.0612231858 0.0190490943 0.0130347658
v 0.0612471769 0.0210621497 0.00501132966
v 0.061187199 0.0130314548 0.00701517673
v 0.060959254 -0.0190482656 -0.00500790613
v 0.0611991946 0.0170468023 -0.00701980063
v 0.0608632749 -0.0250659033 -0.0090236477
v 0.0608392837 -0.0250659033 -0.0110274948
v 0.0608152925 -0.0270789605 -0.0110274948
v 0.0607792914 -0.0270789605 -0.0130393897
v 0.0606353299 -0.0310943079 -0.0170470839
v 0.0607553002 -0.0290812507 -0.0130393897
v 0.0607193134 -0.0310943079 -0.0130393897
v 0.0605873475 -0.0310943079 -0.0190509309
v 0.0605273552 -0.0310943079 -0.0210628259
v 0.0603953894 -0.0330965999 -0.0230666729
v 0.0602874147 -0.0330965999 -0.02507052
v 0.0592916692 -0.0350988884 -0.0310901109
v 0.058619837 -0.0331288919 -0.0332629563
v 0.0582119402 -0.0324829916 -0.0341562406
v 0.0599755005 -0.0371119456 -0.02507052
v 0.0597835459 -0.0371119456 -0.027082415
v 0.0601434568 -0.0356048449 -0.02507052
v 0.0602154411 -0.0346037006 -0.02507052
v 0.0594716246 -0.0371119456 -0.029086262
v -0.039107777 -0.021061321 -0.0406425853
v -0.0371042761 -0.0190482656 -0.0407633017
v -0.0351007752 -0.0150436816 -0.0408679188
v -0.0351007752 -0.0170459736 -0.0408518194
v -0.0270747796 -0.0150436816 -0.0409886352
v -0.031093777 -0.0150436816 -0.0409403443
v -0.0330972743 -0.0150436816 -0.0409081528
v 0.0110277136 -0.0170459736 -0.0410771529
v -0.00300878407 -0.0170459736 -0.0410771529
v -0.00701578431 -0.0170459736 -0.0410691104
v -0.0130382813 -0.0170459736 -0.0410530111
v -0.0110227848 -0.0150436816 -0.0410771529
v -0.0130382813 -0.0150436816 -0.0410691104
v -0.0190487822 -0.0150436816 -0.0410449614
v -0.0230677796 -0.0130306262 -0.0410288692
v -0.0230677796 -0.0150436816 -0.0410208195
v -0.0600425524 -0.0290812507 -0.031645395
v -0.0602704974 -0.0310943079 -0.0303899685
v -0.0602105051 -0.0324076389 -0.0301968266
v -0.060342471 -0.0330858347 -0.029166739
v -0.0602704974 -0.0347436444 -0.0285470737
v -0.0603904677 -0.0352818965 -0.027267509
v -0.0453942071 -0.0230636131 -0.0400148756
v -0.0471337727 -0.0230636131 -0.0397332088
v -0.0443984544 -0.0230636131 -0.0401516842
v -0.0491492691 -0.0230636131 -0.039322783
v -0.0491492691 -0.0250659033 -0.0392583999
v -0.0511527701 -0.0250659033 -0.0387192152
v -0.0551597719 -0.0290812507 -0.0368521785
v -0.0522924878 -0.0287044764 -0.0381639311
v -0.0530363007 -0.0292642553 -0.0378178884
v -0.0511527701 -0.0270789605 -0.0386306903
v -0.0563234808 -0.0290812507 -0.0362083696
v -0.0573192334 -0.0290812507 -0.0354116598
v -0.058446952 -0.0290812507 -0.0344137584
v -0.0583149825 -0.0310943079 -0.034252808
v -0.0590827902 -0.0310943079 -0.0330939562
v -0.0599465769 -0.0310943079 -0.0313959196
v -0.0411232735 -0.021061321 -0.0405138263
v -0.0431267744 -0.0230636131 -0.0402884928
v -0.0442424938 -0.024581479 -0.0401355849
v -0.0602704974 -0.0365521667 -0.0267202747
v -0.060342471 -0.0371765367 -0.0250222345
v -0.060510438 -0.0371119456 -0.0230666729
v -0.0603184798 -0.0385652203 -0.0210628259
v -0.0603664765 -0.0387266981 -0.0190509309
v -0.0601025376 -0.0398785513 -0.0170470839
v -0.060138528 -0.0399862032 -0.0150432368
v -0.0604264545 -0.0389850554 -0.0150432368
v -0.060282493 -0.0403522123 -0.00500790613
v -0.0603064842 -0.0404060382 -0.00300405884
v -0.0603184798 -0.0404490989 -0.00100021177
v -0.0603304754 -0.0404921597 0.00300748259
v -0.060342471 -0.0405244516 0.00701517673
v -0.060342471 -0.040545982 0.0110309187
v -0.060342471 -0.040545982 0.0130347658
v -0.0603304754 -0.0405352168 0.0170505078
v -0.0602585018 -0.0383606854 -0.0230666729
v -0.0230677796 -0.0130306262 0.0408391494
v -0.0210522813 -0.0150436816 0.0408311069
v -0.0210522813 0.000996177514 0.0409437665
v -0.0371042761 -0.0150436816 0.0406621068
v -0.0371042761 0.00501152516 0.0408311069
v -0.0351007752 -0.021061321 0.040637965
v -0.0330972743 -0.021061321 0.040678199
v -0.031093777 -0.021061321 0.0407023408
v -0.0270747796 -0.0150436816 0.0408069579
v -0.0250712787 -0.0130306262 0.0408311069
v -0.039107777 -0.0150436816 0.0405735819
v 0.0371092049 -0.0170459736 0.0407586742
v 0.0371092049 -0.0230636131 0.0406942983
v 0.035105704 -0.0150436816 0.0408230573
v 0.0310867066 -0.0170459736 0.0408552488
v 0.0330902075 -0.0170459736 0.0408391494
v 0.0270797084 -0.0230636131 0.0407989154
v 0.0411162067 -0.0250659033 0.0404528655
v 0.0391127058 -0.0250659033 0.0405816316
v 0.0432636691 -0.0270143694 0.0402033901
v 0.0411162067 -0.0270789605 0.0404045818
v 0.0428197783 -0.0290812507 0.0401953476
v -0.0130382813 -0.0150436816 0.0408471991
v -0.0150417813 -0.021061321 0.0407747736
v -0.00701578431 -0.0230636131 0.0407586742
v 0.00702071312 -0.0230636131 0.0407828161
v 0.0130312136 -0.0230636131 0.0407908657
v 0.019053711 -0.0230636131 0.0407989154
v 0.0531611998 -0.0330965999 0.0373786933
v 0.0547927906 -0.0330965999 0.0365015083
v 0.0557885433 -0.0330965999 0.0358416072
v 0.0569882461 -0.0330965999 0.0348437058
v 0.0580679751 -0.0310943079 0.033982613
v 0.0587757977 -0.0310943079 0.0329766691
v 0.0588237872 -0.0290812507 0.033041045
v 0.0518055363 -0.0330965999 0.037982261
v 0.0491422024 -0.0350988884 0.0386421622
v 0.0505098615 -0.0350988884 0.0382397861
v 0.0471387015 -0.0350988884 0.0391330632
v 0.0434796149 -0.0310943079 0.0400504894
v 0.0429877382 -0.0329889481 0.039994156
v 0.0431197041 -0.0350988884 0.0397849218
v 0.0451352006 -0.0350988884 0.039503255
v 0.0589317583 -0.0230636131 0.0330973783
v 0.0598795214 -0.0250659033 0.0313591006
v 0.0598915206 -0.0230636131 0.0314073915
v 0.0601914499 0.0134405256 0.0321155763
v 0.0605633564 0.0150445111 0.0310935331
v 0.0602754191 -0.0250659033 0.0303531567
v 0.0605873475 -0.0230636131 0.0290816381
v -0.0506848881 -0.0290812507 0.0382961194
v -0.0491492691 -0.0290812507 0.0387628786
v -0.0471337727 -0.0290812507 0.0392537796
v -0.0451302717 -0.0290812507 0.0396400636
v -0.0431267744 -0.0290812507 0.0399378226
v -0.0420710366 -0.0279293957 0.0401148724
v -0.0424309475 -0.0250659033 0.0401551064
v -0.0411232735 -0.0230636131 0.0403160569
v -0.0411232735 -0.021061321 0.0403482484
v -0.039107777 -0.0230636131 0.0404609152
v -0.0604024633 -0.0392434162 0.0230861927
v -0.0603184798 -0.0404813945 0.0190543549
v -0.0602704974 -0.0403414471 0.021058202
v -0.0602105051 -0.0402122685 0.0224343376
v -0.0601145332 -0.0335487305 0.0298863957
v -0.0603304754 -0.0370258277 0.0270214577
v -0.0602225007 -0.0362938059 0.0282124992
v -0.0600065621 -0.0350988884 0.0295323033
v -0.0603184798 -0.038662107 0.025073944
v -0.0602345106 -0.0382960979 0.026313271
v -0.0544399501 -0.0330965999 0.0362681251
v -0.053156271 -0.0330965999 0.0369038844
v -0.0514646914 -0.0310943079 0.0378615446
v -0.0504569431 -0.0310943079 0.0382236867
v -0.0568033619 -0.0330965999 0.0346344645
v -0.0554476984 -0.0330965999 0.0356404155
v -0.0592987395 -0.0350988884 0.0310935331
v -0.0584709431 -0.0350988884 0.0324777184
v -0.0578111102 -0.0330965999 0.033725088
v 0.0411162067 -0.0290812507 -0.040497727
v 0.0391127058 -0.0310943079 -0.0404816348
v 0.0310867066 -0.0310943079 -0.04056211
v 0.0310867066 -0.0290812507 -0.0406506349
v 0.023060711 -0.0270789605 -0.0407391598
v 0.0110277136 -0.0190482656 -0.0410208195
v 0.0445833387 -0.0290812507 -0.0401758261
v 0.0431197041 -0.0290812507 -0.0403287269
v 0.0443194069 -0.0304807032 -0.0401436346
v 0.0529572496 -0.0349051186 -0.0376005974
v 0.0517815451 -0.0354326055 -0.0379868813
v 0.0511337041 -0.0349051186 -0.0383007397
v 0.0491422024 -0.0350988884 -0.0388238323
v 0.0471387015 -0.0350988884 -0.0392503574
v 0.0451352006 -0.0350988884 -0.0395722583
v 0.0419200048 -0.0339255048 -0.0401034005
v 0.0432276788 -0.033193483 -0.0400470672
v 0.0439594961 -0.0318155609 -0.0401034005
v 0.0571801972 -0.0331504223 -0.0351139008
v 0.0581399559 -0.0338178529 -0.0340435738
v 0.0561004646 -0.0338286181 -0.0360635113
v 0.0549007653 -0.0350988884 -0.036562462
v 0.0608632749 -0.0230636131 0.025073944
v 0.060731309 -0.0270789605 0.0270777911
v 0.0608992617 -0.021061321 0.0230700969
v 0.0609112716 -0.021061321 0.021058202
v 0.061187199 0.0170468023 0.0230700969
v 0.0609352628 -0.021061321 -0.00300405884
v 0.0609352628 -0.021061321 -0.00500790613
v 0.0608752705 -0.0250659033 -0.00701980063
v 0.0607913013 -0.0290812507 -0.0110274948
v 0.0605873475 -0.0330965999 -0.0170470839
v 0.0607553002 -0.0310943079 -0.0110274948
v 0.0607073178 -0.0330965999 -0.0110274948
v 0.0604673773 -0.0330965999 -0.0210628259
v 0.0603713982 -0.0350988884 -0.0210628259
v 0.0602634235 -0.0352818965 -0.0232437191
v 0.0589077671 -0.0371119456 -0.0310901109
v 0.0585718511 -0.0350988884 -0.0328444808
v 0.0601794471 -0.0360785058 -0.0240323828
v 0.0600954708 -0.03707965 -0.0232437191
v 0.0601314612 -0.0376932548 -0.0210628259
v 0.0597715503 -0.0391142376 -0.0230666729
v 0.0596155897 -0.0391142376 -0.02507052
v 0.0593756491 -0.0391142376 -0.027082415
v 0.0589797479 -0.0391142376 -0.029086262
v -0.039107777 -0.0230636131 -0.0405943016
v -0.0371042761 -0.021061321 -0.0407230605
v -0.0351007752 -0.0190482656 -0.0408196351
v -0.0330972743 -0.0170459736 -0.0408920606
v -0.0250712787 -0.0170459736 -0.0409805855
v -0.000993287128 -0.0190482656 -0.0410208195
v -0.000993287128 -0.0230636131 -0.0408920606
v -0.0130382813 -0.0190482656 -0.0409886352
v -0.0150417813 -0.0170459736 -0.0410449614
v -0.0230677796 -0.0170459736 -0.0409966777
v -0.0598506014 -0.0330858347 -0.0309613448
v -0.060138528 -0.0337425002 -0.0298829736
v -0.0601745183 -0.0360785058 -0.0280561727
v -0.0471337727 -0.0250659033 -0.0396768754
v -0.0449983059 -0.0251843185 -0.0400148756
v -0.0491492691 -0.0270789605 -0.0391779247
v -0.0553037333 -0.0310297168 -0.0365463698
v -0.0562155061 -0.0303192254 -0.036135944
v -0.053156271 -0.0310943079 -0.0375684131
v -0.0513447211 -0.0292642553 -0.0384214562
v -0.0521485227 -0.0300501012 -0.0381075978
v -0.0491492691 -0.0290812507 -0.0390572155
v -0.0569953129 -0.0310297168 -0.035387518
v -0.0582070114 -0.0322461647 -0.0341401412
v -0.0586868889 -0.0329889481 -0.0332066229
v -0.0411232735 -0.0230636131 -0.0404655355
v -0.0432947307 -0.0251843185 -0.0402160673
v -0.0440865331 -0.0259163385 -0.040111443
v -0.0601265324 -0.0378870281 -0.0256579938
v -0.0602105051 -0.0381992113 -0.0243220958
v -0.0599945629 -0.0395663681 -0.0210628259
v -0.060054548 -0.0397278423 -0.0190509309
v -0.0593227307 -0.0411165296 -0.0190509309
v -0.0594307054 -0.0411165296 -0.0170470839
v -0.0595146853 -0.0411165296 -0.0150432368
v -0.0597906163 -0.0413533601 -0.00500790613
v -0.0598266067 -0.0414071824 -0.00300405884
v -0.0598506014 -0.0414502431 -0.00100021177
v -0.0598745926 -0.0414717735 0.000995587868
v -0.0598985874 -0.0415148342 0.00501132966
v -0.0599105866 -0.0415255994 0.00701517673
v -0.0599345778 -0.0415471298 0.0110309187
v -0.0599465769 -0.0415471298 0.0150386129
v -0.0599345778 -0.0415363646 0.0170505078
v -0.0230677796 -0.0150436816 0.0408230573
v -0.0210522813 -0.021061321 0.0407586742
v -0.0371042761 -0.0230636131 0.0405494401
v -0.0351007752 -0.0230636131 0.0406057734
v -0.0330972743 -0.0230636131 0.0406460075
v -0.031093777 -0.0230636131 0.0406701493
v -0.0290782787 -0.0230636131 0.0406942983
v -0.0270747796 -0.021061321 0.0407345324
v 0.035105704 -0.0170459736 0.0408069579
v 0.0371092049 -0.0270789605 0.0406138159
v 0.035105704 -0.0230636131 0.0407345324
v 0.035105704 -0.0250659033 0.0407023408
v 0.0310867066 -0.0230636131 0.0407828161
v 0.0330902075 -0.0230636131 0.0407667239
v 0.0270797084 -0.0270789605 0.0407184402
v 0.0290832075 -0.0250659033 0.0407586742
v 0.0391127058 -0.0270789605 0.0405333407
v 0.0411162067 -0.0290812507 0.0403482484
v 0.0424838623 -0.0310943079 0.0401551064
v -0.0190487822 -0.0230636131 0.0407345324
v -0.0150417813 -0.0230636131 0.040742582
v -0.00901928477 -0.0250659033 0.0407184402
v 0.00702071312 -0.0250659033 0.040742582
v 0.0130312136 -0.0250659033 0.0407506245
v 0.019053711 -0.0250659033 0.0407586742
v 0.023060711 -0.0270789605 0.0407184402
v 0.0531611998 -0.0350988884 0.0371453101
v 0.0546008396 -0.0350988884 0.0363807919
v 0.0556085879 -0.0350988884 0.0357208907
v 0.0568562767 -0.0350988884 0.0347149469
v 0.0578640249 -0.0350988884 0.033749237
v 0.0579839952 -0.0330965999 0.0338860456
v 0.0587158125 -0.0330965999 0.0328881442
v 0.0596875704 -0.0330965999 0.0310935331
v 0.0598315355 -0.0290812507 0.031222292
v 0.0598555302 -0.0270789605 0.0313027672
v 0.0515056141 -0.0350988884 0.037877644
v 0.0471387015 -0.0371119456 0.038819212
v 0.049154198 -0.0370365893 0.0383363535
v 0.0502699209 -0.0363261014 0.0381512612
v 0.0451352006 -0.0371119456 0.0391974462
v 0.0422319261 -0.0322569263 0.0401309646
v 0.0416800642 -0.0335917876 0.0400826809
v 0.0410562216 -0.0350020053 0.0400022057
v 0.0411162067 -0.0371119456 0.0396883473
v 0.0431197041 -0.0371119456 0.0394871556
v 0.0602514279 -0.0270789605 0.0302968233
v 0.0602274367 -0.0290812507 0.0302243978
v 0.060503364 -0.0270789605 0.0290816381
v -0.0491492691 -0.0310943079 0.0386180203
v -0.0471337727 -0.0310943079 0.039116971
v -0.0451302717 -0.0310943079 0.0395193471
v -0.0431267744 -0.0310943079 0.0398251559
v -0.0417951057 -0.0290812507 0.0400907234
v -0.040799353 -0.0290812507 0.0401792483
v -0.0412912298 -0.0271866105 0.0402033901
v -0.0411232735 -0.0250659033 0.0402758229
v -0.039107777 -0.0270789605 0.0403643478
v -0.0371042761 -0.0270789605 0.0404609152
v -0.0371042761 -0.0250659033 0.0405091989
v -0.060138528 -0.0399969684 0.0237702357
v -0.0598985874 -0.0414825387 0.0190543549
v -0.0598266067 -0.0413533601 0.021058202
v -0.0597786171 -0.0409765822 0.0230861927
v -0.0600665472 -0.0376394324 0.0276491691
v -0.0597906163 -0.0370258277 0.0289609253
v -0.0600305569 -0.0396632512 0.025073944
v -0.0598026119 -0.0390281161 0.0270214577
v -0.0542719939 -0.0343776354 0.0361715577
v -0.0532522465 -0.0350665964 0.0365095508
v -0.0511527701 -0.0350988884 0.0374028351
v -0.0510208042 -0.0330858347 0.0377891191
v -0.0502649921 -0.0324184041 0.0381512612
v -0.0565514222 -0.0350988884 0.0344252303
v -0.0550278024 -0.0350665964 0.0355116566
v -0.0587348785 -0.0371334759 0.0311981501
v -0.0583029869 -0.0364768104 0.0322523849
v -0.0575591704 -0.0350988884 0.0334836623
v 0.0432276788 -0.0311266035 -0.0402160673
v 0.0411162067 -0.0310943079 -0.0403931099
v 0.0391127058 -0.0330965999 -0.0403528759
v 0.0310867066 -0.0330965999 -0.0404494433
v 0.023060711 -0.0310943079 -0.0405701597
v 0.023060711 -0.0290812507 -0.0406586774
v 0.0110277136 -0.0270789605 -0.0407472023
v 0.0531611998 -0.0371119456 -0.0369648453
v 0.0544808693 -0.0371119456 -0.0363049441
v 0.0511337041 -0.0371227107 -0.0377856969
v 0.0504498763 -0.0364552801 -0.0382041723
v 0.0491422024 -0.0371227107 -0.0383731653
v 0.0471387015 -0.0371119456 -0.0388238323
v 0.0451352006 -0.0371119456 -0.0391537829
v 0.0431197041 -0.0371119456 -0.0393952085
v 0.0431197041 -0.0350988884 -0.0398056343
v 0.0412001831 -0.0350343008 -0.0399907338
v 0.0405883361 -0.0343238094 -0.0401516842
v 0.0412001831 -0.033193483 -0.0402241098
v 0.0426158317 -0.0325906434 -0.0401677764
v 0.0579959944 -0.0350988884 -0.0338504319
v 0.0569882461 -0.0350988884 -0.0349127091
v 0.0559085136 -0.0350988884 -0.0359186602
v 0.0607913013 -0.0270789605 0.025073944
v 0.0608752705 -0.0230636131 0.0230700969
v 0.0607553002 -0.0290812507 0.025073944
v 0.0606353299 -0.0310943079 0.0270777911
v 0.0607073178 -0.0310943079 0.025073944
v 0.0608872661 -0.0230636131 0.0170505078
v 0.0609112716 -0.0230636131 -0.00500790613
v 0.0608152925 -0.0290812507 -0.00701980063
v 0.060575352 -0.0350988884 -0.0130393897
v 0.0604913684 -0.0350988884 -0.0170470839
v 0.0604433861 -0.0350988884 -0.0190509309
v 0.0607792914 -0.0310943079 -0.00701980063
v 0.0607193134 -0.0330965999 -0.0090236477
v 0.0606113387 -0.0350988884 -0.0110274948
v 0.0602154411 -0.036390689 -0.0226964848
v 0.0584158868 -0.0389635286 -0.0309935363
v 0.0582119402 -0.0381992113 -0.0321523881
v 0.0583559017 -0.0371119456 -0.032434055
v 0.060155456 -0.0379516156 -0.0195498816
v 0.0598675258 -0.0391142376 -0.0210628259
v 0.0602634235 -0.0372088322 -0.0189543599
v 0.0592676744 -0.0411165296 -0.0210628259
v 0.0591357085 -0.0411165296 -0.0230666729
v 0.0589557531 -0.0411165296 -0.02507052
v 0.0585958422 -0.0412564734 -0.0271146047
v 0.0584158868 -0.0406536338 -0.029086262
v 0.0582479306 -0.0402660944 -0.0302531599
v -0.0371042761 -0.0230636131 -0.0406747768
v -0.039107777 -0.0250659033 -0.0405379682
v -0.0411232735 -0.0270789605 -0.0403528759
v -0.0351007752 -0.021061321 -0.0407713442
v -0.0330972743 -0.0190482656 -0.0408437769
v -0.0230677796 -0.0190482656 -0.0409403443
v -0.0351007752 -0.0250659033 -0.0406667271
v -0.0351007752 -0.0230636131 -0.0407230605
v -0.000993287128 -0.0270789605 -0.0407472023
v -0.0130382813 -0.0270789605 -0.0407150108
v -0.0130382813 -0.0250659033 -0.0407874435
v -0.0230677796 -0.0230636131 -0.0408115854
v -0.0593947151 -0.0350988884 -0.0310901109
v -0.0600425524 -0.0352818965 -0.029166739
v -0.0595986617 -0.0371119456 -0.029086262
v -0.0600425524 -0.0371765367 -0.027267509
v -0.0451302717 -0.0270789605 -0.0399263507
v -0.0471337727 -0.0270789605 -0.0395964002
v -0.0471337727 -0.0290812507 -0.0394917831
v -0.0560595454 -0.0316648519 -0.0360393694
v -0.0548118566 -0.0330965999 -0.0364578449
v -0.053156271 -0.0330965999 -0.0372384625
v -0.0519565717 -0.0310943079 -0.0380432147
v -0.0491492691 -0.0310943079 -0.0388801657
v -0.0509488199 -0.0310943079 -0.0383651228
v -0.0471337727 -0.0310943079 -0.0393308327
v -0.0572832395 -0.0329889481 -0.0347517587
v -0.058027056 -0.0335917876 -0.0339469993
v -0.0585549231 -0.0350988884 -0.0326432892
v -0.0438825865 -0.0270789605 -0.0400953509
v -0.0428748347 -0.0270789605 -0.0401919183
v -0.0593947151 -0.0391142376 -0.027082415
v -0.0598266067 -0.0389635286 -0.0250222345
v -0.0598985874 -0.0393618332 -0.0230666729
v -0.0589868147 -0.0411165296 -0.0230666729
v -0.0591787693 -0.0411165296 -0.0210628259
v -0.0583749676 -0.0423437391 -0.0210628259
v -0.058446952 -0.0424298606 -0.0190509309
v -0.0585069371 -0.0425052133 -0.0170470839
v -0.0585549231 -0.0425698044 -0.0150432368
v -0.058782868 -0.0428496956 -0.00500790613
v -0.0588188584 -0.0429142831 -0.00300405884
v -0.0588548488 -0.042968109 -0.00100021177
v -0.0588668444 -0.0430004046 0.000995587868
v -0.0588908391 -0.0430542305 0.00501132966
v -0.0589028383 -0.0430757609 0.00701517673
v -0.0589388287 -0.043118818 0.0130347658
v -0.058782868 -0.0433233565 0.0171148891
v -0.0589028383 -0.0430865261 0.0190543549
v -0.0230677796 -0.021061321 0.0407506245
v -0.0351007752 -0.0250659033 0.0405655322
v -0.0330972743 -0.0250659033 0.0406057734
v -0.031093777 -0.0250659033 0.0406299153
v -0.0270747796 -0.0270789605 0.0406138159
v -0.0270747796 -0.0250659033 0.0406621068
v -0.0230677796 -0.0230636131 0.0407184402
v -0.031093777 -0.0270789605 0.0405816316
v 0.0371092049 -0.0290812507 0.0405574826
v 0.035105704 -0.0270789605 0.0406540571
v 0.0330902075 -0.0270789605 0.0406862487
v 0.0310867066 -0.0270789605 0.0407023408
v 0.0290832075 -0.0290812507 0.0406540571
v 0.0391127058 -0.0290812507 0.0404770073
v 0.0411162067 -0.0310943079 0.0402758229
v -0.0150417813 -0.0250659033 0.0407023408
v -0.0230677796 -0.0250659033 0.040678199
v -0.0210522813 -0.0250659033 0.0406862487
v -0.00901928477 -0.0270789605 0.0406701493
v 0.0110277136 -0.0270789605 0.0407023408
v 0.0110277136 -0.0290812507 0.0406460075
v 0.019053711 -0.0290812507 0.0406540571
v 0.051025733 -0.0370365893 0.0377327857
v 0.0533411552 -0.0372841849 0.0366624588
v 0.0543848938 -0.0367351713 0.0362439833
v 0.0566523301 -0.0371119456 0.0345218049
v 0.0550927163 -0.0372841849 0.0356404155
v 0.0576480791 -0.0371119456 0.0335158538
v 0.058475872 -0.0371119456 0.0325179524
v 0.0586318326 -0.0350988884 0.0327432859
v 0.0595316097 -0.0350988884 0.0310935331
v 0.0601794471 -0.0320093342 0.0300714898
v 0.0598555302 -0.0312342517 0.030924533
v 0.0602034455 -0.0306637077 0.0301439154
v 0.048494365 -0.0384575721 0.038215637
v 0.0451352006 -0.0391142376 0.0387387368
v 0.0470907155 -0.0391250028 0.0383524528
v 0.0498380293 -0.0376609628 0.0380225022
v 0.0410562216 -0.0329889481 0.0401712058
v 0.0403483955 -0.0342592183 0.0401390143
v 0.0391127058 -0.0355725493 0.040058539
v 0.0411162067 -0.0391142376 0.0392296378
v 0.0391127058 -0.0371119456 0.0398171062
v 0.0391127058 -0.0391142376 0.0393664464
v 0.0431197041 -0.0391142376 0.0390284461
v 0.0604553817 -0.0290812507 0.0290816381
v -0.0492452482 -0.0330858347 0.038368545
v -0.0471337727 -0.0330965999 0.0389157794
v -0.0451302717 -0.0330965999 0.0393262052
v -0.0431267744 -0.0330965999 0.0396400636
v -0.0411232735 -0.0330965999 0.0398734396
v -0.0410872832 -0.0311373686 0.0400424397
v -0.0404034518 -0.0305022335 0.0401470568
v -0.039107777 -0.0290812507 0.040291915
v -0.0371042761 -0.0290812507 0.0403884896
v -0.0351007752 -0.0290812507 0.0404609152
v -0.0351007752 -0.0270789605 0.0405172485
v -0.0593467255 -0.0411165296 0.025073944
v -0.058830854 -0.0429788742 0.021058202
v -0.0586988881 -0.0427958697 0.0230700969
v -0.059058799 -0.0391142376 0.0290816381
v -0.0587348785 -0.0412134127 0.0270777911
v -0.058410958 -0.0404813945 0.0290816381
v -0.0539840638 -0.0357124967 0.0360106073
v -0.0525564195 -0.0371119456 0.0363003167
v -0.0511527701 -0.0371119456 0.0368877923
v -0.0489933085 -0.0369720017 0.037684502
v -0.0495931599 -0.0350988884 0.0379420198
v -0.0499890612 -0.0337532654 0.0380627363
v -0.0563234808 -0.0364768104 0.0342320883
v -0.0583989624 -0.0391142376 0.0304738731
v -0.0580510507 -0.037822437 0.0319385265
v -0.057187264 -0.0371442411 0.0331215202
v 0.0391127058 -0.0345606399 -0.0401919183
v 0.0371092049 -0.0347328793 -0.0402160673
v 0.035105704 -0.0348297659 -0.0402321595
v 0.0330902075 -0.0348835883 -0.0402482516
v 0.0310867066 -0.0349051186 -0.0402482516
v 0.023060711 -0.0330965999 -0.040457493
v 0.0110277136 -0.0310943079 -0.0405782022
v 0.0110277136 -0.0290812507 -0.0406667271
v 0.0530292339 -0.0389419982 -0.0363612703
v 0.0511457033 -0.0391142376 -0.0370775049
v 0.0541929428 -0.0381669157 -0.0361278943
v 0.055476622 -0.0371119456 -0.0356048018
v 0.0498140345 -0.0378009066 -0.0380271225
v 0.0484703702 -0.0383391551 -0.0381961227
v 0.0471387015 -0.0387266981 -0.0383409809
v 0.0452191805 -0.0392649466 -0.0384697399
v 0.0431197041 -0.0391142376 -0.0387916408
v 0.0411162067 -0.0371119456 -0.0395722583
v 0.0391127058 -0.0355617841 -0.0400229253
v 0.0576840695 -0.0371119456 -0.0334319564
v 0.0566763213 -0.0371119456 -0.0345988507
v 0.060731309 -0.0310943079 0.0230700969
v 0.0607792914 -0.0290812507 0.021058202
v 0.0608512793 -0.0250659033 0.0190543549
v 0.0603354114 -0.0330965999 0.0289206877
v 0.0605633564 -0.0330965999 0.0270777911
v 0.0606473255 -0.0330965999 0.025073944
v 0.0608512793 -0.0270789605 -0.00300405884
v 0.0608512793 -0.0270789605 -0.00500790613
v 0.0603953894 -0.0371119456 -0.0130393897
v 0.0603234158 -0.0371119456 -0.0170470839
v 0.0607792914 -0.0310943079 -0.00300405884
v 0.060731309 -0.0330965999 -0.00500790613
v 0.0606473255 -0.0350988884 -0.00500790613
v 0.0606353299 -0.0350988884 -0.00701980063
v 0.0604913684 -0.0371119456 -0.00500790613
v 0.0604313905 -0.0371119456 -0.0110274948
v 0.0579120145 -0.0395448378 -0.0315890616
v 0.0571442068 -0.0390281161 -0.0330456725
v 0.0601794471 -0.0381346201 -0.0182139836
v 0.0599874961 -0.038931233 -0.0189543599
v 0.0599874961 -0.0392111206 -0.0170470839
v 0.0593636535 -0.0411165296 -0.0190509309
v 0.0585238615 -0.042666691 -0.0210628259
v 0.0584518808 -0.042548274 -0.0230666729
v 0.0583439061 -0.0423867998 -0.02507052
v 0.0582479306 -0.0422360908 -0.0264707993
v 0.0581159647 -0.0420207907 -0.0278066974
v 0.0578880197 -0.0416547781 -0.029086262
v 0.0572161875 -0.0411595867 -0.0311303449
v -0.0371042761 -0.0250659033 -0.0406184434
v -0.039107777 -0.0270789605 -0.0404735851
v -0.0411232735 -0.0290812507 -0.0402724007
v -0.0424669379 -0.0290812507 -0.0401516842
v -0.0351007752 -0.0270789605 -0.0406023512
v -0.000993287128 -0.0290812507 -0.0406667271
v -0.0130382813 -0.0290812507 -0.0406345356
v -0.0230677796 -0.0290812507 -0.0405943016
v -0.0230677796 -0.0270789605 -0.0406667271
v -0.0583269817 -0.0364768104 -0.0323133386
v -0.0587108837 -0.0371334759 -0.0311625364
v -0.0584349528 -0.0385867507 -0.0305428765
v -0.0587228829 -0.0392003591 -0.0291345475
v -0.0451302717 -0.0290812507 -0.0398217337
v -0.0434746861 -0.0290812507 -0.0400470672
v -0.0451302717 -0.0310943079 -0.0396768754
v -0.0558076093 -0.0330965999 -0.0358864687
v -0.0544639449 -0.034657523 -0.0362727526
v -0.0533122316 -0.0352280706 -0.0366509869
v -0.0515006853 -0.0330965999 -0.037890314
v -0.0509848138 -0.0349481794 -0.0376569308
v -0.0505049327 -0.0330965999 -0.0382283142
v -0.0471337727 -0.0330965999 -0.0390813573
v -0.0491492691 -0.0330965999 -0.0386065485
v -0.0451302717 -0.0330965999 -0.0394595916
v -0.0567553724 -0.0350988884 -0.0345908082
v -0.057751125 -0.0350988884 -0.0336492402
v -0.0583389773 -0.0403629774 -0.0284907421
v -0.0585549231 -0.0406966946 -0.027082415
v -0.0586628977 -0.041234943 -0.0249256635
v -0.0581830166 -0.0421392042 -0.0241611435
v -0.0582669965 -0.0422253257 -0.0230666729
v -0.0572952386 -0.0433448833 -0.0210628259
v -0.0500610419 -0.0520214785 -0.00100021177
v -0.0501330262 -0.0521291303 0.000995587868
v -0.057943076 -0.0439154309 -0.00300405884
v -0.0579910656 -0.0439692568 -0.00100021177
v -0.058027056 -0.0440015488 0.000995587868
v -0.0580630463 -0.0440230792 0.00300748259
v -0.0580870411 -0.0440553747 0.00501132966
v -0.0581110359 -0.0440769051 0.00701517673
v -0.0581350271 -0.0440876703 0.00902707168
v -0.0581470262 -0.0441092006 0.0110309187
v -0.058171021 -0.044130731 0.014354569
v -0.058171021 -0.044130731 0.0178311236
v -0.0581350271 -0.0440984355 0.0190543549
v -0.0330972743 -0.0270789605 0.0405574826
v -0.0290782787 -0.0290812507 0.0405333407
v -0.0250712787 -0.0290812507 0.0405574826
v -0.0230677796 -0.0270789605 0.0406299153
v -0.031093777 -0.0290812507 0.0405172485
v 0.0371092049 -0.0310943079 0.040485057
v 0.035105704 -0.0290812507 0.0405977238
v 0.0330902075 -0.0290812507 0.0406299153
v 0.0310867066 -0.0290812507 0.0406460075
v 0.0290832075 -0.0310943079 0.0405735819
v 0.0391127058 -0.0310943079 0.0404045818
v 0.0391127058 -0.0330965999 0.040291915
v -0.0150417813 -0.0270789605 0.0406540571
v -0.0210522813 -0.0270789605 0.040637965
v -0.0150417813 -0.0290812507 0.0405896741
v 0.00702071312 -0.0290812507 0.040637965
v 0.00902421358 -0.0310943079 0.0405574826
v 0.019053711 -0.0310943079 0.0405735819
v 0.0511457033 -0.0391142376 0.0371533598
v 0.0528252837 -0.0391142376 0.0364371253
v 0.0541449532 -0.0380700326 0.036099125
v 0.0564003903 -0.0386728722 0.0343045139
v 0.0583079157 -0.0385544552 0.0322845764
v 0.0592556788 -0.0371119456 0.0310935331
v 0.060071476 -0.0350988884 0.0295886367
v 0.0601434568 -0.0330965999 0.0299185873
v 0.060347407 -0.0312342517 0.0292747801
v 0.0477265573 -0.0397924334 0.0380144526
v 0.049154198 -0.0391250028 0.0378213106
v 0.0451352006 -0.0405782775 0.0382880698
v 0.0463948886 -0.0402768596 0.0381673533
v 0.0391127058 -0.0345606399 0.0401712058
v 0.0371092049 -0.0349051186 0.0402114398
v 0.0371092049 -0.0359062664 0.0400987731
v 0.0413081578 -0.0413210645 0.0384812117
v 0.0431197041 -0.0409550518 0.038432928
v 0.0391127058 -0.0411165296 0.0387145877
v 0.0371092049 -0.0371119456 0.0398975814
v 0.0371092049 -0.0391142376 0.0394469216
v -0.0485974073 -0.0350988884 0.0382397861
v -0.0471337727 -0.0350988884 0.0386180203
v -0.0451302717 -0.0350988884 0.0390445383
v -0.0431267744 -0.0350988884 0.0393744889
v -0.0411232735 -0.0350988884 0.0396159217
v -0.039107777 -0.0350988884 0.0397929643
v -0.0391677622 -0.0330643044 0.0400424397
v -0.0398635891 -0.0318370913 0.0400987731
v -0.0391677622 -0.0311373686 0.040187298
v -0.0371042761 -0.0310943079 0.040291915
v -0.0351007752 -0.0310943079 0.0403562981
v -0.0330972743 -0.0310943079 0.0403965321
v -0.0330972743 -0.0290812507 0.0404931067
v -0.0584829423 -0.0425267436 0.025073944
v -0.0582909877 -0.042279148 0.026409842
v -0.058027056 -0.0439907836 0.021058202
v -0.0578351049 -0.0437970139 0.0230700969
v -0.058171021 -0.0401153818 0.0300875856
v -0.058027056 -0.0419346693 0.0277457401
v -0.0535641678 -0.0371119456 0.0357933163
v -0.055267743 -0.0371334759 0.034731039
v -0.0522085079 -0.0381669157 0.0361313165
v -0.0509728146 -0.0389527634 0.0363083663
v -0.0491492691 -0.0391142376 0.0369119341
v -0.0475296739 -0.0375425458 0.0379500695
v -0.0482255008 -0.0362076844 0.0381351618
v -0.0560115595 -0.0378116718 0.033982613
v -0.0577031355 -0.0391142376 0.031479817
v -0.0566953872 -0.0391142376 0.0326306192
v 0.0371092049 -0.0357340235 -0.0400551097
v 0.035105704 -0.0358309101 -0.040071209
v 0.0330902075 -0.0358847361 -0.0400792587
v 0.0310867066 -0.0359062664 -0.0400873012
v 0.0290832075 -0.0359277968 -0.0400873012
v 0.0270797084 -0.034926649 -0.0402482516
v 0.0110277136 -0.0330965999 -0.040457493
v -0.000993287128 -0.0310943079 -0.0405782022
v 0.0522734218 -0.0402230336 -0.0361681284
v 0.0511457033 -0.0406213383 -0.0363854194
v 0.0491422024 -0.0390496465 -0.0377454557
v 0.0563763955 -0.0385006328 -0.0343091414
v 0.0550927163 -0.0390065857 -0.0350575674
v 0.053605087 -0.039501777 -0.0358059935
v 0.0471387015 -0.0397278423 -0.0379627395
v 0.0459509978 -0.0400400291 -0.0380834559
v 0.0446073335 -0.0402768596 -0.038188073
v 0.0431197041 -0.0404706293 -0.0382765979
v 0.0411162067 -0.0391142376 -0.0389686906
v 0.0391127058 -0.0371119456 -0.0396849251
v 0.0607433046 -0.0310943079 0.0190543549
v 0.0606713311 -0.0330965999 0.0230700969
v 0.0606833266 -0.0330965999 0.021058202
v 0.0606953222 -0.0330965999 0.0170505078
v 0.0602754191 -0.0350988884 0.0285826892
v 0.0604553817 -0.0350988884 0.0270777911
v 0.0605633564 -0.0350988884 0.025073944
v 0.0605993431 -0.0350988884 0.0230700969
v 0.0601914499 -0.0382099764 -0.0170470839
v 0.060731309 -0.0330965999 -0.00300405884
v 0.0606473255 -0.0350988884 -0.00300405884
v 0.060503364 -0.0371119456 -0.00300405884
v 0.0602874147 -0.0387482285 -0.00500790613
v 0.0602514279 -0.0384791025 -0.0110274948
v 0.0602154411 -0.0383068631 -0.0150432368
v 0.0565683501 -0.0407074598 -0.0325950055
v 0.0559804943 -0.0398462594 -0.0339309071
v 0.0600234865 -0.0393080073 -0.0150432368
v 0.0594356342 -0.0411165296 -0.0170470839
v 0.058619837 -0.0428174 -0.0170470839
v 0.0585718511 -0.0427528089 -0.0190509309
v 0.0578760241 -0.0437539567 -0.0190509309
v 0.0578040398 -0.0436678353 -0.0210628259
v 0.0577080643 -0.0435494182 -0.0230666729
v 0.0575640992 -0.043387944 -0.02507052
v 0.0574801229 -0.0429896394 -0.0271146047
v 0.0561964437 -0.0441522614 -0.0281527437
v 0.0567603012 -0.0431618788 -0.0289253116
v 0.0565203606 -0.0425159785 -0.0306716354
v 0.0561004646 -0.0420423175 -0.032007537
v -0.0371042761 -0.0270789605 -0.0405540604
v -0.039107777 -0.0290812507 -0.0403931099
v -0.041027298 -0.0309543605 -0.0401677764
v -0.0422030025 -0.030200812 -0.0401275424
v -0.039107777 -0.0310943079 -0.0402804432
v -0.0351007752 -0.0290812507 -0.0405218688
v -0.0130382813 -0.0310943079 -0.0405460179
v -0.0230677796 -0.0310943079 -0.0405057767
v -0.0572232543 -0.0371873019 -0.0331422399
v -0.058027056 -0.037822437 -0.0318868206
v -0.0580510507 -0.0399323772 -0.0298346881
v -0.0429708138 -0.0309543605 -0.0399826841
v -0.0431267744 -0.0330965999 -0.0397412585
v -0.0551477727 -0.0352280706 -0.0356772274
v -0.0540800393 -0.0359923843 -0.036071561
v -0.0511527701 -0.0371119456 -0.0369085119
v -0.0526164047 -0.0371119456 -0.0363210363
v -0.0502050069 -0.0341838656 -0.0381317396
v -0.0496291503 -0.0355187234 -0.0379627395
v -0.0451302717 -0.0350988884 -0.0390974495
v -0.0471337727 -0.0350988884 -0.0387031159
v -0.049041298 -0.0349481794 -0.0382685482
v -0.0431267744 -0.0350988884 -0.0394032582
v -0.0564194563 -0.0365414015 -0.034317191
v -0.0572712439 -0.0412134127 -0.0292391664
v -0.0578231057 -0.0416978388 -0.027082415
v -0.0580510507 -0.04197773 -0.0254970416
v -0.0572952386 -0.0428066349 -0.0249256635
v -0.056107535 -0.0440876703 -0.0237104801
v -0.0569953129 -0.043387944 -0.023050579
v -0.0562035105 -0.0441630266 -0.0223745821
v -0.0490652928 -0.0527104395 -0.00100021177
v -0.0491372736 -0.0527427351 0.000995587868
v -0.0491492691 -0.0529149744 0.0150386129
v -0.0501450218 -0.0521506607 0.00501132966
v -0.0501690166 -0.0521937214 0.0150386129
v -0.0501690166 -0.0521829562 0.0161008937
v -0.0290782787 -0.0310943079 0.040444823
v -0.0230677796 -0.0290812507 0.0405655322
v -0.031093777 -0.0310943079 0.040420674
v 0.0371092049 -0.0330965999 0.0403723903
v 0.035105704 -0.0310943079 0.0405252982
v 0.0330902075 -0.0310943079 0.0405494401
v 0.0310867066 -0.0310943079 0.0405655322
v 0.0290832075 -0.0330965999 0.0404528655
v -0.0170452813 -0.0310943079 0.0404931067
v -0.0110227848 -0.0310943079 0.0405091989
v 0.00902421358 -0.0330965999 0.0404287236
v 0.0130312136 -0.0330965999 0.0404367733
v 0.0210572101 -0.0330965999 0.0404528655
v 0.0491422024 -0.0411165296 0.0371131257
v 0.0510857181 -0.041084234 0.0364612671
v 0.0523933921 -0.040395273 0.0362278911
v 0.0538210363 -0.0391142376 0.0359301249
v 0.0553326569 -0.0392541814 0.0348839398
v 0.0561124638 -0.0400184987 0.0340550457
v 0.0572401823 -0.0392864769 0.0331698111
v 0.0580919699 -0.0398893165 0.031970718
v 0.0587158125 -0.0391788287 0.0312142495
v 0.0595915949 -0.0391142376 0.0290816381
v 0.0599755005 -0.0371334759 0.0290092108
v 0.0602154411 -0.0364875756 0.0282849284
v 0.0470907155 -0.0410088778 0.0377166935
v 0.0451352006 -0.0415794254 0.0378937361
v 0.0431197041 -0.0419561996 0.0380466441
v 0.035105704 -0.0330965999 0.0404126315
v 0.0350817093 -0.0352711313 0.0402114398
v 0.0357415458 -0.0360462102 0.0401148724
v 0.0420999602 -0.0421176738 0.03811102
v 0.0407562959 -0.0422360908 0.0381673533
v 0.0391127058 -0.0423437391 0.0382236867
v 0.0371092049 -0.0411165296 0.038795063
v 0.0350817093 -0.036928941 0.0399700141
v 0.035105704 -0.0391142376 0.0394871556
v -0.046977812 -0.0369720017 0.0382558782
v -0.0451302717 -0.0371119456 0.03862607
v -0.0431267744 -0.0371119456 0.0389721127
v -0.0411232735 -0.0371119456 0.0392296378
v -0.039107777 -0.0371119456 0.0394066804
v -0.0371042761 -0.0371119456 0.0395273968
v -0.0371042761 -0.0350988884 0.0399056311
v -0.0371042761 -0.0337425002 0.0400826809
v -0.0385319204 -0.0323861085 0.0401470568
v -0.0371042761 -0.0327413524 0.0401792483
v -0.0351007752 -0.0332365437 0.0401953476
v -0.0330972743 -0.0330965999 0.040251681
v -0.0575471748 -0.0435278914 0.025073944
v -0.0571632692 -0.0431295832 0.0270616953
v -0.0565394266 -0.0444213838 0.025073944
v -0.0576791407 -0.0414825387 0.0290816381
v -0.0563114816 -0.0422683828 0.0302726815
v -0.0569833173 -0.0408904643 0.0308521074
v -0.0563234808 -0.0403199167 0.0322523849
v -0.0566713924 -0.0426236303 0.0290816381
v -0.0545599204 -0.0391142376 0.0343688969
v -0.0529883111 -0.0389527634 0.035350699
v -0.0515366757 -0.0395125422 0.0358255078
v -0.0501930114 -0.0401584425 0.0361232669
v -0.0491492691 -0.0405029248 0.0363083663
v -0.046977812 -0.0389419982 0.0376281686
v -0.0461980087 -0.0381561505 0.0381271193
v -0.0555676687 -0.0391142376 0.0336285206
v -0.054188014 -0.0401476773 0.0341194216
v 0.0371092049 -0.0371119456 -0.039749301
v 0.035105704 -0.0371119456 -0.0397814925
v 0.0330902075 -0.0371119456 -0.0397975918
v 0.0290832075 -0.0371119456 -0.0398056343
v 0.023060711 -0.0359277968 -0.0400873012
v 0.0250762075 -0.034926649 -0.0402482516
v 0.0210572101 -0.0349158838 -0.0402482516
v 0.0150347136 -0.0348835883 -0.0402482516
v 0.00500521618 -0.0348297659 -0.0402482516
v 0.00099821594 -0.0348082356 -0.0402482516
v -0.000993287128 -0.0347974704 -0.0402482516
v -0.000993287128 -0.0330965999 -0.0404494433
v 0.053137205 -0.0411057644 -0.0351058511
v 0.052669323 -0.0424944481 -0.0344057088
v 0.0511457033 -0.0416224825 -0.0357898941
v 0.0499579996 -0.0420315523 -0.0360474191
v 0.0492381779 -0.0412672386 -0.0366831784
v 0.0546488292 -0.0406536338 -0.0344620421
v 0.0471387015 -0.0411165296 -0.0372947959
v 0.0452191805 -0.0410088778 -0.0377213138
v 0.0431197041 -0.0414717735 -0.0377856969
v 0.0411162067 -0.0416763084 -0.037890314
v 0.0411162067 -0.0406751642 -0.0383651228
v 0.0391127058 -0.0391142376 -0.0390813573
v 0.0607073178 -0.0330965999 0.0110309187
v 0.0606233343 -0.0350988884 0.0150386129
v 0.0604193949 -0.0371119456 0.025073944
v 0.0602874147 -0.0371334759 0.0270858389
v 0.0604673773 -0.0371119456 0.0230700969
v 0.0604913684 -0.0371119456 0.0190543549
v 0.060503364 -0.0371119456 0.0130347658
v 0.0602994246 -0.0390388813 0.0150386129
v 0.0602994246 -0.0390065857 0.0110309187
v 0.0602994246 -0.0389850554 0.00902707168
v 0.0602994246 -0.0388235812 -0.00100021177
v 0.0601314612 -0.039824729 -0.00100021177
v 0.0601074664 -0.0397601379 -0.00500790613
v 0.0600474813 -0.039404894 -0.0130393897
v 0.0553686473 -0.0413533601 -0.0332951478
v 0.0594956194 -0.0411165296 -0.0150432368
v 0.0586438318 -0.042871226 -0.0150432368
v 0.0581759498 -0.044130731 -0.00408243433
v 0.0579719996 -0.0438723702 -0.0150432368
v 0.0579240101 -0.0438185443 -0.0170470839
v 0.056928261 -0.0448304572 -0.0170470839
v 0.0568082907 -0.0447228054 -0.0210628259
v 0.0567123116 -0.0446259223 -0.0230666729
v 0.0565683501 -0.0444967401 -0.02507052
v 0.0563404052 -0.0442922052 -0.027082415
v 0.0551766963 -0.0446151571 -0.0289253116
v 0.0558605276 -0.043861605 -0.0294886417
v 0.0549607505 -0.0453794709 -0.026889273
v 0.0538930171 -0.0459823104 -0.0274284613
v 0.0553086621 -0.0432480002 -0.0312752032
v 0.0539530022 -0.0439907836 -0.0318868206
v 0.0547568003 -0.0426451607 -0.0326513388
v 0.0540009882 -0.0419884952 -0.0339872405
v -0.0371042761 -0.0290812507 -0.0404735851
v -0.0371042761 -0.0310943079 -0.0403689681
v -0.0403074763 -0.0322246343 -0.0401355849
v -0.041639145 -0.0315356733 -0.0400792587
v -0.039107777 -0.0325368175 -0.0401677764
v -0.0351007752 -0.0310943079 -0.0404253014
v -0.0130382813 -0.0330965999 -0.0404172518
v -0.0230677796 -0.0330965999 -0.0403770177
v -0.0559995603 -0.0378870281 -0.0339711411
v -0.0565874161 -0.0391142376 -0.0325306296
v -0.0562035105 -0.0401584425 -0.0321282463
v -0.0576311547 -0.0392003591 -0.0311625364
v -0.0565994117 -0.0405998079 -0.0310901109
v -0.0560955358 -0.0420638479 -0.0299875906
v -0.041027298 -0.0329781829 -0.0399746344
v -0.0411232735 -0.0350988884 -0.0396285917
v -0.0521845131 -0.0381346201 -0.0361198447
v -0.0536241529 -0.0371119456 -0.0358301353
v -0.055267743 -0.0371765367 -0.0348080921
v -0.0511527701 -0.0385329284 -0.0363129866
v -0.049041298 -0.0369827669 -0.0376649805
v -0.0482974816 -0.03623998 -0.0381558815
v -0.0452622412 -0.0372626546 -0.038485832
v -0.0471337727 -0.0366490498 -0.0382926901
v -0.0431267744 -0.0371119456 -0.0388882153
v -0.0411232735 -0.0371119456 -0.0391376907
v -0.0564794414 -0.0424083302 -0.0286516926
v -0.0568153575 -0.0427097482 -0.027082415
v -0.0559395751 -0.0439692568 -0.02507052
v -0.048705382 -0.0525059046 -0.00252925179
v -0.0471337727 -0.0533778702 -0.00100021177
v -0.0549318269 -0.0445936268 -0.02507052
v -0.054571916 -0.0443890919 -0.027082415
v -0.053156271 -0.0451534056 -0.027082415
v -0.0515366757 -0.0458961926 -0.027082415
v -0.0502170025 -0.046165315 -0.0281607916
v -0.0471337727 -0.0534316961 0.000995587868
v -0.0471337727 -0.0536254658 0.0110309187
v -0.0471337727 -0.0537008221 0.0150386129
v -0.0471337727 -0.0534209309 0.0170505078
v -0.049089284 -0.0525812609 0.0168815095
v -0.0552437482 -0.044701275 0.0270536492
v -0.0559635699 -0.0439800184 0.0277135503
v -0.056299486 -0.0442383793 0.0263776523
v -0.0290782787 -0.0330965999 0.0402999647
v -0.0250712787 -0.0330965999 0.0403241066
v -0.0230677796 -0.0310943079 0.0404689648
v -0.031093777 -0.0330965999 0.0402758229
v 0.0310867066 -0.0330965999 0.040444823
v 0.0290832075 -0.0350988884 0.0402677732
v -0.0170452813 -0.0330965999 0.0403562981
v -0.00901928477 -0.0330965999 0.0403804399
v 0.023060711 -0.0350988884 0.0402677732
v 0.0491422024 -0.0426559259 0.0364049337
v 0.0503778956 -0.0422899132 0.0362037493
v 0.0517215599 -0.0417301343 0.0359220824
v 0.0531012146 -0.041084234 0.0355196991
v 0.0547448047 -0.0411165296 0.0345137552
v 0.0543129131 -0.0422899132 0.0342079465
v 0.0557405573 -0.0411165296 0.0337411873
v 0.0567722968 -0.0411165296 0.0327352363
v 0.0563763955 -0.0423867998 0.0323248105
v 0.0578280346 -0.041288769 0.0312142495
v 0.0584638764 -0.0407289865 0.0306348236
v 0.0587638021 -0.041288769 0.0292425904
v 0.0593996439 -0.0411165296 0.0270777911
v 0.0599994917 -0.0390281161 0.0270858389
v 0.0601434568 -0.037822437 0.0277618358
v 0.0471746918 -0.0432480002 0.0366302672
v 0.0451352006 -0.0431295832 0.0371372676
v 0.0431197041 -0.0431295832 0.0374511188
v 0.0330902075 -0.0350988884 0.040251681
v 0.0344098771 -0.0361323317 0.0401229149
v 0.0413081578 -0.0429896394 0.037724736
v 0.0391127058 -0.0433448833 0.0377005942
v 0.0371092049 -0.0424190954 0.0382558782
v 0.0371092049 -0.0434310048 0.0377408354
v 0.035105704 -0.0411165296 0.0388353042
v 0.035105704 -0.0424621525 0.0382800201
v 0.0330902075 -0.0371657715 0.0399458723
v 0.0330902075 -0.0391142376 0.0395112975
v -0.0451302717 -0.0384683373 0.0382397861
v -0.0430187997 -0.0391680635 0.0383765947
v -0.0411232735 -0.0391142376 0.0386502119
v -0.039107777 -0.0391142376 0.0388433538
v -0.0371042761 -0.0391142376 0.0389721127
v -0.0351007752 -0.0391142376 0.0390606376
v -0.0351007752 -0.0371119456 0.039607872
v -0.0351007752 -0.0349374142 0.039994156
v -0.0357606118 -0.0340008575 0.0401068227
v -0.0344289431 -0.0341623352 0.0401229149
v -0.0330972743 -0.0342484531 0.0401390143
v -0.031093777 -0.034356105 0.0401551064
v -0.0555316783 -0.0436247745 0.0290816381
v -0.054188014 -0.0441522614 0.0301197735
v -0.0549558217 -0.0429573438 0.0308681996
v -0.054379965 -0.0423114435 0.0322765268
v -0.0557116337 -0.0416547781 0.0316166256
v -0.0549558217 -0.0409012295 0.0329364279
v -0.0511407745 -0.0411165296 0.035117323
v -0.053156271 -0.0406105731 0.0344010885
v -0.0491492691 -0.0415040691 0.0357450326
v -0.0477936092 -0.0419346693 0.0359945079
v -0.0471337727 -0.0412026475 0.0365819835
v -0.0451302717 -0.0394694815 0.037877644
v -0.053156271 -0.0416117173 0.0337170455
v -0.0521005332 -0.0420853783 0.0340711379
v 0.0371092049 -0.0391142376 -0.0391457332
v 0.035105704 -0.0391142376 -0.0391859744
v 0.0310867066 -0.0391142376 -0.0392020666
v 0.0250762075 -0.0371119456 -0.0398056343
v 0.019053711 -0.0359062664 -0.0400873012
v -0.00300878407 -0.0357878494 -0.0400631593
v -0.00701578431 -0.0347544096 -0.0402402091
v 0.0110277136 -0.0358632057 -0.0400792587
v -0.0130382813 -0.0347005837 -0.0402321595
v 0.0516135852 -0.0438293094 -0.0337940985
v 0.051025733 -0.0431511136 -0.0346873756
v 0.0533171604 -0.0432372351 -0.0332227151
v 0.0492381779 -0.0430542305 -0.0355001847
v 0.0486263309 -0.0423329739 -0.0362486108
v 0.0502819165 -0.0441953221 -0.0341642831
v 0.0471387015 -0.0426128651 -0.0364337031
v 0.0451352006 -0.0429250483 -0.0366348947
v 0.0432156796 -0.0433018262 -0.0366831784
v 0.0411162067 -0.0431295832 -0.0370292212
v 0.0391127058 -0.0417947255 -0.037954697
v 0.0391127058 -0.0407935776 -0.0384214562
v 0.0602154411 -0.0383068631 0.0264259378
v 0.0602514279 -0.0385652203 0.025073944
v 0.0602874147 -0.038812816 0.0230700969
v 0.0602994246 -0.0390065857 0.0190543549
v 0.0602994246 -0.0390388813 0.0170505078
v 0.0601674515 -0.0400400291 0.0150386129
v 0.0601674515 -0.0400292639 0.0130347658
v 0.0601674515 -0.0400077335 0.0110309187
v 0.0598555302 -0.0411165296 0.00902707168
v 0.0598075407 -0.0411165296 0.00300748259
v 0.0597835459 -0.0411165296 0.000995587868
v 0.05973556 -0.0411165296 -0.00300405884
v 0.0596995696 -0.0411165296 -0.00500790613
v 0.0589077671 -0.0431295832 0.000995587868
v 0.058811788 -0.0431295832 -0.00300405884
v 0.0582599262 -0.0442276141 0.000995587868
v 0.0582239358 -0.0441953221 -0.00100021177
v 0.0572041919 -0.0452395271 0.000995587868
v 0.056976247 -0.0453794709 -0.00094387873
v 0.0561724489 -0.0461437882 -0.000243739331
v 0.0477265573 -0.0538622963 0.00300748259
v 0.0476665722 -0.0538084704 0.000995587868
v 0.0555606019 -0.0457239496 -0.0210628259
v 0.0554406316 -0.0456378317 -0.0230666729
v 0.0552606762 -0.0454978879 -0.02507052
v 0.0531971901 -0.0457993059 -0.0292552621
v 0.0545168597 -0.044399857 -0.030550919
v 0.054168948 -0.046133023 -0.0260845154
v 0.0531971901 -0.0464667366 -0.026889273
v 0.0525613483 -0.0463375579 -0.0286999781
v 0.0532331805 -0.044851984 -0.0311705861
v 0.0526213335 -0.0444106222 -0.0324581969
v -0.0351007752 -0.0330965999 -0.040264351
v -0.0369843058 -0.0331719526 -0.0401999679
v -0.039107777 -0.0335379653 -0.0400551097
v -0.0375841573 -0.033882444 -0.0400953509
v -0.0330972743 -0.0330965999 -0.0402884928
v -0.0250712787 -0.0330965999 -0.0403609184
v -0.0170452813 -0.034657523 -0.0402241098
v -0.0210522813 -0.0346037006 -0.0402160673
v -0.0230677796 -0.0345821703 -0.0402080176
v -0.0250712787 -0.0345498747 -0.0401999679
v -0.0270747796 -0.034506814 -0.0401919183
v -0.0290782787 -0.0344529881 -0.0401838758
v -0.031093777 -0.0343884005 -0.0401758261
v -0.0546678951 -0.0386728722 -0.0344379003
v -0.0540440489 -0.0400077335 -0.0340274745
v -0.055267743 -0.0392541814 -0.0336009565
v -0.0551597719 -0.0406428687 -0.0325628139
v -0.0541400244 -0.0421069086 -0.0320799626
v -0.0553277281 -0.0416978388 -0.0312832529
v -0.0547638706 -0.0425698044 -0.0307360185
v -0.0537801136 -0.0439046657 -0.0296174024
v -0.0551957622 -0.0431618788 -0.0291345475
v -0.039107777 -0.0350988884 -0.0397975918
v -0.039107777 -0.0371119456 -0.0393147333
v -0.0499530708 -0.0399862032 -0.0360393694
v -0.0511527701 -0.0395448378 -0.0357818516
v -0.0531082814 -0.0390711768 -0.0350897589
v -0.0492332491 -0.0392434162 -0.0366509869
v -0.0471337727 -0.0376501976 -0.0379466473
v -0.0471337727 -0.0391142376 -0.0373269802
v -0.0460060541 -0.0380377371 -0.0380834559
v -0.044674389 -0.0383606854 -0.0382202645
v -0.0431267744 -0.0386728722 -0.0383490234
v -0.0409313225 -0.0392111206 -0.0384053568
v -0.039107777 -0.0391142376 -0.0386145981
v -0.0542959851 -0.0442168489 -0.0282815044
v -0.0555796643 -0.043710896 -0.027082415
v -0.0471337727 -0.0472741111 -0.027082415
v -0.0451302717 -0.0472525807 -0.029086262
v -0.0431267744 -0.0476185934 -0.029086262
v -0.0417831101 -0.0481030195 -0.0277906016
v -0.0404394422 -0.0481783722 -0.0282171231
v -0.0451302717 -0.0531302745 -0.00300405884
v -0.0451302717 -0.0535178176 -0.00100021177
v -0.0491492691 -0.0467250974 -0.027082415
v -0.0531322762 -0.0445290357 -0.0290057868
v -0.0509968094 -0.0455517102 -0.0289333577
v -0.0495211792 -0.0459177229 -0.0294966896
v -0.0481895105 -0.0461545498 -0.0301163513
v -0.0489693137 -0.0463052624 -0.0289333577
v -0.0471337727 -0.0467789233 -0.029086262
v -0.0451302717 -0.0535608747 0.000995587868
v -0.0451302717 -0.0538192356 0.0150386129
v -0.0451302717 -0.0537438829 0.0170505078
v -0.0483814615 -0.0523551956 0.0182174076
v -0.0430187997 -0.047747772 0.030924533
v -0.0451302717 -0.0472741111 0.0310935331
v -0.0472177526 -0.0466605063 0.031222292
v -0.0491492691 -0.0463698499 0.0305543484
v -0.0502290017 -0.0461760802 0.0301600147
v -0.0517046319 -0.0459284881 0.0290816381
v -0.053156271 -0.045174936 0.0290816381
v -0.0545359257 -0.0443783267 0.0290816381
v -0.0290782787 -0.0344422229 0.0401631561
v -0.0250712787 -0.0345283443 0.0401792483
v -0.0230677796 -0.0330965999 0.0403321562
v 0.0250762075 -0.0361969192 0.0401390143
v 0.0330902075 -0.0361538621 0.0401309646
v -0.0130382813 -0.0347328793 0.0402033901
v -0.00901928477 -0.0347974704 0.0402114398
v -0.0210522813 -0.0346037006 0.040187298
v 0.00902421358 -0.0350343008 0.0402355817
v 0.0154066201 -0.0361215665 0.0401229149
v 0.0491422024 -0.0436570701 0.0358094156
v 0.0478585232 -0.0440015488 0.0360266995
v 0.0510857181 -0.043021935 0.0354311814
v 0.0529932399 -0.043021935 0.0344815637
v 0.053557101 -0.0436247745 0.0336687618
v 0.0550327312 -0.0430004046 0.0329927613
v 0.0522254323 -0.0441737917 0.0341435634
v 0.0567243108 -0.0430757609 0.0309567245
v 0.0581399559 -0.0420746131 0.0300151583
v 0.0544088886 -0.0443245007 0.0323248105
v 0.0557525529 -0.0437216612 0.0315361504
v 0.0583798964 -0.0424406258 0.0286792602
v 0.05965158 -0.0411165296 0.025073944
v 0.0585958422 -0.0427743393 0.0270777911
v 0.0586558274 -0.0432587654 0.024977373
v 0.0600834716 -0.0395663681 0.025073944
v 0.0465268544 -0.0442706748 0.0362037493
v 0.0451352006 -0.0444752097 0.0363486004
v 0.0431197041 -0.0447120402 0.0365095508
v 0.0411162067 -0.0448627492 0.0366222176
v 0.0391127058 -0.0449596359 0.0366946503
v 0.0371092049 -0.045024227 0.0367348843
v 0.035105704 -0.0434740655 0.0377569275
v 0.0330902075 -0.0411165296 0.0388513963
v 0.0330902075 -0.0424836829 0.0382880698
v 0.0310867066 -0.0371765367 0.0399539148
v 0.0310867066 -0.0411165296 0.038859446
v 0.0290832075 -0.0391142376 0.0395193471
v -0.0436306468 -0.0398785513 0.0380225022
v -0.0422869824 -0.0401799729 0.0381432115
v -0.0411232735 -0.0403414471 0.0382075945
v -0.039107777 -0.0405675124 0.0383122116
v -0.0371042761 -0.0407289865 0.0383765947
v -0.0351007752 -0.0408366384 0.0384248784
v -0.0330972743 -0.0391142376 0.039116971
v -0.0330972743 -0.0371119456 0.0396561557
v -0.0330972743 -0.0352496009 0.039994156
v -0.031093777 -0.0353572492 0.0400182978
v -0.053156271 -0.0444429142 0.0306026321
v -0.0521365235 -0.0441199658 0.0320753351
v -0.053156271 -0.0437539567 0.0316005334
v -0.053156271 -0.0427528089 0.0327110944
v -0.0507568688 -0.0425159785 0.0344010885
v -0.0490173033 -0.0431618788 0.0346425141
v -0.0471337727 -0.0430111698 0.0354392239
v -0.0464619405 -0.042279148 0.0362037493
v -0.0451302717 -0.0411165296 0.0371372676
v -0.0514407002 -0.0433125913 0.0332824778
v -0.0495931599 -0.0438508398 0.0338297122
v 0.0371092049 -0.0408689339 -0.0384536477
v 0.035105704 -0.0409012295 -0.0384697399
v 0.0330902075 -0.0409012295 -0.0384777895
v 0.0310867066 -0.0409119947 -0.0384777895
v 0.0290832075 -0.0391142376 -0.0392020666
v 0.0210572101 -0.0371119456 -0.0397975918
v -0.0130382813 -0.0371119456 -0.0396849251
v -0.0210522813 -0.0371119456 -0.0396527336
v -0.0110227848 -0.0357232619 -0.0400470672
v -0.000993287128 -0.0358093798 -0.0400631593
v 0.0150347136 -0.0371119456 -0.0397814925
v 0.00902421358 -0.0371119456 -0.0397654003
v 0.00099821594 -0.0371119456 -0.0397412585
v -0.0150417813 -0.0356802011 -0.0400390175
v 0.051025733 -0.0446905098 -0.033118098
v 0.0491422024 -0.0444213838 -0.0343896166
v 0.0471387015 -0.0436247745 -0.0357174686
v 0.0499460004 -0.0460576667 -0.0319592462
v 0.0492261823 -0.0455194147 -0.0330376228
v 0.0451352006 -0.0439369613 -0.0359588942
v 0.0439355013 -0.0440876703 -0.0360796106
v 0.042591837 -0.0442060837 -0.0361681284
v 0.0411162067 -0.0443029704 -0.0362486108
v 0.0391127058 -0.0431295832 -0.0371579873
v 0.0371092049 -0.0418700782 -0.0379868813
v 0.0601314612 -0.0398139638 0.0230700969
v 0.060155456 -0.0399539076 0.021058202
v 0.0601674515 -0.0400077335 0.0190543549
v 0.0601674515 -0.0400400291 0.0170505078
v 0.0598915206 -0.0411165296 0.0150386129
v 0.0591237129 -0.0431295832 0.0170505078
v 0.0590997182 -0.0431295832 0.0150386129
v 0.0590037426 -0.0431295832 0.00701517673
v 0.0589437575 -0.0431295832 0.00300748259
v 0.0582959165 -0.04428144 0.00501132966
v 0.0574201377 -0.0454010013 0.0150386129
v 0.0573721482 -0.0453579405 0.0110309187
v 0.057312163 -0.0453041146 0.00701517673
v 0.05628042 -0.0462191409 0.00501132966
v 0.0561964437 -0.046165315 0.000995587868
v 0.0479664943 -0.0540237705 0.0130347658
v 0.0478225328 -0.0539268874 0.00701517673
v 0.0466588203 -0.054379018 0.000995587868
v 0.0465388536 -0.0543359572 -0.00100021177
v 0.0475466019 -0.0537115873 -0.00100021177
v 0.0542649235 -0.0461976105 -0.02507052
v 0.0521174612 -0.0461222578 -0.030043924
v 0.046346899 -0.0542498358 -0.00221539608
v 0.0511457033 -0.0473387022 -0.027082415
v 0.0513256587 -0.046703567 -0.0292552621
v 0.0513256587 -0.0458531318 -0.0312108201
v -0.0362404929 -0.0341300397 -0.0401275424
v -0.0330972743 -0.0343130442 -0.0401597339
v -0.0190487822 -0.0356371404 -0.0400309678
v -0.0250712787 -0.0355510189 -0.0400148756
v -0.0270747796 -0.0355079582 -0.040006826
v -0.031093777 -0.0353895447 -0.0399826841
v -0.0534202063 -0.0413210645 -0.0332790485
v -0.0527003846 -0.0405244516 -0.0344057088
v -0.0517286267 -0.041859313 -0.0338665241
v -0.0527963601 -0.0425267436 -0.0325306296
v -0.0516206556 -0.043861605 -0.0316936787
v -0.0532882368 -0.0432157047 -0.0312188698
v -0.0524484484 -0.04428144 -0.030357777
v -0.0369843058 -0.0349158838 -0.0399424429
v -0.0371042761 -0.0371119456 -0.0394274001
v -0.0371042761 -0.0391142376 -0.0387353074
v -0.048621402 -0.0403737426 -0.0362647029
v -0.0492332491 -0.0410734689 -0.0355645606
v -0.050396958 -0.0422576176 -0.0342206165
v -0.0510927849 -0.0411595867 -0.0347115175
v -0.0452622412 -0.0390604117 -0.0377937394
v -0.0471337727 -0.0407289865 -0.0364819868
v -0.0431267744 -0.0396740164 -0.0379144558
v -0.0414711852 -0.0399431424 -0.0380351722
v -0.0401395201 -0.0401153818 -0.0381156474
v -0.039107777 -0.0402015033 -0.0381558815
v -0.0471337727 -0.0462944972 -0.0304221601
v -0.0449863103 -0.0464775018 -0.0311383946
v -0.0431267744 -0.0468650412 -0.0310901109
v -0.0411232735 -0.0471664628 -0.0310901109
v -0.0411112779 -0.0479200114 -0.0289655492
v -0.039107777 -0.0479846025 -0.0294484041
v -0.039107777 -0.0482214329 -0.0284505045
v -0.0371042761 -0.048286024 -0.0287160738
v -0.0431267744 -0.0532486916 -0.00300405884
v -0.0431267744 -0.0535824051 -0.00100021177
v -0.0510327998 -0.0445290357 -0.0310498697
v -0.0489693137 -0.0454332968 -0.0309130611
v -0.0471337727 -0.0457670103 -0.0314200615
v -0.0431267744 -0.0538622963 0.0150386129
v -0.0431267744 -0.0538407659 0.0170505078
v -0.0371042761 -0.0480384284 0.0318017179
v -0.039107777 -0.0479630721 0.0316085759
v -0.0411232735 -0.0478554238 0.0313349587
v -0.0431267744 -0.0466928019 0.0329444776
v -0.0451302717 -0.0464775018 0.032614527
v -0.0466059055 -0.046283732 0.032316768
v -0.0479495699 -0.0460684319 0.0319787677
v -0.0491492691 -0.0458316015 0.0315602922
v -0.0511767648 -0.0451641708 0.0311176749
v -0.0290782787 -0.0354433707 0.0400263475
v -0.0270747796 -0.0354971966 0.04003439
v -0.0250712787 -0.0355294886 0.0400424397
v -0.0190487822 -0.0356371404 0.040058539
v -0.00901928477 -0.0357986146 0.0400826809
v 0.0250762075 -0.037198067 0.0399539148
v 0.0270797084 -0.037198067 0.0399539148
v 0.0148547582 -0.0369181758 0.0399700141
v 0.0489742425 -0.045174936 0.0346827553
v 0.0511457033 -0.0444644446 0.0343930388
v 0.0471746918 -0.0450134618 0.0354070323
v 0.0512896647 -0.0455732406 0.0331134777
v 0.0520454768 -0.0460791971 0.0320029096
v 0.0529932399 -0.0446474491 0.0330330025
v 0.049526108 -0.0458746622 0.033789471
v 0.0562324341 -0.0441953221 0.0302002488
v 0.0576120888 -0.043118818 0.0292425904
v 0.0551167111 -0.0446259223 0.0309567245
v 0.0532571753 -0.0457670103 0.0312383913
v 0.0578760241 -0.0437754835 0.0270777911
v 0.0589317583 -0.0431295832 0.0230700969
v 0.0597835459 -0.0411165296 0.0230700969
v 0.0580799707 -0.044012314 0.0255889887
v 0.058199941 -0.0441630266 0.0242450427
v 0.0451352006 -0.0454763575 0.03556799
v 0.0431197041 -0.045713188 0.0357611319
v 0.0411162067 -0.045863897 0.0358898909
v 0.0391127058 -0.0459715453 0.0359703661
v 0.0371092049 -0.0460253712 0.0360106073
v 0.035105704 -0.0450457573 0.0367590262
v 0.0330902075 -0.0434848307 0.0377649772
v 0.0310867066 -0.0424836829 0.0382961194
v 0.0290832075 -0.0411165296 0.038859446
v 0.0250762075 -0.0391142376 0.0395112975
v -0.0430187997 -0.0409550518 0.0376362183
v -0.0411232735 -0.0413425949 0.0377408354
v -0.039107777 -0.0415686602 0.0378535021
v -0.0371042761 -0.0417301343 0.0379339773
v -0.0351007752 -0.0418377826 0.037982261
v -0.0330972743 -0.0409012295 0.0384570699
v -0.031093777 -0.0391142376 0.0391491625
v -0.031093777 -0.0371119456 0.0396883473
v -0.0507928592 -0.0444536794 0.0324938106
v -0.0482614912 -0.0441845569 0.0341516131
v -0.0471337727 -0.044399857 0.0343528048
v -0.0451302717 -0.0435386566 0.0356806567
v -0.0451302717 -0.0425375088 0.0363727422
v -0.0431267744 -0.0428819911 0.0365819835
v -0.0490173033 -0.0447228054 0.0331376195
v 0.035105704 -0.0419023737 -0.0380029807
v 0.0310867066 -0.0419131389 -0.0380110304
v 0.0290832075 -0.0409119947 -0.0384777895
v 0.0270797084 -0.0409012295 -0.0384777895
v 0.023060711 -0.0391142376 -0.0391859744
v 0.00500521618 -0.0391142376 -0.0391135488
v -0.0250712787 -0.0371119456 -0.0396285917
v 0.00099821594 -0.0391142376 -0.0390974495
v -0.000993287128 -0.0391142376 -0.0390893998
v -0.0130382813 -0.0391142376 -0.0390330664
v 0.0150347136 -0.0391142376 -0.0391537829
v 0.0471387015 -0.0457562452 -0.0336331481
v 0.0471387015 -0.0447551009 -0.0347115175
v 0.0492261823 -0.0466820367 -0.0312108201
v 0.0486023361 -0.0462944972 -0.0323294379
v 0.0507737968 -0.0464021455 -0.0306233517
v 0.0451352006 -0.0450134618 -0.0349529503
v 0.0441034611 -0.046133023 -0.0340918575
v 0.043347649 -0.0451641708 -0.0351460923
v 0.0427597932 -0.0462299061 -0.0342125668
v 0.0411162067 -0.0453041146 -0.0353231349
v 0.0391127058 -0.0453902361 -0.0354036102
v 0.0391127058 -0.0443890919 -0.0363129866
v 0.0371092049 -0.0444429142 -0.0363532278
v 0.0371092049 -0.0431295832 -0.0372304128
v 0.035105704 -0.0431295832 -0.0372706468
v 0.0598555302 -0.0411165296 0.021058202
v 0.0598795214 -0.0411165296 0.0190543549
v 0.0598915206 -0.0411165296 0.0170505078
v 0.0591117137 -0.0431295832 0.0190543549
v 0.0583918956 -0.0444106222 0.0190543549
v 0.0583918956 -0.0444106222 0.0170505078
v 0.0583798964 -0.044399857 0.0150386129
v 0.0583679008 -0.0443783267 0.0130347658
v 0.0574441325 -0.0454117664 0.0170505078
v 0.0564363807 -0.0463483231 0.0170505078
v 0.0563883947 -0.0463160276 0.0130347658
v 0.0563404052 -0.0462622017 0.00902707168
v 0.0480024882 -0.054056066 0.0150386129
v 0.0467787906 -0.0544220751 0.00501132966
v 0.0451352006 -0.0549172664 0.0150386129
v 0.0451352006 -0.0547665574 0.00701517673
v 0.0451352006 -0.0546481404 0.000995587868
v 0.0451352006 -0.0545727877 -0.00100021177
v 0.0451352006 -0.0543467224 -0.00256948962
v 0.0431197041 -0.0488135073 -0.029086262
v 0.0452551708 -0.0484582634 -0.0292311185
v 0.0471387015 -0.0482644937 -0.0285390276
v 0.0481704445 -0.0481460766 -0.0281125061
v 0.0494541237 -0.0479307765 -0.027082415
v 0.0489622469 -0.0476724157 -0.0289011679
v -0.0351007752 -0.0352065402 -0.0399424429
v -0.0330972743 -0.0353141885 -0.0399665919
v -0.0270747796 -0.0371119456 -0.0396124924
v -0.031093777 -0.0371119456 -0.0395642087
v -0.0330972743 -0.0371119456 -0.0395320171
v -0.051008805 -0.0430649957 -0.0330215306
v -0.0502889869 -0.0441953221 -0.03217653
v -0.0351007752 -0.0371119456 -0.0394837334
v -0.0351007752 -0.0391142376 -0.0388077401
v -0.0371042761 -0.0403306819 -0.0382202645
v -0.0471337727 -0.0417301343 -0.0358381778
v -0.0491492691 -0.042548274 -0.0344781415
v -0.0475056791 -0.0438939005 -0.0338423822
v -0.0491492691 -0.0435494182 -0.0334641479
v -0.0451542665 -0.0412564734 -0.0366590366
v -0.0458500935 -0.0420100256 -0.0360313198
v -0.0431267744 -0.0411165296 -0.0371418879
v -0.0409313225 -0.0409227599 -0.0375684131
v -0.039107777 -0.0412026475 -0.0376005974
v -0.0371042761 -0.0413318297 -0.0376730301
v -0.0455621669 -0.0459930756 -0.0318304873
v -0.0442304982 -0.0461545498 -0.0321282463
v -0.0431267744 -0.0462622017 -0.0322891967
v -0.0411232735 -0.0464236758 -0.0325386721
v -0.039107777 -0.0473817629 -0.0310901109
v -0.0371042761 -0.0480599588 -0.0297220213
v -0.0351007752 -0.0481030195 -0.0299151633
v -0.0351007752 -0.0483183196 -0.0289092158
v -0.0411232735 -0.0532917523 -0.00300405884
v -0.0329893032 -0.0483183196 -0.0292472143
v -0.031093777 -0.0483936723 -0.029086262
v -0.0411232735 -0.0536254658 -0.00100021177
v -0.0491492691 -0.0444106222 -0.0324662465
v 0.0330902075 -0.0548849709 0.0170505078
v -0.039107777 -0.0539161222 0.0170505078
v -0.0411232735 -0.0538838267 0.0170505078
v -0.0351007752 -0.0537223525 -0.00100021177
v -0.031093777 -0.0537761748 -0.00100021177
v 0.0371092049 -0.0549387968 0.0170505078
v -0.0201405086 -0.0541637179 0.0180564553
v -0.0330972743 -0.0481137811 0.0320190017
v -0.0351007752 -0.0480814891 0.031930484
v -0.0371042761 -0.0473064066 0.0330973783
v -0.039107777 -0.0471449324 0.0330973783
v -0.041303229 -0.046757393 0.0332905203
v -0.0420830322 -0.046133023 0.0340952797
v -0.0431267744 -0.046014606 0.033942379
v -0.0451302717 -0.04574548 0.0336124284
v -0.0472177526 -0.0455086495 0.0330330025
v -0.0270747796 -0.0371119456 0.039736631
v -0.0250712787 -0.0371119456 0.0397527303
v -0.0210522813 -0.0371119456 0.0397768722
v -0.0130382813 -0.0371119456 0.0398171062
v 0.0481824401 -0.0461545498 0.0341194216
v 0.0471387015 -0.0463052624 0.0342884217
v 0.0507138117 -0.0463806151 0.0324535766
v 0.0512896647 -0.0467789233 0.0312383913
v 0.0526573239 -0.0464021455 0.0306589654
v 0.0489742425 -0.0465851536 0.0331134777
v 0.0564963658 -0.044432149 0.0290816381
v 0.0540009882 -0.0460361364 0.0297978726
v 0.0550687252 -0.0455194147 0.0291138296
v 0.0568682759 -0.0447658661 0.0270777911
v 0.0582719253 -0.0442491445 0.0230700969
v 0.0583439061 -0.0443567963 0.021058202
v 0.0590517286 -0.0431295832 0.021058202
v 0.057312163 -0.0448412224 0.024977373
v 0.0561364586 -0.0461114927 0.0239392358
v 0.0562684244 -0.0462083757 0.0225952899
v 0.0451352006 -0.0465636232 0.0345620389
v 0.0431197041 -0.0467466278 0.0347551809
v 0.0411162067 -0.0468650412 0.0348839398
v 0.0391127058 -0.0469403975 0.0349644222
v 0.0371092049 -0.0469834582 0.0350127059
v 0.035105704 -0.0460469016 0.0360266995
v 0.0330902075 -0.0460469016 0.0360347491
v 0.0310867066 -0.0450457573 0.0367590262
v 0.0310867066 -0.0434848307 0.0377649772
v 0.0290832075 -0.0424836829 0.0382961194
v 0.023060711 -0.0411165296 0.0388353042
v 0.0170502101 -0.0391142376 0.0394710634
v -0.0411352691 -0.043291061 0.0366463594
v -0.039107777 -0.0431295832 0.03697631
v -0.0371042761 -0.0431295832 0.0371372676
v -0.0351007752 -0.0431295832 0.0372418847
v -0.0330972743 -0.0419023737 0.0380064029
v -0.031093777 -0.0419454344 0.0380305447
v -0.031093777 -0.0409442866 0.0384731621
v -0.0290782787 -0.0391142376 0.0391813469
v -0.0270747796 -0.0391142376 0.0392054959
v -0.0451302717 -0.0447335706 0.0346747057
v -0.0431267744 -0.0438831354 0.0359301249
v -0.0418071013 -0.0440661399 0.036058891
v 0.0310867066 -0.0431295832 -0.0372786965
v 0.0290832075 -0.0419131389 -0.0380110304
v 0.0250762075 -0.0419023737 -0.0380029807
v 0.023060711 -0.0408796991 -0.0384697399
v -0.0250712787 -0.0391142376 -0.0389606409
v 0.0150347136 -0.0408366384 -0.0384536477
v -0.0110227848 -0.0406751642 -0.0383892646
v 0.00099821594 -0.0407505169 -0.0384214562
v 0.0471387015 -0.0465097973 -0.032627197
v 0.0451352006 -0.046014606 -0.033955049
v 0.0471387015 -0.0479846025 -0.0295449751
v 0.0471387015 -0.0473494673 -0.0310901109
v 0.0433116587 -0.0468112153 -0.0332951478
v 0.0451352006 -0.0467358626 -0.0329490979
v 0.0411162067 -0.0472095235 -0.0330939562
v 0.0411162067 -0.0463267928 -0.034317191
v 0.0391127058 -0.0464021455 -0.0344057088
v 0.0371092049 -0.045444062 -0.0354599435
v 0.035105704 -0.0444644446 -0.03636932
v 0.0330902075 -0.0444644446 -0.0363773697
v 0.0574321333 -0.0454117664 0.0190543549
v 0.0564243851 -0.0463375579 0.0190543549
v 0.0563643999 -0.046283732 0.021058202
v 0.0559684987 -0.0460038408 0.025073944
v 0.0477865424 -0.0537977052 0.0170505078
v 0.0467787906 -0.0544543707 0.0170505078
v 0.0470067356 -0.0545189618 0.0150386129
v 0.0451352006 -0.0548526753 0.0170505078
v 0.0431197041 -0.0549710924 0.0170505078
v 0.0431197041 -0.0549603272 0.0150386129
v 0.0431197041 -0.0547019663 0.000995587868
v 0.0431197041 -0.0546481404 -0.00100021177
v 0.0430717181 -0.0543574876 -0.00313282023
v 0.0391127058 -0.0491472244 -0.029086262
v 0.0411162067 -0.0490180422 -0.029086262
v 0.0431197041 -0.0483613767 -0.0305911602
v 0.0446673186 -0.0482429633 -0.0303255927
v 0.0459989873 -0.0481137811 -0.0300036864
v -0.0270747796 -0.0391142376 -0.0389445487
v -0.031093777 -0.0391142376 -0.0388962578
v -0.0330972743 -0.0391142376 -0.0388640735
v -0.0351007752 -0.0404060382 -0.0382605057
v -0.0330972743 -0.0404706293 -0.0382926901
v -0.0351007752 -0.0414179476 -0.0377213138
v -0.0469538172 -0.0431834091 -0.0346954253
v -0.0461620148 -0.0441414962 -0.0341079497
v -0.0469538172 -0.0446474491 -0.0331422399
v -0.0445064291 -0.0422468524 -0.0361922774
v -0.0451542665 -0.0430004046 -0.035387518
v -0.0411232735 -0.0426451607 -0.0364819868
v -0.0431267744 -0.0424298606 -0.036329086
v -0.039107777 -0.0428066349 -0.0366027032
v -0.0371042761 -0.0429142831 -0.0366751287
v -0.0449863103 -0.0453687057 -0.0329169135
v -0.0431267744 -0.0455301799 -0.0332951478
v -0.0411232735 -0.045713188 -0.0335365735
v -0.039107777 -0.0458423666 -0.0337136233
v -0.039107777 -0.0465313277 -0.0327076722
v -0.0371042761 -0.0475324719 -0.0310901109
v -0.0351007752 -0.0476293586 -0.0310901109
v -0.0335771555 -0.0481245463 -0.0300278282
v -0.0290782787 -0.048436733 -0.029086262
v -0.0230677796 -0.0485336197 -0.029086262
v -0.0150417813 -0.0486627983 -0.029086262
v 0.00157407226 -0.0541637179 -0.00202225433
v -0.0322454903 -0.0481460766 -0.0301002592
v 0.00023040752 -0.0541529527 -0.00179692207
v 0.0250762075 -0.0544866662 -0.00100021177
v 0.0310867066 -0.0545943181 0.000995587868
v 0.035105704 -0.0546050833 -0.00100021177
v 0.0411162067 -0.0549818575 0.0170505078
v -0.0290782787 -0.0481568418 0.032123626
v -0.030253985 -0.0481460766 0.0320994841
v -0.0315976493 -0.0481353115 0.0320672926
v 0.0391127058 -0.0546373752 0.0190543549
v 0.0371092049 -0.0546158485 0.0190543549
v 0.0317825336 -0.0541637179 0.0200603024
v -0.0351007752 -0.0474032933 0.0330973783
v -0.0351007752 -0.0464559714 0.0344815637
v -0.0371042761 -0.0464021455 0.0344171806
v -0.039107777 -0.0463267928 0.0343206132
v -0.0407513671 -0.0462299061 0.0342079465
v -0.0412792342 -0.0451641708 0.0351334151
v -0.0431267744 -0.0450026966 0.034924181
v -0.0230677796 -0.0391142376 0.0392376803
v -0.0190487822 -0.0391142376 0.0392698718
v -0.0150417813 -0.0391142376 0.0392940136
v -0.00701578431 -0.0391142376 0.0393423045
v 0.0110277136 -0.0391142376 0.0394388719
v 0.0471387015 -0.0471664628 0.0330973783
v 0.0452911648 -0.0476724157 0.0330169031
v 0.0471387015 -0.0479953676 0.0317453845
v 0.0491182076 -0.0477047113 0.03102915
v 0.0464068842 -0.0543036617 0.0182495973
v 0.055620587 -0.0457670103 0.0270777911
v 0.0543369079 -0.0462514365 0.0284619746
v 0.0573601526 -0.0453579405 0.021058202
v 0.0431197041 -0.047747772 0.0335158538
v 0.0411162067 -0.0478769542 0.0337009461
v 0.0391127058 -0.0479415417 0.0338055704
v 0.0371092049 -0.0479846025 0.0338619037
v 0.035105704 -0.0470049886 0.0350287981
v 0.035105704 -0.0480061328 0.0338940881
v 0.0290832075 -0.0450349922 0.0367590262
v 0.0310867066 -0.0460469016 0.0360266995
v 0.0310867066 -0.0470049886 0.0350287981
v 0.0270797084 -0.0434740655 0.0377569275
v 0.023060711 -0.0424406258 0.0382800201
v 0.019053711 -0.0411165296 0.0388111623
v -0.0404754361 -0.0441953221 0.0361554584
v -0.039107777 -0.0442922052 0.0362278911
v -0.0371042761 -0.0443890919 0.0363164088
v -0.0351007752 -0.0444644446 0.0363646997
v -0.0330972743 -0.0445075053 0.0363968912
v -0.0330972743 -0.0431295832 0.037298218
v -0.031093777 -0.0431295832 0.0373465017
v -0.0290782787 -0.0419884952 0.0380466441
v -0.0290782787 -0.0409873474 0.0384892614
v -0.0230677796 -0.0410627037 0.0385214458
v -0.0150417813 -0.0411165296 0.0385697366
v 0.0290832075 -0.0431295832 -0.0372786965
v 0.0270797084 -0.0431295832 -0.0372706468
v 0.0150347136 -0.0418377826 -0.0379707892
v -0.0210522813 -0.0405998079 -0.0383570731
v -0.0270747796 -0.0405567472 -0.0383329313
v -0.0130382813 -0.040664399 -0.038381215
v 0.00099821594 -0.0417516647 -0.0379225055
v 0.0452551708 -0.0478015979 -0.0310337775
v 0.0431197041 -0.0479092462 -0.0315890616
v 0.0411162067 -0.0480276632 -0.0318465794
v 0.0391127058 -0.0481030195 -0.032007537
v 0.0391127058 -0.0473709977 -0.0330939562
v 0.0371571945 -0.0475862978 -0.0329088639
v 0.0371092049 -0.0464452062 -0.0344539996
v 0.035105704 -0.0464667366 -0.0344781415
v 0.035105704 -0.0454655924 -0.0354760429
v 0.0330902075 -0.0454763575 -0.0354840854
v 0.0290832075 -0.0444644446 -0.0363773697
v 0.0451352006 -0.0544651359 0.018555406
v 0.0429757426 -0.0544866662 0.0191348301
v 0.0411162067 -0.05462661 0.0190543549
v 0.0391127058 -0.054680436 0.000995587868
v 0.0411162067 -0.0547665574 0.00501132966
v 0.0411162067 -0.0546481404 -0.00100021177
v 0.0411162067 -0.0544328403 -0.00300405884
v 0.0371092049 -0.0492225772 -0.029086262
v 0.0391127058 -0.0485336197 -0.0310096357
v 0.0411162067 -0.0484582634 -0.0308406355
v -0.0290782787 -0.0405352168 -0.0383248816
v -0.031093777 -0.0405029248 -0.0383087894
v -0.031093777 -0.0415040691 -0.0377776472
v -0.0330972743 -0.0414717735 -0.0377535054
v -0.0351007752 -0.0429896394 -0.0367234124
v -0.0451302717 -0.04428144 -0.0342608577
v -0.0431267744 -0.0434310048 -0.0355162769
v -0.0411232735 -0.0436463049 -0.0357013692
v -0.039107777 -0.0438077791 -0.0358381778
v -0.0371042761 -0.0439154309 -0.0359267027
v -0.0351007752 -0.0439907836 -0.0359910857
v -0.0431267744 -0.0445290357 -0.034510333
v -0.0411232735 -0.044701275 -0.0346954253
v -0.039107777 -0.0448412224 -0.0348322339
v -0.0371042761 -0.0459284881 -0.0338343325
v -0.0371042761 -0.0466174456 -0.0328283886
v -0.0351007752 -0.0466712715 -0.0329088639
v -0.031093777 -0.0477370068 -0.0311383946
v -0.0329893032 -0.0477800675 -0.0308969689
v -0.0290782787 -0.0481783722 -0.0301887841
v -0.0250712787 -0.0482214329 -0.0302853515
v -0.000993287128 -0.0488565681 -0.029086262
v 0.00300171595 -0.048910394 -0.029086262
v 0.0110277136 -0.0490180422 -0.029086262
v 0.0371092049 -0.0544220751 -0.00300405884
v 0.0371092049 -0.05462661 -0.00100021177
v -0.0290782787 -0.0477585372 -0.031194728
v -0.0230677796 -0.0482106678 0.0322201934
v -0.0250712787 -0.0475862978 0.0331859032
v -0.0290782787 -0.0475432371 0.0331215202
v -0.0309978015 -0.0476401237 0.0328961939
v -0.0330972743 -0.0474678808 0.0330973783
v 0.0391127058 -0.0542283054 0.0201166358
v 0.0371092049 -0.0542175402 0.0201085879
v -0.0150417813 -0.0482752589 0.0323409098
v -0.0190487822 -0.0482429633 0.0322845764
v -0.0330972743 -0.0464990321 0.0345218049
v -0.0351007752 -0.0454655924 0.0354794651
v -0.0371042761 -0.0454010013 0.035415082
v -0.039107777 -0.0452933494 0.0353185146
v -0.0130382813 -0.0411165296 0.0385858288
v -0.00901928477 -0.0411165296 0.0386180203
v 0.0460709681 -0.0481245463 0.0320672926
v 0.0447273037 -0.0482537285 0.0322926189
v 0.0431197041 -0.0483829071 0.0325099099
v 0.0411162067 -0.0484797938 0.0326950022
v 0.0391127058 -0.0485443813 0.032807669
v 0.0371092049 -0.0485766768 0.0328640024
v 0.0330902075 -0.0480061328 0.0339021378
v 0.035105704 -0.048587442 0.0328881442
v 0.023060711 -0.0434525352 0.0377408354
v 0.0270797084 -0.045024227 0.0367509837
v 0.0270797084 -0.0460253712 0.0360106073
v 0.0310867066 -0.0480061328 0.0338940881
v 0.0290832075 -0.0469942234 0.0350207484
v 0.019053711 -0.0424190954 0.0382639279
v -0.0330972743 -0.0455086495 0.0355196991
v -0.031093777 -0.0455409451 0.0355518906
v -0.031093777 -0.0445398008 0.0364210331
v -0.0270747796 -0.0431295832 0.0374108848
v -0.0270747796 -0.0420100256 0.0380627363
v -0.0230677796 -0.0420638479 0.0380868781
v -0.0170452813 -0.0421392042 0.0381190696
v -0.0110227848 -0.0421930301 0.0381512612
v 0.023060711 -0.0431295832 -0.0372384625
v -0.00300878407 -0.0417301343 -0.0379064061
v 0.023060711 -0.044432149 -0.0363532278
v 0.0170502101 -0.044399857 -0.036329086
v -0.0130382813 -0.0416655432 -0.0378661721
v -0.0270747796 -0.041557895 -0.0378017891
v -0.0210522813 -0.0416009521 -0.0378339806
v 0.0378530178 -0.0481353115 -0.0320799626
v 0.0365213527 -0.0481568418 -0.0321121541
v 0.035105704 -0.0474678808 -0.0331341974
v 0.0330902075 -0.047478646 -0.0331341974
v 0.0330902075 -0.0464667366 -0.0344781415
v 0.0310867066 -0.0454763575 -0.0354760429
v 0.0270797084 -0.0454655924 -0.0354518939
v 0.0422079313 -0.0541744831 0.0200763981
v 0.0411162067 -0.054206775 0.02010054
v 0.0391127058 -0.0544328403 -0.00300405884
v 0.0330902075 -0.0492548727 -0.029086262
v 0.035105704 -0.0492441075 -0.029086262
v 0.035105704 -0.0485982072 -0.0310901109
v 0.0371571945 -0.048490559 -0.0312832529
v -0.0290782787 -0.0415363646 -0.0377937394
v -0.031093777 -0.0430757609 -0.0367717033
v -0.0330972743 -0.0430434653 -0.0367475543
v -0.0330972743 -0.0440446095 -0.0360393694
v -0.0371042761 -0.0449273403 -0.0349288013
v -0.0351007752 -0.0449919314 -0.0349931844
v -0.0351007752 -0.0459930756 -0.0339148078
v -0.0330972743 -0.0460361364 -0.0339630986
v -0.0330972743 -0.046703567 -0.0329651972
v -0.0250712787 -0.0478015979 -0.0312913025
v -0.0210522813 -0.0482537285 -0.0303738764
v 0.023060711 -0.0491687548 -0.029086262
v -0.0170452813 -0.048286024 -0.0304463019
v 0.0270797084 -0.049211812 -0.029086262
v 0.0310867066 -0.0492441075 -0.029086262
v -0.031093777 -0.0467358626 -0.0329973888
v -0.0170452813 -0.0476508889 0.0333146622
v 0.0330902075 -0.048587442 0.0328961939
v 0.0310867066 -0.048587442 0.0328881442
v 0.0270797084 -0.0485659117 0.0328559527
v 0.023060711 -0.0485443813 0.032807669
v 0.0210572101 -0.0485336197 0.0327835271
v 0.0150347136 -0.048490559 0.0327110944
v -0.00901928477 -0.0477154764 0.0334192864
v 0.0170502101 -0.0479092462 0.0337411873
v -0.031093777 -0.0465205625 0.0345459467
v 0.0130312136 -0.0433771789 0.0376925445
v 0.019053711 -0.0449596359 0.0367187921
v 0.023060711 -0.0449919314 0.0367348843
v 0.0210572101 -0.0459823104 0.0359703661
v 0.0130312136 -0.0449165751 0.0366866006
v -0.00901928477 -0.0447443358 0.0365739339
v 0.0290832075 -0.0479953676 0.0338779959
v 0.023060711 -0.0469511627 0.0349805144
v -0.0270747796 -0.0465636232 0.0345942304
v -0.0290782787 -0.0455624754 0.0355760325
v -0.0250712787 -0.0456055362 0.0356162737
v -0.0270747796 -0.0445828616 0.0364532174
v -0.0230677796 -0.0446151571 0.036485409
v -0.0190487822 -0.0446582143 0.0365095508
v -0.0130382813 -0.0447120402 0.036549792
v -0.0130382813 -0.0431726439 0.0375557359
v -0.0110227848 -0.0431941743 0.0375637856
v 0.0150347136 -0.0431295832 -0.0371740794
v 0.00500521618 -0.0431295832 -0.0370936042
v 0.0110277136 -0.0443675615 -0.0362968945
v -0.0130382813 -0.0431295832 -0.0369406963
v -0.0170452813 -0.0431295832 -0.0369004622
v -0.0230677796 -0.0431295832 -0.0368360792
v 0.035105704 -0.048167607 -0.0321282463
v 0.0330902075 -0.048167607 -0.032136296
v 0.0310867066 -0.0474678808 -0.0331341974
v 0.0310867066 -0.0464667366 -0.0344700918
v 0.0290832075 -0.0464559714 -0.0344620421
v 0.00902421358 -0.0463483231 -0.0343413329
v 0.00902421358 -0.0453579405 -0.0353472768
v -0.0150417813 -0.0442060837 -0.0361681284
v -0.0110227848 -0.0442276141 -0.0361922774
v 0.0330902075 -0.0486089724 -0.0310901109
v -0.0290782787 -0.0430972912 -0.0367877955
v -0.031093777 -0.0440769051 -0.0360635113
v -0.0270747796 -0.0441199658 -0.0360957028
v -0.0330972743 -0.0450349922 -0.0350334256
v -0.031093777 -0.0460576667 -0.0340033326
v -0.0210522813 -0.0478338935 -0.0313798203
v 0.0170502101 -0.0485120893 -0.0309774441
v -0.00901928477 -0.0483398464 -0.0305831105
v -0.0130382813 -0.047898481 -0.0315246785
v 0.0290832075 -0.048587442 -0.0310901109
v -0.0290782787 -0.046757393 -0.0330295731
v 0.0270797084 -0.0479846025 0.0338538541
v 0.023060711 -0.0479523069 0.0338136129
v 0.0170502101 -0.0459500149 0.0359462242
v 0.0130312136 -0.0468758064 0.0349161313
v -0.0130382813 -0.0466820367 0.0347149469
v -0.0210522813 -0.0466174456 0.0346505638
v -0.0170452813 -0.0456808925 0.0356886992
v -0.0110227848 -0.0457347148 0.0357369829
v 0.00902421358 -0.0458854274 0.0358898909
v -0.0210522813 -0.0441630266 -0.036135944
v -0.0246513845 -0.0441414962 -0.0361118022
v -0.0259830514 -0.044130731 -0.0361037525
v 0.0290832075 -0.0481568418 -0.0321201966
v 0.0260599628 -0.0481460766 -0.0320960548
v 0.0270797084 -0.047446354 -0.0331100483
v -0.0130382813 -0.0462191409 -0.0341964746
v -0.00300878407 -0.0452825842 -0.0352668016
v -0.031093777 -0.0450565225 -0.0350575674
v -0.0270747796 -0.0450995797 -0.0350978014
v -0.0290782787 -0.0450780493 -0.0350817093
v -0.0239555576 -0.046133023 -0.0340999072
v -0.0270747796 -0.0461007275 -0.034059666
v -0.0250712787 -0.0468004537 -0.0330859065
v 0.0170502101 -0.0480922543 -0.0319753455
v 0.019053711 -0.0481030195 -0.032007537
v 0.023060711 -0.0485443813 -0.0310498697
v -0.00701578431 -0.0467250974 0.0347632306
v -0.00701578431 -0.0452610574 -0.03523461
v -0.0170452813 -0.0461868454 -0.0341642831
v -0.0130382813 -0.0469726931 -0.0330939562
v -0.0190487822 -0.0461760802 -0.0341401412
v -0.0190487822 -0.0468865716 -0.0330939562
f 1 2 3
f 1 3 4
f 1 4 5
f 1 5 6
f 1 6 17
f 1 17 7
f 1 7 8
f 1 8 2
f 2 8 9
f 2 9 3
f 3 9 10
f 3 10 11
f 3 11 12
f 3 12 4
f 4 12 13
f 4 13 5
f 5 14 6
f 5 13 15
f 5 15 14
f 6 14 16
f 6 16 17
f 7 18 8
f 7 17 19
f 7 19 20
f 7 20 18
f 8 21 22
f 8 22 9
f 8 18 23
f 8 23 24
f 8 24 25
f 8 25 26
f 8 26 21
f 9 27 28
f 9 28 29
f 9 29 10
f 9 22 27
f 10 29 30
f 10 30 11
f 11 30 31
f 11 31 12
f 12 31 32
f 12 32 13
f 13 32 38
f 13 38 15
f 14 15 33
f 14 33 34
f 14 34 35
f 14 35 36
f 14 36 37
f 14 37 16
f 15 38 39
f 15 39 33
f 16 37 17
f 17 37 36
f 17 36 35
f 17 35 40
f 17 40 41
f 17 41 42
f 17 42 19
f 18 20 43
f 18 43 44
f 18 44 24
f 18 24 23
f 19 42 45
f 19 45 20
f 20 45 43
f 21 26 46
f 21 46 47
f 21 47 48
f 21 48 22
f 22 48 49
f 22 49 50
f 22 50 27
f 24 44 51
f 24 51 52
f 24 52 53
f 24 53 54
f 24 54 55
f 24 55 56
f 24 56 57
f 24 57 25
f 25 57 26
f 26 57 46
f 27 50 58
f 27 58 59
f 27 59 60
f 27 60 28
f 28 60 61
f 28 61 62
f 28 62 29
f 29 62 63
f 29 63 64
f 29 64 30
f 30 64 65
f 30 65 31
f 31 65 66
f 31 66 32
f 32 66 73
f 32 73 38
f 33 67 70
f 33 70 34
f 33 39 68
f 33 68 69
f 33 69 67
f 34 70 35
f 35 70 71
f 35 71 40
f 38 72 39
f 38 73 74
f 38 74 72
f 39 72 75
f 39 75 68
f 40 71 76
f 40 76 41
f 41 76 77
f 41 77 45
f 41 45 42
f 43 78 79
f 43 79 51
f 43 51 44
f 43 45 80
f 43 80 78
f 45 81 78
f 45 78 80
f 45 77 81
f 46 57 82
f 46 82 83
f 46 83 84
f 46 84 47
f 47 84 48
f 48 84 85
f 48 85 86
f 48 86 87
f 48 87 49
f 49 87 86
f 49 86 88
f 49 88 89
f 49 89 50
f 50 90 102
f 50 102 58
f 50 89 90
f 51 79 91
f 51 91 92
f 51 92 52
f 52 92 93
f 52 93 53
f 53 55 54
f 53 93 94
f 53 94 95
f 53 95 96
f 53 96 97
f 53 97 98
f 53 98 99
f 53 99 55
f 55 99 101
f 55 101 56
f 56 100 83
f 56 83 57
f 56 101 100
f 57 83 82
f 58 102 59
f 59 103 104
f 59 104 105
f 59 105 106
f 59 106 107
f 59 107 60
f 59 102 103
f 60 107 61
f 61 106 105
f 61 105 108
f 61 108 109
f 61 109 110
f 61 110 62
f 61 107 106
f 62 110 111
f 62 111 63
f 63 111 64
f 64 111 112
f 64 112 113
f 64 113 114
f 64 114 65
f 65 114 115
f 65 115 116
f 65 116 66
f 66 116 117
f 66 117 73
f 67 69 118
f 67 118 119
f 67 119 79
f 67 79 70
f 68 120 121
f 68 121 122
f 68 122 123
f 68 123 69
f 68 75 120
f 69 124 125
f 69 125 118
f 69 123 124
f 70 79 71
f 71 79 126
f 71 126 76
f 72 74 127
f 72 127 128
f 72 128 129
f 72 129 75
f 73 117 74
f 74 130 127
f 74 117 131
f 74 131 132
f 74 132 133
f 74 133 130
f 75 129 134
f 75 134 135
f 75 135 120
f 76 126 81
f 76 81 77
f 78 81 79
f 79 119 118
f 79 118 125
f 79 125 136
f 79 136 145
f 79 145 91
f 79 81 126
f 83 100 137
f 83 137 138
f 83 138 84
f 84 138 85
f 85 139 86
f 85 138 140
f 85 140 139
f 86 141 88
f 86 139 142
f 86 142 141
f 88 141 89
f 89 141 143
f 89 143 90
f 90 143 144
f 90 144 102
f 91 145 93
f 91 93 92
f 93 145 94
f 94 146 147
f 94 147 95
f 94 145 136
f 94 136 148
f 94 148 146
f 95 147 96
f 96 147 97
f 97 147 149
f 97 149 150
f 97 150 151
f 97 151 98
f 98 151 99
f 99 151 152
f 99 152 153
f 99 153 101
f 100 101 154
f 100 154 137
f 101 153 155
f 101 155 154
f 102 144 156
f 102 156 103
f 103 156 104
f 104 156 157
f 104 157 158
f 104 158 159
f 104 159 160
f 104 160 105
f 105 160 108
f 108 160 161
f 108 161 216
f 108 216 162
f 108 162 163
f 108 163 109
f 109 163 110
f 110 163 111
f 111 163 164
f 111 164 112
f 112 164 165
f 112 165 113
f 113 165 166
f 113 166 114
f 114 166 167
f 114 167 116
f 114 116 115
f 116 167 168
f 116 168 131
f 116 131 117
f 120 169 170
f 120 170 121
f 120 135 169
f 121 170 171
f 121 171 122
f 122 171 172
f 122 172 173
f 122 173 124
f 122 124 123
f 124 173 224
f 124 224 174
f 124 174 125
f 125 148 136
f 125 174 175
f 125 175 146
f 125 146 148
f 127 130 128
f 128 176 129
f 128 130 177
f 128 177 176
f 129 176 134
f 130 133 178
f 130 178 177
f 131 168 179
f 131 179 180
f 131 180 132
f 132 180 181
f 132 181 182
f 132 182 178
f 132 178 133
f 134 183 135
f 134 176 184
f 134 184 183
f 135 183 169
f 137 185 138
f 137 154 186
f 137 186 187
f 137 187 185
f 138 185 140
f 139 140 185
f 139 185 188
f 139 188 142
f 141 142 189
f 141 189 190
f 141 190 191
f 141 191 143
f 142 188 192
f 142 192 189
f 143 191 193
f 143 193 144
f 144 193 194
f 144 194 156
f 146 175 226
f 146 226 195
f 146 195 196
f 146 196 197
f 146 197 147
f 147 197 198
f 147 198 199
f 147 199 149
f 149 199 200
f 149 200 150
f 150 200 201
f 150 201 202
f 150 202 151
f 151 202 152
f 152 202 254
f 152 254 203
f 152 203 153
f 153 203 204
f 153 204 155
f 154 155 205
f 154 205 206
f 154 206 186
f 155 204 207
f 155 207 205
f 156 194 208
f 156 208 157
f 157 208 209
f 157 209 158
f 158 210 211
f 158 211 159
f 158 209 210
f 159 211 212
f 159 212 160
f 160 212 213
f 160 213 161
f 161 213 214
f 161 214 215
f 161 215 216
f 162 216 273
f 162 273 217
f 162 217 164
f 162 164 163
f 164 217 165
f 165 217 218
f 165 218 166
f 166 218 179
f 166 179 167
f 167 179 168
f 169 219 220
f 169 220 221
f 169 221 222
f 169 222 170
f 169 183 223
f 169 223 219
f 170 222 173
f 170 173 171
f 171 173 172
f 173 222 280
f 173 280 224
f 174 224 225
f 174 225 175
f 175 225 226
f 176 177 178
f 176 178 227
f 176 227 228
f 176 228 184
f 178 182 227
f 179 218 229
f 179 229 230
f 179 230 180
f 180 230 181
f 181 230 231
f 181 231 232
f 181 232 233
f 181 233 182
f 182 233 234
f 182 234 227
f 183 184 235
f 183 235 223
f 184 228 235
f 185 236 237
f 185 237 238
f 185 238 188
f 185 187 236
f 186 206 239
f 186 239 187
f 187 239 240
f 187 240 241
f 187 241 242
f 187 242 236
f 188 238 243
f 188 243 192
f 189 192 244
f 189 244 243
f 189 243 245
f 189 245 190
f 190 245 246
f 190 246 247
f 190 247 191
f 191 247 193
f 192 243 244
f 193 247 248
f 193 248 194
f 194 248 249
f 194 249 208
f 195 226 250
f 195 250 251
f 195 251 196
f 196 251 252
f 196 252 197
f 197 252 198
f 198 252 199
f 199 252 200
f 200 252 253
f 200 253 201
f 201 253 254
f 201 254 202
f 203 254 255
f 203 255 256
f 203 256 204
f 204 256 207
f 205 207 257
f 205 257 258
f 205 258 259
f 205 259 206
f 206 260 239
f 206 259 260
f 207 256 261
f 207 261 257
f 208 262 209
f 208 249 262
f 209 263 264
f 209 264 210
f 209 262 263
f 210 264 265
f 210 265 211
f 211 265 266
f 211 266 267
f 211 267 212
f 212 267 268
f 212 268 213
f 213 268 214
f 214 268 269
f 214 269 270
f 214 270 215
f 215 271 216
f 215 270 272
f 215 272 271
f 216 271 273
f 217 273 274
f 217 274 229
f 217 229 218
f 219 275 276
f 219 276 220
f 219 223 277
f 219 277 275
f 220 276 278
f 220 278 221
f 221 278 222
f 222 278 279
f 222 279 280
f 223 235 281
f 223 281 277
f 224 280 282
f 224 282 225
f 225 282 283
f 225 283 226
f 226 283 284
f 226 284 250
f 227 234 285
f 227 285 286
f 227 286 287
f 227 287 228
f 228 287 235
f 229 274 341
f 229 341 288
f 229 288 230
f 230 288 231
f 231 288 289
f 231 289 290
f 231 290 232
f 232 291 233
f 232 290 292
f 232 292 291
f 233 291 293
f 233 293 234
f 234 293 294
f 234 294 285
f 235 287 295
f 235 295 281
f 236 296 237
f 236 242 296
f 237 296 238
f 238 296 243
f 239 260 240
f 240 297 241
f 240 260 298
f 240 298 299
f 240 299 297
f 241 297 242
f 242 297 300
f 242 300 301
f 242 301 296
f 243 296 302
f 243 302 245
f 245 302 303
f 245 303 304
f 245 304 246
f 246 304 305
f 246 305 306
f 246 306 247
f 247 306 307
f 247 307 248
f 248 307 308
f 248 308 249
f 249 308 309
f 249 309 262
f 250 284 356
f 250 356 310
f 250 310 311
f 250 311 251
f 251 311 252
f 252 311 253
f 253 311 312
f 253 312 313
f 253 313 254
f 254 313 314
f 254 314 315
f 254 315 255
f 255 315 392
f 255 392 316
f 255 316 317
f 255 317 256
f 256 317 318
f 256 318 261
f 257 261 319
f 257 319 320
f 257 320 258
f 258 320 321
f 258 321 322
f 258 322 323
f 258 323 324
f 258 324 259
f 259 324 260
f 260 324 325
f 260 325 298
f 261 318 326
f 261 326 319
f 262 309 327
f 262 327 263
f 263 327 328
f 263 328 264
f 264 328 329
f 264 329 330
f 264 330 265
f 265 330 266
f 266 330 331
f 266 331 332
f 266 332 267
f 267 332 333
f 267 333 268
f 268 333 269
f 269 334 335
f 269 335 270
f 269 333 334
f 270 335 336
f 270 336 272
f 271 337 273
f 271 272 338
f 271 338 337
f 272 336 339
f 272 339 338
f 273 337 274
f 274 337 340
f 274 340 341
f 275 342 343
f 275 343 276
f 275 277 342
f 276 343 344
f 276 344 345
f 276 345 278
f 277 281 346
f 277 346 342
f 278 345 347
f 278 347 348
f 278 348 279
f 279 348 349
f 279 349 350
f 279 350 280
f 280 350 351
f 280 351 282
f 281 352 346
f 281 295 352
f 282 351 353
f 282 353 354
f 282 354 283
f 283 354 355
f 283 355 284
f 284 355 356
f 285 294 357
f 285 357 358
f 285 358 286
f 286 359 287
f 286 358 359
f 287 359 295
f 288 341 360
f 288 360 289
f 289 360 361
f 289 361 290
f 290 361 362
f 290 362 363
f 290 363 292
f 291 364 293
f 291 292 365
f 291 365 364
f 292 363 366
f 292 366 367
f 292 367 365
f 293 364 294
f 294 364 368
f 294 368 357
f 295 369 352
f 295 359 369
f 296 301 302
f 297 370 300
f 297 299 370
f 298 325 371
f 298 371 299
f 299 371 372
f 299 372 373
f 299 373 374
f 299 374 370
f 300 370 375
f 300 375 376
f 300 376 301
f 301 377 378
f 301 378 302
f 301 376 377
f 302 378 303
f 303 379 304
f 303 378 379
f 304 379 380
f 304 380 381
f 304 381 305
f 305 381 380
f 305 380 382
f 305 382 383
f 305 383 306
f 306 384 307
f 306 383 384
f 307 384 385
f 307 385 308
f 308 385 386
f 308 386 309
f 309 387 327
f 309 386 387
f 310 356 388
f 310 388 311
f 311 388 389
f 311 389 312
f 312 389 390
f 312 390 391
f 312 391 313
f 313 391 314
f 314 391 315
f 315 391 392
f 316 392 393
f 316 393 394
f 316 394 395
f 316 395 317
f 317 395 318
f 318 396 326
f 318 395 397
f 318 397 398
f 318 398 396
f 319 326 396
f 319 396 399
f 319 399 321
f 319 321 320
f 321 399 322
f 322 400 401
f 322 401 402
f 322 402 403
f 322 403 323
f 322 399 400
f 323 325 324
f 323 403 325
f 325 404 371
f 325 403 404
f 327 387 405
f 327 405 406
f 327 406 328
f 328 407 329
f 328 406 407
f 329 407 408
f 329 408 409
f 329 409 330
f 330 409 331
f 331 409 410
f 331 410 411
f 331 411 412
f 331 412 332
f 332 412 413
f 332 413 414
f 332 414 334
f 332 334 333
f 334 414 415
f 334 415 335
f 335 415 416
f 335 416 336
f 336 416 417
f 336 417 339
f 337 338 418
f 337 418 340
f 338 339 419
f 338 419 420
f 338 420 418
f 339 417 421
f 339 421 419
f 340 418 360
f 340 360 341
f 342 422 423
f 342 423 343
f 342 346 424
f 342 424 422
f 343 423 425
f 343 425 426
f 343 426 427
f 343 427 344
f 344 427 345
f 345 427 347
f 346 352 428
f 346 428 424
f 347 427 429
f 347 429 430
f 347 430 348
f 348 430 431
f 348 431 349
f 349 431 432
f 349 432 433
f 349 433 350
f 350 433 434
f 350 434 353
f 350 353 351
f 352 369 435
f 352 435 428
f 353 434 436
f 353 436 354
f 354 436 437
f 354 437 438
f 354 438 355
f 355 438 439
f 355 439 356
f 356 439 440
f 356 440 441
f 356 441 388
f 357 442 358
f 357 368 443
f 357 443 444
f 357 444 442
f 358 442 445
f 358 445 359
f 359 445 369
f 360 418 446
f 360 446 361
f 361 446 510
f 361 510 447
f 361 447 448
f 361 448 362
f 362 448 449
f 362 449 363
f 363 449 366
f 364 365 450
f 364 450 451
f 364 451 368
f 365 367 450
f 366 452 367
f 366 449 453
f 366 453 454
f 366 454 455
f 366 455 452
f 367 452 450
f 368 451 443
f 369 445 456
f 369 456 435
f 370 374 375
f 371 404 372
f 372 457 458
f 372 458 373
f 372 404 459
f 372 459 457
f 373 458 374
f 374 458 460
f 374 460 461
f 374 461 375
f 375 461 462
f 375 462 376
f 376 462 377
f 377 462 463
f 377 463 464
f 377 464 379
f 377 379 378
f 379 464 380
f 380 464 465
f 380 465 382
f 382 465 383
f 383 465 466
f 383 466 467
f 383 467 468
f 383 468 384
f 384 468 469
f 384 469 385
f 385 469 470
f 385 470 386
f 386 470 471
f 386 471 387
f 387 471 405
f 388 441 472
f 388 472 473
f 388 473 389
f 389 473 474
f 389 474 390
f 390 474 475
f 390 475 476
f 390 476 477
f 390 477 391
f 391 477 393
f 391 393 392
f 393 477 478
f 393 478 479
f 393 479 394
f 394 479 480
f 394 480 395
f 395 480 397
f 396 398 400
f 396 400 399
f 397 480 481
f 397 481 482
f 397 482 398
f 398 482 483
f 398 483 400
f 400 483 484
f 400 484 485
f 400 485 401
f 401 485 486
f 401 486 402
f 402 486 487
f 402 487 488
f 402 488 489
f 402 489 403
f 403 489 404
f 404 489 459
f 405 471 490
f 405 490 491
f 405 491 492
f 405 492 406
f 406 492 407
f 407 493 408
f 407 492 493
f 408 493 494
f 408 494 495
f 408 495 409
f 409 495 410
f 410 495 411
f 411 495 496
f 411 496 497
f 411 497 498
f 411 498 499
f 411 499 500
f 411 500 413
f 411 413 412
f 413 500 501
f 413 501 502
f 413 502 414
f 414 502 415
f 415 502 503
f 415 503 504
f 415 504 416
f 416 504 505
f 416 505 506
f 416 506 417
f 417 506 511
f 417 511 421
f 418 420 446
f 419 421 507
f 419 507 508
f 419 508 420
f 420 508 509
f 420 509 510
f 420 510 446
f 421 511 512
f 421 512 507
f 422 513 423
f 422 424 513
f 423 513 514
f 423 514 515
f 423 515 425
f 424 428 516
f 424 516 513
f 425 515 517
f 425 517 426
f 426 517 427
f 427 518 429
f 427 517 518
f 428 519 516
f 428 435 519
f 429 518 430
f 430 518 520
f 430 520 431
f 431 521 432
f 431 520 521
f 432 521 522
f 432 522 523
f 432 523 433
f 433 523 524
f 433 524 434
f 434 524 525
f 434 525 436
f 435 526 519
f 435 456 526
f 436 525 437
f 437 527 528
f 437 528 529
f 437 529 530
f 437 530 438
f 437 525 527
f 438 530 531
f 438 531 439
f 439 531 532
f 439 532 440
f 440 532 533
f 440 533 534
f 440 534 535
f 440 535 472
f 440 472 441
f 442 536 445
f 442 444 537
f 442 537 536
f 443 538 444
f 443 451 539
f 443 539 540
f 443 540 538
f 444 538 537
f 445 536 456
f 447 510 602
f 447 602 541
f 447 541 448
f 448 541 542
f 448 542 449
f 449 542 453
f 450 452 543
f 450 543 539
f 450 539 451
f 452 455 544
f 452 544 543
f 453 542 545
f 453 545 454
f 454 546 455
f 454 545 547
f 454 547 548
f 454 548 549
f 454 549 546
f 455 546 544
f 456 536 550
f 456 550 526
f 457 551 458
f 457 459 552
f 457 552 553
f 457 553 551
f 458 551 460
f 459 489 554
f 459 554 552
f 460 555 461
f 460 551 556
f 460 556 555
f 461 555 557
f 461 557 462
f 462 557 463
f 463 557 558
f 463 558 559
f 463 559 464
f 464 560 465
f 464 559 560
f 465 560 561
f 465 561 466
f 466 562 563
f 466 563 467
f 466 561 562
f 467 563 468
f 468 564 469
f 468 563 564
f 469 564 565
f 469 565 470
f 470 565 566
f 470 566 471
f 471 566 490
f 472 535 567
f 472 567 473
f 473 567 568
f 473 568 474
f 474 476 475
f 474 568 476
f 476 568 569
f 476 569 478
f 476 478 477
f 478 569 662
f 478 662 570
f 478 570 571
f 478 571 572
f 478 572 479
f 479 572 480
f 480 572 573
f 480 573 481
f 481 573 574
f 481 574 575
f 481 575 576
f 481 576 482
f 482 576 577
f 482 577 483
f 483 577 578
f 483 578 484
f 484 578 579
f 484 579 485
f 485 579 580
f 485 580 486
f 486 580 581
f 486 581 487
f 487 582 583
f 487 583 488
f 487 581 582
f 488 554 489
f 488 583 554
f 490 584 491
f 490 566 585
f 490 585 584
f 491 584 586
f 491 586 587
f 491 587 492
f 492 587 493
f 493 587 588
f 493 588 494
f 494 588 589
f 494 589 590
f 494 590 495
f 495 590 497
f 495 497 496
f 497 590 591
f 497 591 592
f 497 592 593
f 497 593 499
f 497 499 498
f 499 594 595
f 499 595 596
f 499 596 500
f 499 593 594
f 500 596 501
f 501 596 597
f 501 597 503
f 501 503 502
f 503 505 504
f 503 597 598
f 503 598 505
f 505 599 506
f 505 598 600
f 505 600 599
f 506 599 511
f 507 512 601
f 507 601 508
f 508 601 509
f 509 601 602
f 509 602 510
f 511 599 603
f 511 603 604
f 511 604 512
f 512 604 601
f 513 605 514
f 513 516 606
f 513 606 605
f 514 605 607
f 514 607 608
f 514 608 515
f 515 608 609
f 515 609 517
f 516 519 610
f 516 610 606
f 517 609 611
f 517 611 612
f 517 612 518
f 518 612 520
f 519 526 613
f 519 613 610
f 520 612 614
f 520 614 521
f 521 614 615
f 521 615 522
f 522 615 616
f 522 616 523
f 523 616 617
f 523 617 618
f 523 618 619
f 523 619 524
f 524 619 620
f 524 620 525
f 525 620 527
f 526 550 621
f 526 621 613
f 527 620 622
f 527 622 528
f 528 622 623
f 528 623 624
f 528 624 625
f 528 625 626
f 528 626 529
f 529 626 531
f 529 531 530
f 531 626 625
f 531 625 533
f 531 533 532
f 533 625 534
f 534 625 627
f 534 627 628
f 534 628 535
f 535 628 567
f 536 537 629
f 536 629 630
f 536 630 550
f 537 538 631
f 537 631 629
f 538 540 632
f 538 632 631
f 539 543 633
f 539 633 634
f 539 634 635
f 539 635 540
f 540 635 632
f 541 602 636
f 541 636 637
f 541 637 542
f 542 637 545
f 543 544 633
f 544 546 638
f 544 638 633
f 545 637 639
f 545 639 547
f 546 549 638
f 547 639 640
f 547 640 641
f 547 641 548
f 548 641 549
f 549 641 642
f 549 642 643
f 549 643 638
f 550 630 621
f 551 644 556
f 551 553 645
f 551 645 644
f 552 554 646
f 552 646 553
f 553 646 645
f 554 583 647
f 554 647 646
f 555 648 651
f 555 651 557
f 555 556 649
f 555 649 648
f 556 644 650
f 556 650 649
f 557 651 558
f 558 652 653
f 558 653 559
f 558 651 652
f 559 653 560
f 560 654 561
f 560 653 654
f 561 654 655
f 561 655 562
f 562 656 657
f 562 657 563
f 562 655 656
f 563 657 658
f 563 658 564
f 564 658 659
f 564 659 565
f 565 659 660
f 565 660 566
f 566 660 585
f 567 628 661
f 567 661 662
f 567 662 568
f 568 662 569
f 570 662 727
f 570 727 663
f 570 663 571
f 571 663 664
f 571 664 572
f 572 664 574
f 572 574 573
f 574 664 665
f 574 665 666
f 574 666 667
f 574 667 575
f 575 667 576
f 576 667 668
f 576 668 577
f 577 668 669
f 577 669 578
f 578 669 670
f 578 670 671
f 578 671 579
f 579 671 672
f 579 672 673
f 579 673 580
f 580 673 581
f 581 673 674
f 581 674 675
f 581 675 676
f 581 676 677
f 581 677 582
f 582 677 583
f 583 677 678
f 583 678 679
f 583 679 647
f 584 680 681
f 584 681 586
f 584 585 680
f 585 660 682
f 585 682 680
f 586 681 683
f 586 683 684
f 586 684 587
f 587 684 588
f 588 685 686
f 588 686 589
f 588 684 685
f 589 686 591
f 589 591 590
f 591 687 592
f 591 686 687
f 592 687 688
f 592 688 689
f 592 689 593
f 593 689 594
f 594 689 690
f 594 690 691
f 594 691 692
f 594 692 595
f 595 692 693
f 595 693 596
f 596 693 597
f 597 693 598
f 598 693 694
f 598 694 600
f 599 600 695
f 599 695 603
f 600 694 696
f 600 696 695
f 601 604 697
f 601 697 698
f 601 698 602
f 602 698 636
f 603 695 699
f 603 699 700
f 603 700 604
f 604 700 697
f 605 701 607
f 605 606 701
f 606 610 702
f 606 702 701
f 607 701 703
f 607 703 704
f 607 704 608
f 608 704 705
f 608 705 609
f 609 705 706
f 609 706 707
f 609 707 612
f 609 612 611
f 610 708 702
f 610 613 708
f 612 707 614
f 613 621 709
f 613 709 708
f 614 710 711
f 614 711 615
f 614 707 710
f 615 711 712
f 615 712 616
f 616 712 713
f 616 713 617
f 617 713 714
f 617 714 715
f 617 715 618
f 618 716 619
f 618 715 717
f 618 717 716
f 619 716 620
f 620 716 622
f 621 718 709
f 621 630 718
f 622 716 719
f 622 719 623
f 623 719 720
f 623 720 721
f 623 721 624
f 624 721 722
f 624 722 625
f 625 722 723
f 625 723 627
f 627 723 724
f 627 724 725
f 627 725 628
f 628 725 726
f 628 726 727
f 628 727 661
f 629 631 728
f 629 728 630
f 630 728 729
f 630 729 718
f 631 632 730
f 631 730 728
f 632 731 732
f 632 732 730
f 632 635 731
f 633 638 643
f 633 643 733
f 633 733 734
f 633 734 735
f 633 735 635
f 633 635 634
f 635 735 734
f 635 734 736
f 635 736 731
f 636 737 738
f 636 738 739
f 636 739 639
f 636 639 637
f 636 698 737
f 639 739 740
f 639 740 640
f 640 740 741
f 640 741 742
f 640 742 641
f 641 743 642
f 641 742 743
f 642 743 744
f 642 744 643
f 643 744 745
f 643 745 734
f 643 734 733
f 644 645 746
f 644 746 650
f 645 747 746
f 645 646 748
f 645 748 747
f 646 647 679
f 646 679 748
f 648 749 651
f 648 649 749
f 649 750 749
f 649 650 750
f 650 746 751
f 650 751 750
f 651 749 752
f 651 752 652
f 652 753 754
f 652 754 653
f 652 752 753
f 653 754 755
f 653 755 654
f 654 755 655
f 655 755 756
f 655 756 656
f 656 756 657
f 657 756 757
f 657 757 658
f 658 758 659
f 658 757 758
f 659 759 660
f 659 758 759
f 660 759 682
f 661 727 662
f 663 727 760
f 663 760 664
f 664 760 665
f 665 760 761
f 665 761 762
f 665 762 763
f 665 763 666
f 666 763 764
f 666 764 667
f 667 764 765
f 667 765 668
f 668 765 766
f 668 766 669
f 669 766 670
f 670 672 671
f 670 766 767
f 670 767 768
f 670 768 672
f 672 768 769
f 672 769 770
f 672 770 675
f 672 675 674
f 672 674 673
f 675 771 676
f 675 770 772
f 675 772 773
f 675 773 771
f 676 771 677
f 677 771 774
f 677 774 775
f 677 775 776
f 677 776 678
f 678 776 679
f 679 776 777
f 679 777 748
f 680 682 778
f 680 778 779
f 680 779 681
f 681 780 683
f 681 779 780
f 682 759 781
f 682 781 778
f 683 782 783
f 683 783 684
f 683 780 782
f 684 783 784
f 684 784 685
f 685 784 686
f 686 785 687
f 686 784 785
f 687 786 688
f 687 785 786
f 688 690 689
f 688 786 690
f 690 787 788
f 690 788 691
f 690 786 789
f 690 789 790
f 690 790 787
f 691 788 692
f 692 791 792
f 692 792 693
f 692 788 791
f 693 792 694
f 694 792 793
f 694 793 696
f 695 696 794
f 695 794 796
f 695 796 699
f 696 793 795
f 696 795 794
f 697 700 737
f 697 737 698
f 699 796 797
f 699 797 700
f 700 797 835
f 700 835 737
f 701 798 799
f 701 799 800
f 701 800 703
f 701 702 801
f 701 801 798
f 702 708 802
f 702 802 801
f 703 800 704
f 704 800 803
f 704 803 804
f 704 804 805
f 704 805 705
f 705 805 706
f 706 805 707
f 707 805 710
f 708 709 806
f 708 806 802
f 709 718 807
f 709 807 806
f 710 808 809
f 710 809 711
f 710 805 810
f 710 810 808
f 711 809 712
f 712 809 811
f 712 811 713
f 713 812 714
f 713 811 812
f 714 812 813
f 714 813 814
f 714 814 715
f 715 814 815
f 715 815 717
f 716 717 719
f 717 815 816
f 717 816 719
f 718 729 817
f 718 817 807
f 719 816 720
f 720 818 819
f 720 819 721
f 720 816 818
f 721 819 820
f 721 820 821
f 721 821 722
f 722 821 822
f 722 822 723
f 723 822 724
f 724 823 824
f 724 824 825
f 724 825 725
f 724 822 823
f 725 825 826
f 725 826 726
f 726 826 827
f 726 827 727
f 727 827 760
f 728 730 828
f 728 828 729
f 729 828 829
f 729 829 817
f 730 732 828
f 731 736 830
f 731 830 732
f 732 830 831
f 732 831 832
f 732 832 828
f 734 833 830
f 734 830 736
f 734 745 834
f 734 834 833
f 737 835 738
f 738 835 836
f 738 836 739
f 739 836 740
f 740 836 837
f 740 837 741
f 741 837 838
f 741 838 839
f 741 839 742
f 742 839 840
f 742 840 841
f 742 841 743
f 743 841 842
f 743 842 843
f 743 843 744
f 744 844 745
f 744 843 844
f 745 844 834
f 746 747 845
f 746 845 751
f 747 748 846
f 747 846 847
f 747 847 845
f 748 777 846
f 749 848 752
f 749 750 849
f 749 849 848
f 750 751 850
f 750 850 849
f 751 845 850
f 752 848 851
f 752 851 753
f 753 852 853
f 753 853 755
f 753 755 754
f 753 851 852
f 755 854 756
f 755 853 854
f 756 854 855
f 756 855 757
f 757 855 856
f 757 856 857
f 757 857 758
f 758 857 781
f 758 781 759
f 760 827 858
f 760 858 761
f 761 858 859
f 761 859 762
f 762 859 860
f 762 860 861
f 762 861 763
f 763 861 862
f 763 862 764
f 764 862 863
f 764 863 765
f 765 863 864
f 765 864 766
f 766 864 767
f 767 864 865
f 767 865 866
f 767 866 768
f 768 866 769
f 769 866 867
f 769 867 868
f 769 868 869
f 769 869 772
f 769 772 770
f 771 773 870
f 771 870 774
f 772 869 773
f 773 869 870
f 774 870 775
f 775 871 777
f 775 777 776
f 775 870 872
f 775 872 873
f 775 873 871
f 777 871 846
f 778 781 874
f 778 874 875
f 778 875 779
f 779 875 780
f 780 875 876
f 780 876 782
f 781 857 877
f 781 877 874
f 782 878 879
f 782 879 783
f 782 876 878
f 783 879 784
f 784 879 880
f 784 880 785
f 785 881 786
f 785 880 881
f 786 881 882
f 786 882 789
f 787 790 883
f 787 883 884
f 787 884 788
f 788 884 791
f 789 882 790
f 790 885 883
f 790 882 886
f 790 886 885
f 791 884 887
f 791 887 888
f 791 888 792
f 792 888 793
f 793 888 889
f 793 889 795
f 794 795 890
f 794 890 796
f 795 889 891
f 795 891 892
f 795 892 893
f 795 893 890
f 796 890 894
f 796 894 797
f 797 894 835
f 798 895 896
f 798 896 799
f 798 801 895
f 799 896 897
f 799 897 800
f 800 897 898
f 800 898 899
f 800 899 900
f 800 900 803
f 801 802 901
f 801 901 895
f 802 902 901
f 802 806 902
f 803 900 804
f 804 900 805
f 805 900 810
f 806 807 903
f 806 903 902
f 807 817 904
f 807 904 903
f 808 905 906
f 808 906 809
f 808 810 905
f 809 906 811
f 810 900 907
f 810 907 905
f 811 906 908
f 811 908 812
f 812 908 909
f 812 909 813
f 813 909 910
f 813 910 911
f 813 911 814
f 814 912 815
f 814 911 912
f 815 912 913
f 815 913 816
f 816 913 818
f 817 829 914
f 817 914 904
f 818 913 915
f 818 915 916
f 818 916 917
f 818 917 819
f 819 917 820
f 820 918 919
f 820 919 920
f 820 920 921
f 820 921 922
f 820 922 821
f 820 917 918
f 821 922 822
f 822 922 923
f 822 923 823
f 823 923 824
f 824 924 825
f 824 923 925
f 824 925 926
f 824 926 924
f 825 924 826
f 826 924 927
f 826 927 827
f 827 927 858
f 828 832 829
f 829 832 928
f 829 928 914
f 830 833 929
f 830 929 831
f 831 930 931
f 831 931 832
f 831 929 930
f 832 931 928
f 833 834 929
f 834 932 929
f 834 844 933
f 834 933 932
f 835 894 934
f 835 934 935
f 835 935 936
f 835 936 937
f 835 937 836
f 836 937 837
f 837 937 938
f 837 938 838
f 838 938 939
f 838 939 940
f 838 940 839
f 839 940 941
f 839 941 942
f 839 942 840
f 840 942 841
f 841 943 842
f 841 942 944
f 841 944 943
f 842 943 945
f 842 945 946
f 842 946 843
f 843 946 844
f 844 946 933
f 845 947 850
f 845 847 947
f 846 871 948
f 846 948 847
f 847 948 949
f 847 949 947
f 848 950 951
f 848 951 851
f 848 849 952
f 848 952 950
f 849 850 953
f 849 953 952
f 850 947 954
f 850 954 953
f 851 951 955
f 851 955 852
f 852 955 956
f 852 956 853
f 853 956 854
f 854 957 958
f 854 958 855
f 854 956 957
f 855 958 959
f 855 959 856
f 856 959 960
f 856 960 961
f 856 961 857
f 857 962 877
f 857 961 962
f 858 927 963
f 858 963 859
f 859 963 1074
f 859 1074 964
f 859 964 965
f 859 965 966
f 859 966 860
f 860 967 861
f 860 966 967
f 861 967 968
f 861 968 862
f 862 968 969
f 862 969 970
f 862 970 863
f 863 970 971
f 863 971 864
f 864 971 865
f 865 971 972
f 865 972 867
f 865 867 866
f 867 972 973
f 867 973 974
f 867 974 975
f 867 975 868
f 868 975 869
f 869 976 977
f 869 977 870
f 869 975 978
f 869 978 976
f 870 979 980
f 870 980 872
f 870 977 979
f 871 873 981
f 871 981 948
f 872 980 873
f 873 980 982
f 873 982 981
f 874 877 983
f 874 983 984
f 874 984 875
f 875 984 985
f 875 985 876
f 876 985 986
f 876 986 878
f 877 962 987
f 877 987 988
f 877 988 983
f 878 986 989
f 878 989 879
f 879 989 880
f 880 989 990
f 880 990 881
f 881 990 991
f 881 991 882
f 882 991 886
f 883 992 884
f 883 885 992
f 884 993 887
f 884 992 993
f 885 994 992
f 885 886 995
f 885 995 994
f 886 991 996
f 886 996 995
f 887 997 998
f 887 998 999
f 887 999 888
f 887 993 997
f 888 999 1000
f 888 1000 889
f 889 1000 1001
f 889 1001 891
f 890 893 1002
f 890 1002 894
f 891 1001 1003
f 891 1003 1004
f 891 1004 892
f 892 1004 1005
f 892 1005 893
f 893 1005 1002
f 894 1002 1006
f 894 1006 934
f 895 1007 1008
f 895 1008 896
f 895 901 1009
f 895 1009 1007
f 896 1008 897
f 897 1008 1010
f 897 1010 1011
f 897 1011 1012
f 897 1012 898
f 898 1012 899
f 899 1012 907
f 899 907 900
f 901 902 1013
f 901 1013 1009
f 902 903 1014
f 902 1014 1013
f 903 904 1014
f 904 1015 1014
f 904 914 1015
f 905 1016 1017
f 905 1017 906
f 905 907 1018
f 905 1018 1016
f 906 1017 908
f 907 1012 1018
f 908 1017 1019
f 908 1019 909
f 909 1019 1020
f 909 1020 910
f 910 1021 1022
f 910 1022 911
f 910 1020 1021
f 911 1022 1023
f 911 1023 912
f 912 1023 915
f 912 915 913
f 914 928 1024
f 914 1024 1015
f 915 1023 1025
f 915 1025 1026
f 915 1026 1027
f 915 1027 916
f 916 1027 918
f 916 918 917
f 918 1026 1028
f 918 1028 1029
f 918 1029 919
f 918 1027 1026
f 919 1029 920
f 920 1029 1030
f 920 1030 1031
f 920 1031 1032
f 920 1032 921
f 921 1032 923
f 921 923 922
f 923 1032 1033
f 923 1033 925
f 924 926 1034
f 924 1034 927
f 925 1033 1035
f 925 1035 926
f 926 1035 1036
f 926 1036 1034
f 927 1034 963
f 928 931 1037
f 928 1037 1024
f 929 932 1038
f 929 1038 930
f 930 1039 1040
f 930 1040 931
f 930 1038 1039
f 931 1040 1037
f 932 933 1041
f 932 1041 1038
f 933 946 1041
f 934 1006 1042
f 934 1042 935
f 935 1042 936
f 936 1042 1043
f 936 1043 1044
f 936 1044 937
f 937 1044 938
f 938 1044 939
f 939 1045 1158
f 939 1158 1046
f 939 1046 1047
f 939 1047 940
f 939 1044 1045
f 940 1047 941
f 941 1047 1048
f 941 1048 1049
f 941 1049 942
f 942 1049 1050
f 942 1050 944
f 943 944 1051
f 943 1051 1052
f 943 1052 1053
f 943 1053 1054
f 943 1054 945
f 944 1050 1051
f 945 1054 1055
f 945 1055 1056
f 945 1056 946
f 946 1056 1041
f 947 949 954
f 948 981 1057
f 948 1057 949
f 949 1057 1058
f 949 1058 954
f 950 952 1059
f 950 1059 1060
f 950 1060 951
f 951 1060 1061
f 951 1061 955
f 952 953 1062
f 952 1062 1059
f 953 1063 1062
f 953 954 1064
f 953 1064 1063
f 954 1058 1065
f 954 1065 1064
f 955 1061 1066
f 955 1066 1067
f 955 1067 1068
f 955 1068 1069
f 955 1069 957
f 955 957 956
f 957 1069 958
f 958 1069 959
f 959 1069 1070
f 959 1070 960
f 960 1071 1072
f 960 1072 961
f 960 1070 1071
f 961 1072 962
f 962 1072 987
f 963 1034 1073
f 963 1073 1074
f 964 1074 1075
f 964 1075 1076
f 964 1076 965
f 965 1076 1077
f 965 1077 966
f 966 1077 1078
f 966 1078 968
f 966 968 967
f 968 1078 1079
f 968 1079 1080
f 968 1080 969
f 969 1080 1081
f 969 1081 970
f 970 1081 1082
f 970 1082 971
f 971 1082 1083
f 971 1083 972
f 972 1083 1084
f 972 1084 973
f 973 1084 1085
f 973 1085 1086
f 973 1086 974
f 974 1086 1087
f 974 1087 975
f 975 1088 978
f 975 1087 1089
f 975 1089 1088
f 976 978 1088
f 976 1088 1090
f 976 1090 1091
f 976 1091 980
f 976 980 979
f 976 979 977
f 980 1091 1092
f 980 1092 982
f 981 982 1093
f 981 1093 1057
f 982 1092 1094
f 982 1094 1093
f 983 1095 984
f 983 988 1096
f 983 1096 1097
f 983 1097 1095
f 984 1095 1098
f 984 1098 985
f 985 1098 1099
f 985 1099 986
f 986 1099 1100
f 986 1100 989
f 987 1101 1102
f 987 1102 988
f 987 1072 1103
f 987 1103 1101
f 988 1102 1096
f 989 1100 990
f 990 1104 991
f 990 1100 1105
f 990 1105 1104
f 991 1104 996
f 992 1106 993
f 992 994 1106
f 993 1106 1107
f 993 1107 997
f 994 995 1108
f 994 1108 1109
f 994 1109 1110
f 994 1110 1106
f 995 996 1111
f 995 1111 1108
f 996 1104 1112
f 996 1112 1111
f 997 1107 1113
f 997 1113 1114
f 997 1114 1115
f 997 1115 998
f 998 1115 1116
f 998 1116 1000
f 998 1000 999
f 1000 1116 1117
f 1000 1117 1118
f 1000 1118 1001
f 1001 1118 1119
f 1001 1119 1003
f 1002 1005 1004
f 1002 1004 1120
f 1002 1120 1121
f 1002 1121 1006
f 1003 1119 1004
f 1004 1119 1122
f 1004 1122 1120
f 1006 1121 1123
f 1006 1123 1045
f 1006 1045 1042
f 1007 1124 1125
f 1007 1125 1126
f 1007 1126 1008
f 1007 1009 1124
f 1008 1127 1010
f 1008 1126 1128
f 1008 1128 1127
f 1009 1013 1129
f 1009 1129 1124
f 1010 1128 1130
f 1010 1130 1011
f 1010 1127 1128
f 1011 1130 1012
f 1012 1130 1018
f 1013 1131 1129
f 1013 1014 1131
f 1014 1015 1132
f 1014 1132 1133
f 1014 1133 1131
f 1015 1024 1134
f 1015 1134 1132
f 1016 1135 1136
f 1016 1136 1137
f 1016 1137 1017
f 1016 1018 1135
f 1017 1137 1138
f 1017 1138 1019
f 1018 1130 1139
f 1018 1139 1135
f 1019 1138 1140
f 1019 1140 1020
f 1020 1140 1141
f 1020 1141 1021
f 1021 1141 1142
f 1021 1142 1022
f 1022 1142 1143
f 1022 1143 1023
f 1023 1143 1025
f 1024 1037 1134
f 1025 1143 1144
f 1025 1144 1026
f 1026 1145 1146
f 1026 1146 1147
f 1026 1147 1028
f 1026 1144 1145
f 1028 1147 1029
f 1029 1147 1030
f 1030 1148 1031
f 1030 1147 1148
f 1031 1148 1033
f 1031 1033 1032
f 1033 1148 1149
f 1033 1149 1150
f 1033 1150 1035
f 1034 1036 1073
f 1035 1150 1036
f 1036 1150 1151
f 1036 1151 1152
f 1036 1152 1073
f 1037 1040 1153
f 1037 1153 1134
f 1038 1041 1154
f 1038 1154 1039
f 1039 1155 1040
f 1039 1154 1156
f 1039 1156 1155
f 1040 1155 1153
f 1041 1056 1154
f 1042 1045 1043
f 1043 1045 1044
f 1045 1157 1158
f 1045 1123 1157
f 1046 1158 1271
f 1046 1271 1159
f 1046 1159 1160
f 1046 1160 1047
f 1047 1160 1048
f 1048 1160 1161
f 1048 1161 1050
f 1048 1050 1049
f 1050 1161 1162
f 1050 1162 1051
f 1051 1162 1163
f 1051 1163 1164
f 1051 1164 1052
f 1052 1164 1053
f 1053 1165 1054
f 1053 1164 1166
f 1053 1166 1165
f 1054 1165 1055
f 1055 1165 1167
f 1055 1167 1056
f 1056 1167 1168
f 1056 1168 1154
f 1057 1093 1169
f 1057 1169 1058
f 1058 1169 1065
f 1059 1170 1171
f 1059 1171 1060
f 1059 1062 1170
f 1060 1172 1061
f 1060 1171 1172
f 1061 1172 1173
f 1061 1173 1066
f 1062 1063 1174
f 1062 1174 1170
f 1063 1175 1174
f 1063 1064 1176
f 1063 1176 1175
f 1064 1065 1177
f 1064 1177 1176
f 1065 1169 1178
f 1065 1178 1179
f 1065 1179 1177
f 1066 1173 1067
f 1067 1173 1068
f 1068 1180 1181
f 1068 1181 1070
f 1068 1070 1069
f 1068 1173 1182
f 1068 1182 1180
f 1070 1181 1071
f 1071 1103 1072
f 1071 1181 1103
f 1073 1152 1074
f 1074 1152 1183
f 1074 1183 1075
f 1075 1183 1184
f 1075 1184 1185
f 1075 1185 1076
f 1076 1185 1186
f 1076 1186 1077
f 1077 1186 1187
f 1077 1187 1078
f 1078 1187 1188
f 1078 1188 1079
f 1079 1188 1080
f 1080 1188 1189
f 1080 1189 1190
f 1080 1190 1081
f 1081 1190 1191
f 1081 1191 1082
f 1082 1191 1192
f 1082 1192 1083
f 1083 1192 1084
f 1084 1192 1193
f 1084 1193 1085
f 1085 1193 1194
f 1085 1194 1195
f 1085 1195 1086
f 1086 1195 1196
f 1086 1196 1087
f 1087 1196 1197
f 1087 1197 1089
f 1088 1089 1198
f 1088 1198 1090
f 1089 1197 1199
f 1089 1199 1198
f 1090 1200 1091
f 1090 1198 1201
f 1090 1201 1200
f 1091 1200 1092
f 1092 1202 1094
f 1092 1200 1202
f 1093 1094 1203
f 1093 1203 1169
f 1094 1202 1204
f 1094 1204 1203
f 1095 1097 1205
f 1095 1205 1206
f 1095 1206 1098
f 1096 1102 1207
f 1096 1207 1208
f 1096 1208 1209
f 1096 1209 1097
f 1097 1209 1205
f 1098 1206 1210
f 1098 1210 1211
f 1098 1211 1099
f 1099 1211 1105
f 1099 1105 1100
f 1101 1207 1102
f 1101 1103 1212
f 1101 1212 1207
f 1103 1181 1213
f 1103 1213 1214
f 1103 1214 1212
f 1104 1105 1112
f 1105 1211 1215
f 1105 1215 1112
f 1106 1110 1216
f 1106 1216 1107
f 1107 1216 1217
f 1107 1217 1113
f 1108 1111 1218
f 1108 1218 1109
f 1109 1218 1219
f 1109 1219 1220
f 1109 1220 1221
f 1109 1221 1110
f 1110 1221 1216
f 1111 1112 1222
f 1111 1222 1218
f 1112 1215 1223
f 1112 1223 1222
f 1113 1224 1344
f 1113 1344 1225
f 1113 1225 1226
f 1113 1226 1115
f 1113 1115 1114
f 1113 1217 1224
f 1115 1226 1227
f 1115 1227 1116
f 1116 1227 1117
f 1117 1228 1229
f 1117 1229 1230
f 1117 1230 1119
f 1117 1119 1118
f 1117 1227 1228
f 1119 1230 1233
f 1119 1233 1122
f 1120 1122 1231
f 1120 1231 1121
f 1121 1231 1232
f 1121 1232 1157
f 1121 1157 1123
f 1122 1233 1353
f 1122 1353 1231
f 1124 1234 1125
f 1124 1129 1235
f 1124 1235 1234
f 1125 1234 1236
f 1125 1236 1126
f 1126 1236 1237
f 1126 1237 1238
f 1126 1238 1128
f 1128 1238 1139
f 1128 1139 1130
f 1129 1131 1239
f 1129 1239 1235
f 1131 1133 1240
f 1131 1240 1239
f 1132 1241 1242
f 1132 1242 1133
f 1132 1134 1243
f 1132 1243 1241
f 1133 1242 1240
f 1134 1153 1244
f 1134 1244 1243
f 1135 1245 1136
f 1135 1139 1246
f 1135 1246 1245
f 1136 1245 1247
f 1136 1247 1248
f 1136 1248 1137
f 1137 1248 1138
f 1138 1248 1249
f 1138 1249 1140
f 1139 1238 1246
f 1140 1249 1250
f 1140 1250 1251
f 1140 1251 1141
f 1141 1251 1252
f 1141 1252 1253
f 1141 1253 1142
f 1142 1253 1254
f 1142 1254 1143
f 1143 1254 1144
f 1144 1254 1255
f 1144 1255 1145
f 1145 1256 1257
f 1145 1257 1146
f 1145 1255 1256
f 1146 1257 1147
f 1147 1257 1258
f 1147 1258 1259
f 1147 1259 1148
f 1148 1259 1260
f 1148 1260 1261
f 1148 1261 1262
f 1148 1262 1149
f 1149 1262 1150
f 1150 1262 1263
f 1150 1263 1264
f 1150 1264 1151
f 1151 1264 1265
f 1151 1265 1152
f 1152 1265 1266
f 1152 1266 1183
f 1153 1155 1244
f 1154 1168 1156
f 1155 1156 1267
f 1155 1267 1244
f 1156 1168 1268
f 1156 1268 1269
f 1156 1269 1267
f 1157 1232 1270
f 1157 1270 1271
f 1157 1271 1158
f 1159 1271 1396
f 1159 1396 1272
f 1159 1272 1273
f 1159 1273 1160
f 1160 1273 1161
f 1161 1273 1398
f 1161 1398 1274
f 1161 1274 1162
f 1162 1275 1276
f 1162 1276 1163
f 1162 1274 1277
f 1162 1277 1275
f 1163 1276 1164
f 1164 1278 1166
f 1164 1276 1279
f 1164 1279 1280
f 1164 1280 1278
f 1165 1166 1281
f 1165 1281 1282
f 1165 1282 1283
f 1165 1283 1167
f 1166 1278 1284
f 1166 1284 1285
f 1166 1285 1286
f 1166 1286 1281
f 1167 1283 1287
f 1167 1287 1168
f 1168 1287 1268
f 1169 1203 1178
f 1170 1288 1171
f 1170 1174 1289
f 1170 1289 1288
f 1171 1288 1172
f 1172 1288 1290
f 1172 1290 1173
f 1173 1290 1291
f 1173 1291 1292
f 1173 1292 1182
f 1174 1175 1293
f 1174 1293 1289
f 1175 1176 1294
f 1175 1294 1293
f 1176 1295 1294
f 1176 1177 1296
f 1176 1296 1295
f 1177 1179 1298
f 1177 1298 1296
f 1178 1203 1297
f 1178 1297 1179
f 1179 1297 1299
f 1179 1299 1298
f 1180 1300 1332
f 1180 1332 1213
f 1180 1213 1181
f 1180 1182 1292
f 1180 1292 1300
f 1183 1266 1301
f 1183 1301 1184
f 1184 1302 1303
f 1184 1303 1185
f 1184 1301 1302
f 1185 1303 1304
f 1185 1304 1186
f 1186 1304 1305
f 1186 1305 1306
f 1186 1306 1187
f 1187 1307 1188
f 1187 1306 1307
f 1188 1307 1306
f 1188 1306 1308
f 1188 1308 1309
f 1188 1309 1310
f 1188 1310 1189
f 1189 1310 1190
f 1190 1310 1311
f 1190 1311 1191
f 1191 1311 1192
f 1192 1311 1312
f 1192 1312 1193
f 1193 1312 1194
f 1194 1313 1314
f 1194 1314 1316
f 1194 1316 1195
f 1194 1312 1313
f 1195 1315 1196
f 1195 1316 1315
f 1196 1315 1197
f 1197 1315 1317
f 1197 1317 1199
f 1198 1318 1319
f 1198 1319 1201
f 1198 1199 1318
f 1199 1317 1320
f 1199 1320 1318
f 1200 1201 1321
f 1200 1321 1202
f 1201 1319 1321
f 1202 1322 1204
f 1202 1321 1322
f 1203 1204 1297
f 1204 1322 1323
f 1204 1323 1297
f 1205 1324 1206
f 1205 1209 1325
f 1205 1325 1324
f 1206 1324 1326
f 1206 1326 1327
f 1206 1327 1210
f 1207 1328 1329
f 1207 1329 1208
f 1207 1212 1330
f 1207 1330 1328
f 1208 1329 1209
f 1209 1329 1325
f 1210 1327 1211
f 1211 1331 1215
f 1211 1327 1331
f 1212 1214 1332
f 1212 1332 1330
f 1213 1332 1214
f 1215 1331 1223
f 1216 1333 1334
f 1216 1334 1217
f 1216 1221 1333
f 1217 1334 1335
f 1217 1335 1336
f 1217 1336 1337
f 1217 1337 1224
f 1218 1222 1338
f 1218 1338 1219
f 1219 1338 1339
f 1219 1339 1340
f 1219 1340 1220
f 1220 1340 1341
f 1220 1341 1221
f 1221 1341 1460
f 1221 1460 1333
f 1222 1223 1343
f 1222 1343 1338
f 1223 1331 1342
f 1223 1342 1343
f 1224 1337 1469
f 1224 1469 1344
f 1225 1344 1345
f 1225 1345 1346
f 1225 1346 1226
f 1226 1346 1227
f 1227 1347 1228
f 1227 1346 1347
f 1228 1348 1349
f 1228 1349 1229
f 1228 1347 1346
f 1228 1346 1350
f 1228 1350 1351
f 1228 1351 1348
f 1229 1233 1230
f 1229 1349 1486
f 1229 1486 1352
f 1229 1352 1233
f 1231 1353 1232
f 1232 1353 1354
f 1232 1354 1270
f 1233 1352 1353
f 1234 1355 1356
f 1234 1356 1357
f 1234 1357 1236
f 1234 1235 1355
f 1235 1239 1358
f 1235 1358 1355
f 1236 1357 1359
f 1236 1359 1360
f 1236 1360 1237
f 1237 1360 1238
f 1238 1360 1246
f 1239 1240 1361
f 1239 1361 1358
f 1240 1242 1362
f 1240 1362 1361
f 1241 1243 1363
f 1241 1363 1364
f 1241 1364 1242
f 1242 1364 1362
f 1243 1244 1366
f 1243 1366 1365
f 1243 1365 1363
f 1244 1267 1366
f 1245 1367 1368
f 1245 1368 1247
f 1245 1246 1367
f 1246 1360 1369
f 1246 1369 1370
f 1246 1370 1367
f 1247 1368 1371
f 1247 1371 1248
f 1248 1371 1249
f 1249 1371 1372
f 1249 1372 1250
f 1250 1372 1251
f 1251 1372 1373
f 1251 1373 1374
f 1251 1374 1252
f 1252 1374 1375
f 1252 1375 1376
f 1252 1376 1253
f 1253 1376 1254
f 1254 1376 1255
f 1255 1376 1377
f 1255 1377 1256
f 1256 1378 1379
f 1256 1379 1257
f 1256 1377 1378
f 1257 1379 1380
f 1257 1380 1260
f 1257 1260 1258
f 1258 1260 1259
f 1260 1381 1382
f 1260 1382 1261
f 1260 1380 1381
f 1261 1382 1383
f 1261 1383 1262
f 1262 1383 1384
f 1262 1384 1263
f 1263 1384 1264
f 1264 1384 1385
f 1264 1385 1386
f 1264 1386 1265
f 1265 1386 1387
f 1265 1387 1266
f 1266 1387 1302
f 1266 1302 1301
f 1267 1269 1366
f 1268 1287 1388
f 1268 1388 1269
f 1269 1389 1390
f 1269 1390 1366
f 1269 1388 1389
f 1270 1354 1391
f 1270 1391 1392
f 1270 1392 1393
f 1270 1393 1394
f 1270 1394 1395
f 1270 1395 1271
f 1271 1395 1396
f 1272 1396 1397
f 1272 1397 1398
f 1272 1398 1273
f 1274 1398 1403
f 1274 1403 1277
f 1275 1280 1279
f 1275 1279 1276
f 1275 1277 1399
f 1275 1399 1400
f 1275 1400 1401
f 1275 1401 1402
f 1275 1402 1280
f 1277 1403 1404
f 1277 1404 1399
f 1278 1280 1284
f 1280 1402 1405
f 1280 1405 1406
f 1280 1406 1407
f 1280 1407 1408
f 1280 1408 1409
f 1280 1409 1284
f 1281 1286 1282
f 1282 1410 1411
f 1282 1411 1412
f 1282 1412 1283
f 1282 1286 1410
f 1283 1412 1287
f 1284 1409 1413
f 1284 1413 1285
f 1285 1413 1286
f 1286 1413 1414
f 1286 1414 1410
f 1287 1412 1388
f 1288 1289 1415
f 1288 1415 1416
f 1288 1416 1290
f 1289 1293 1415
f 1290 1416 1417
f 1290 1417 1418
f 1290 1418 1291
f 1291 1418 1419
f 1291 1419 1292
f 1292 1419 1300
f 1293 1294 1420
f 1293 1420 1415
f 1294 1421 1422
f 1294 1422 1420
f 1294 1295 1421
f 1295 1423 1421
f 1295 1296 1423
f 1296 1424 1423
f 1296 1298 1424
f 1297 1323 1299
f 1298 1299 1425
f 1298 1425 1426
f 1298 1426 1424
f 1299 1323 1425
f 1300 1427 1332
f 1300 1419 1427
f 1302 1387 1428
f 1302 1428 1429
f 1302 1429 1430
f 1302 1430 1303
f 1303 1430 1431
f 1303 1431 1304
f 1304 1431 1305
f 1305 1431 1432
f 1305 1432 1306
f 1306 1432 1308
f 1308 1432 1433
f 1308 1433 1309
f 1309 1433 1310
f 1310 1433 1434
f 1310 1434 1435
f 1310 1435 1311
f 1311 1435 1436
f 1311 1436 1437
f 1311 1437 1313
f 1311 1313 1312
f 1313 1437 1579
f 1313 1579 1438
f 1313 1438 1314
f 1314 1439 1316
f 1314 1438 1580
f 1314 1580 1440
f 1314 1440 1441
f 1314 1441 1439
f 1315 1316 1442
f 1315 1442 1317
f 1316 1439 1442
f 1317 1442 1443
f 1317 1443 1320
f 1318 1444 1445
f 1318 1445 1446
f 1318 1446 1319
f 1318 1320 1447
f 1318 1447 1444
f 1319 1446 1448
f 1319 1448 1321
f 1320 1443 1447
f 1321 1448 1322
f 1322 1449 1323
f 1322 1448 1449
f 1323 1449 1450
f 1323 1450 1425
f 1324 1325 1451
f 1324 1451 1452
f 1324 1452 1326
f 1325 1329 1453
f 1325 1453 1451
f 1326 1452 1454
f 1326 1454 1327
f 1327 1454 1455
f 1327 1455 1342
f 1327 1342 1331
f 1328 1456 1453
f 1328 1453 1329
f 1328 1330 1458
f 1328 1458 1456
f 1330 1332 1457
f 1330 1457 1458
f 1332 1427 1459
f 1332 1459 1457
f 1333 1460 1334
f 1334 1460 1461
f 1334 1461 1462
f 1334 1462 1463
f 1334 1463 1464
f 1334 1464 1465
f 1334 1465 1335
f 1335 1466 1468
f 1335 1468 1336
f 1335 1465 1467
f 1335 1467 1466
f 1336 1468 1469
f 1336 1469 1337
f 1338 1470 1339
f 1338 1343 1479
f 1338 1479 1470
f 1339 1471 1472
f 1339 1472 1473
f 1339 1473 1474
f 1339 1474 1340
f 1339 1470 1471
f 1340 1474 1341
f 1341 1474 1475
f 1341 1475 1476
f 1341 1476 1460
f 1342 1477 1343
f 1342 1455 1478
f 1342 1478 1477
f 1343 1477 1479
f 1344 1469 1345
f 1345 1469 1480
f 1345 1480 1481
f 1345 1481 1482
f 1345 1482 1346
f 1346 1482 1350
f 1348 1351 1483
f 1348 1483 1484
f 1348 1484 1485
f 1348 1485 1349
f 1349 1485 1486
f 1350 1482 1351
f 1351 1482 1487
f 1351 1487 1636
f 1351 1636 1488
f 1351 1488 1483
f 1352 1489 1354
f 1352 1354 1353
f 1352 1486 1490
f 1352 1490 1491
f 1352 1491 1489
f 1354 1489 1391
f 1355 1492 1493
f 1355 1493 1356
f 1355 1358 1496
f 1355 1496 1492
f 1356 1493 1494
f 1356 1494 1357
f 1357 1494 1369
f 1357 1369 1359
f 1358 1361 1495
f 1358 1495 1496
f 1359 1369 1360
f 1361 1362 1364
f 1361 1364 1495
f 1363 1497 1364
f 1363 1365 1498
f 1363 1498 1497
f 1364 1497 1499
f 1364 1499 1495
f 1365 1366 1390
f 1365 1390 1500
f 1365 1500 1498
f 1367 1501 1502
f 1367 1502 1368
f 1367 1370 1501
f 1368 1502 1651
f 1368 1651 1503
f 1368 1503 1371
f 1369 1504 1505
f 1369 1505 1370
f 1369 1494 1504
f 1370 1505 1501
f 1371 1503 1372
f 1372 1506 1507
f 1372 1507 1373
f 1372 1503 1506
f 1373 1507 1508
f 1373 1508 1509
f 1373 1509 1510
f 1373 1510 1374
f 1374 1510 1511
f 1374 1511 1512
f 1374 1512 1375
f 1375 1512 1513
f 1375 1513 1377
f 1375 1377 1376
f 1377 1513 1378
f 1378 1514 1379
f 1378 1513 1515
f 1378 1515 1514
f 1379 1514 1516
f 1379 1516 1381
f 1379 1381 1380
f 1381 1516 1517
f 1381 1517 1518
f 1381 1518 1382
f 1382 1518 1383
f 1383 1519 1520
f 1383 1520 1384
f 1383 1518 1519
f 1384 1520 1521
f 1384 1521 1385
f 1385 1521 1386
f 1386 1521 1522
f 1386 1522 1387
f 1387 1522 1428
f 1388 1412 1411
f 1388 1411 1523
f 1388 1523 1524
f 1388 1524 1389
f 1389 1524 1390
f 1390 1524 1525
f 1390 1525 1526
f 1390 1526 1500
f 1391 1489 1491
f 1391 1491 1527
f 1391 1527 1528
f 1391 1528 1392
f 1392 1528 1529
f 1392 1529 1527
f 1392 1527 1530
f 1392 1530 1531
f 1392 1531 1532
f 1392 1532 1397
f 1392 1397 1396
f 1392 1396 1393
f 1393 1396 1395
f 1393 1395 1394
f 1397 1532 1398
f 1398 1532 1403
f 1399 1404 1533
f 1399 1533 1534
f 1399 1534 1400
f 1400 1534 1536
f 1400 1536 1401
f 1401 1535 1402
f 1401 1536 1535
f 1402 1535 1537
f 1402 1537 1405
f 1403 1532 1404
f 1404 1532 1538
f 1404 1538 1539
f 1404 1539 1540
f 1404 1540 1533
f 1405 1537 1406
f 1406 1537 1407
f 1407 1541 1542
f 1407 1542 1543
f 1407 1543 1544
f 1407 1544 1408
f 1407 1537 1545
f 1407 1545 1541
f 1408 1544 1409
f 1409 1546 1413
f 1409 1544 1543
f 1409 1543 1546
f 1410 1547 1411
f 1410 1414 1547
f 1411 1547 1548
f 1411 1548 1549
f 1411 1549 1523
f 1413 1550 1414
f 1413 1546 1682
f 1413 1682 1550
f 1414 1550 1551
f 1414 1551 1552
f 1414 1552 1553
f 1414 1553 1554
f 1414 1554 1547
f 1415 1420 1422
f 1415 1422 1555
f 1415 1555 1556
f 1415 1556 1416
f 1416 1556 1557
f 1416 1557 1417
f 1417 1557 1418
f 1418 1558 1559
f 1418 1559 1419
f 1418 1557 1558
f 1419 1559 1567
f 1419 1567 1427
f 1421 1560 1422
f 1421 1423 1560
f 1422 1561 1562
f 1422 1562 1555
f 1422 1560 1561
f 1423 1563 1560
f 1423 1424 1563
f 1424 1564 1563
f 1424 1426 1564
f 1425 1450 1592
f 1425 1592 1565
f 1425 1565 1426
f 1426 1565 1712
f 1426 1712 1566
f 1426 1566 1564
f 1427 1567 1604
f 1427 1604 1459
f 1428 1522 1568
f 1428 1568 1569
f 1428 1569 1570
f 1428 1570 1429
f 1429 1570 1571
f 1429 1571 1430
f 1430 1571 1572
f 1430 1572 1573
f 1430 1573 1431
f 1431 1573 1432
f 1432 1573 1574
f 1432 1574 1433
f 1433 1574 1575
f 1433 1575 1576
f 1433 1576 1434
f 1434 1576 1577
f 1434 1577 1435
f 1435 1577 1578
f 1435 1578 1436
f 1436 1578 1579
f 1436 1579 1437
f 1438 1579 1580
f 1439 1441 1583
f 1439 1583 1581
f 1439 1581 1585
f 1439 1585 1442
f 1440 1580 1582
f 1440 1582 1583
f 1440 1583 1441
f 1442 1584 1443
f 1442 1585 1584
f 1443 1584 1447
f 1444 1447 1586
f 1444 1586 1445
f 1445 1586 1587
f 1445 1587 1735
f 1445 1735 1588
f 1445 1588 1739
f 1445 1739 1589
f 1445 1589 1446
f 1446 1589 1590
f 1446 1590 1448
f 1447 1584 1586
f 1448 1590 1591
f 1448 1591 1449
f 1449 1591 1450
f 1450 1591 1592
f 1451 1593 1452
f 1451 1453 1594
f 1451 1594 1593
f 1452 1595 1454
f 1452 1593 1596
f 1452 1596 1595
f 1453 1456 1598
f 1453 1598 1594
f 1454 1595 1597
f 1454 1597 1455
f 1455 1597 1478
f 1456 1458 1599
f 1456 1599 1600
f 1456 1600 1601
f 1456 1601 1602
f 1456 1602 1598
f 1457 1459 1604
f 1457 1604 1603
f 1457 1603 1599
f 1457 1599 1458
f 1460 1476 1605
f 1460 1605 1461
f 1461 1605 1462
f 1462 1606 1607
f 1462 1607 1608
f 1462 1608 1463
f 1462 1605 1606
f 1463 1608 1609
f 1463 1609 1467
f 1463 1467 1464
f 1464 1467 1465
f 1466 1467 1610
f 1466 1610 1611
f 1466 1611 1612
f 1466 1612 1468
f 1467 1609 1610
f 1468 1612 1469
f 1469 1612 1480
f 1470 1479 1613
f 1470 1613 1614
f 1470 1614 1615
f 1470 1615 1471
f 1471 1615 1472
f 1472 1615 1616
f 1472 1616 1617
f 1472 1617 1618
f 1472 1618 1619
f 1472 1619 1620
f 1472 1620 1621
f 1472 1621 1473
f 1473 1621 1474
f 1474 1621 1622
f 1474 1622 1475
f 1475 1622 1623
f 1475 1623 1476
f 1476 1623 1772
f 1476 1772 1624
f 1476 1624 1625
f 1476 1625 1605
f 1477 1626 1479
f 1477 1478 1628
f 1477 1628 1626
f 1478 1597 1627
f 1478 1627 1628
f 1479 1626 1613
f 1480 1612 1481
f 1481 1612 1611
f 1481 1611 1610
f 1481 1610 1761
f 1481 1761 1629
f 1481 1629 1779
f 1481 1779 1630
f 1481 1630 1482
f 1482 1630 1487
f 1483 1488 1631
f 1483 1631 1632
f 1483 1632 1484
f 1484 1632 1633
f 1484 1633 1634
f 1484 1634 1635
f 1484 1635 1485
f 1485 1635 1490
f 1485 1490 1486
f 1487 1630 1636
f 1488 1636 1630
f 1488 1630 1779
f 1488 1779 1637
f 1488 1637 1780
f 1488 1780 1631
f 1490 1635 1638
f 1490 1638 1639
f 1490 1639 1491
f 1491 1639 1527
f 1492 1640 1641
f 1492 1641 1493
f 1492 1496 1646
f 1492 1646 1640
f 1493 1641 1642
f 1493 1642 1494
f 1494 1642 1643
f 1494 1643 1504
f 1495 1644 1496
f 1495 1499 1645
f 1495 1645 1644
f 1496 1644 1646
f 1497 1498 1647
f 1497 1647 1645
f 1497 1645 1499
f 1498 1500 1648
f 1498 1648 1647
f 1500 1526 1648
f 1501 1649 1650
f 1501 1650 1502
f 1501 1505 1649
f 1502 1650 1799
f 1502 1799 1651
f 1503 1651 1506
f 1504 1652 1505
f 1504 1643 1652
f 1505 1652 1653
f 1505 1653 1649
f 1506 1651 1654
f 1506 1654 1508
f 1506 1508 1507
f 1508 1654 1655
f 1508 1655 1509
f 1509 1656 1510
f 1509 1655 1657
f 1509 1657 1656
f 1510 1656 1511
f 1511 1656 1658
f 1511 1658 1659
f 1511 1659 1660
f 1511 1660 1512
f 1512 1660 1513
f 1513 1660 1515
f 1514 1515 1661
f 1514 1661 1516
f 1515 1660 1662
f 1515 1662 1661
f 1516 1663 1517
f 1516 1661 1663
f 1517 1664 1518
f 1517 1663 1664
f 1518 1664 1665
f 1518 1665 1666
f 1518 1666 1519
f 1519 1666 1667
f 1519 1667 1520
f 1520 1667 1668
f 1520 1668 1521
f 1521 1668 1522
f 1522 1668 1568
f 1523 1549 1524
f 1524 1669 1670
f 1524 1670 1525
f 1524 1549 1669
f 1525 1670 1671
f 1525 1671 1526
f 1526 1671 1672
f 1526 1672 1648
f 1527 1639 1638
f 1527 1638 1673
f 1527 1673 1531
f 1527 1531 1530
f 1527 1529 1528
f 1531 1673 1634
f 1531 1634 1674
f 1531 1674 1675
f 1531 1675 1538
f 1531 1538 1532
f 1533 1540 1534
f 1534 1540 1536
f 1535 1536 1537
f 1536 1676 1683
f 1536 1683 1545
f 1536 1545 1537
f 1536 1540 1677
f 1536 1677 1822
f 1536 1822 1676
f 1538 1675 1678
f 1538 1678 1539
f 1539 1678 1540
f 1540 1678 1677
f 1541 1679 1542
f 1541 1545 1683
f 1541 1683 1679
f 1542 1679 1680
f 1542 1680 1681
f 1542 1681 1682
f 1542 1682 1546
f 1542 1546 1543
f 1547 1554 1548
f 1548 1554 1684
f 1548 1684 1549
f 1549 1685 1686
f 1549 1686 1669
f 1549 1684 1685
f 1550 1682 1551
f 1551 1682 1687
f 1551 1687 1688
f 1551 1688 1689
f 1551 1689 1552
f 1552 1689 1690
f 1552 1690 1691
f 1552 1691 1553
f 1553 1691 1692
f 1553 1692 1693
f 1553 1693 1694
f 1553 1694 1554
f 1554 1695 1684
f 1554 1694 1696
f 1554 1696 1693
f 1554 1693 1697
f 1554 1697 1698
f 1554 1698 1695
f 1555 1562 1699
f 1555 1699 1556
f 1556 1699 1700
f 1556 1700 1557
f 1557 1700 1701
f 1557 1701 1702
f 1557 1702 1703
f 1557 1703 1704
f 1557 1704 1558
f 1558 1704 1705
f 1558 1705 1559
f 1559 1705 1716
f 1559 1716 1567
f 1560 1706 1707
f 1560 1707 1561
f 1560 1563 1706
f 1561 1707 1708
f 1561 1708 1562
f 1562 1708 1845
f 1562 1845 1699
f 1563 1709 1706
f 1563 1564 1709
f 1564 1710 1711
f 1564 1711 1709
f 1564 1566 1710
f 1565 1592 1742
f 1565 1742 1712
f 1566 1713 1714
f 1566 1714 1715
f 1566 1715 1710
f 1566 1712 1713
f 1567 1716 1753
f 1567 1753 1604
f 1568 1717 1569
f 1568 1668 1718
f 1568 1718 1717
f 1569 1717 1719
f 1569 1719 1720
f 1569 1720 1570
f 1570 1720 1571
f 1571 1720 1721
f 1571 1721 1572
f 1572 1721 1722
f 1572 1722 1573
f 1573 1722 1723
f 1573 1723 1574
f 1574 1723 1724
f 1574 1724 1575
f 1575 1724 1725
f 1575 1725 1576
f 1576 1725 1726
f 1576 1726 1577
f 1577 1726 1580
f 1577 1580 1578
f 1578 1580 1579
f 1580 1727 1582
f 1580 1726 1728
f 1580 1728 1729
f 1580 1729 1727
f 1581 1730 1734
f 1581 1734 1585
f 1581 1583 1732
f 1581 1732 1730
f 1582 1727 1877
f 1582 1877 1731
f 1582 1731 1732
f 1582 1732 1583
f 1584 1585 1733
f 1584 1733 1587
f 1584 1587 1586
f 1585 1734 1886
f 1585 1886 1733
f 1587 1733 1735
f 1588 1736 1737
f 1588 1737 1894
f 1588 1894 1738
f 1588 1738 1739
f 1588 1735 1736
f 1589 1739 1740
f 1589 1740 1590
f 1590 1740 1741
f 1590 1741 1591
f 1591 1741 1592
f 1592 1741 1742
f 1593 1594 1743
f 1593 1743 1596
f 1594 1598 1747
f 1594 1747 1743
f 1595 1596 1744
f 1595 1744 1745
f 1595 1745 1597
f 1596 1743 1900
f 1596 1900 1744
f 1597 1745 1746
f 1597 1746 1627
f 1598 1602 1748
f 1598 1748 1749
f 1598 1749 1750
f 1598 1750 1747
f 1599 1603 1600
f 1600 1603 1751
f 1600 1751 1601
f 1601 1751 1602
f 1602 1752 1748
f 1602 1751 1753
f 1602 1753 1754
f 1602 1754 1755
f 1602 1755 1756
f 1602 1756 1752
f 1603 1604 1753
f 1603 1753 1751
f 1605 1625 1757
f 1605 1757 1606
f 1606 1758 1607
f 1606 1757 1625
f 1606 1625 1624
f 1606 1624 1772
f 1606 1772 1758
f 1607 1758 1759
f 1607 1759 1915
f 1607 1915 1760
f 1607 1760 1608
f 1608 1760 1609
f 1609 1760 1761
f 1609 1761 1610
f 1613 1626 1762
f 1613 1762 1763
f 1613 1763 1614
f 1614 1763 1615
f 1615 1763 1764
f 1615 1764 1616
f 1616 1764 1765
f 1616 1765 1617
f 1617 1765 1766
f 1617 1766 1767
f 1617 1767 1923
f 1617 1923 1768
f 1617 1768 1618
f 1618 1768 1769
f 1618 1769 1770
f 1618 1770 1619
f 1619 1770 1620
f 1620 1770 1771
f 1620 1771 1621
f 1621 1771 1623
f 1621 1623 1622
f 1623 1771 1772
f 1626 1628 1773
f 1626 1773 1762
f 1627 1746 1774
f 1627 1774 1775
f 1627 1775 1628
f 1628 1775 1776
f 1628 1776 1773
f 1629 1761 1760
f 1629 1760 1777
f 1629 1777 1778
f 1629 1778 1779
f 1631 1780 1781
f 1631 1781 1632
f 1632 1781 1782
f 1632 1782 1633
f 1633 1782 1783
f 1633 1783 1634
f 1634 1783 1784
f 1634 1784 1674
f 1634 1673 1635
f 1635 1673 1638
f 1637 1779 1934
f 1637 1934 1785
f 1637 1785 1780
f 1640 1786 1787
f 1640 1787 1641
f 1640 1646 1786
f 1641 1787 1788
f 1641 1788 1642
f 1642 1788 1789
f 1642 1789 1643
f 1643 1789 1652
f 1644 1790 1792
f 1644 1792 1646
f 1644 1645 1791
f 1644 1791 1790
f 1645 1647 1791
f 1646 1792 1786
f 1647 1793 1791
f 1647 1648 1793
f 1648 1672 1794
f 1648 1794 1793
f 1649 1795 1796
f 1649 1796 1650
f 1649 1653 1797
f 1649 1797 1795
f 1650 1796 1798
f 1650 1798 1799
f 1651 1799 1654
f 1652 1800 1801
f 1652 1801 1797
f 1652 1797 1653
f 1652 1789 1800
f 1654 1799 1802
f 1654 1802 1655
f 1655 1803 1657
f 1655 1802 1803
f 1656 1657 1804
f 1656 1804 1805
f 1656 1805 1807
f 1656 1807 1658
f 1657 1803 1806
f 1657 1806 1804
f 1658 1807 1808
f 1658 1808 1659
f 1659 1808 1662
f 1659 1662 1660
f 1661 1662 1809
f 1661 1809 1663
f 1662 1810 1809
f 1662 1808 1810
f 1663 1809 1811
f 1663 1811 1664
f 1664 1812 1813
f 1664 1813 1665
f 1664 1811 1812
f 1665 1813 1814
f 1665 1814 1666
f 1666 1814 1815
f 1666 1815 1667
f 1667 1815 1718
f 1667 1718 1668
f 1669 1686 1670
f 1670 1686 1816
f 1670 1816 1976
f 1670 1976 1817
f 1670 1817 1671
f 1671 1817 1672
f 1672 1818 1819
f 1672 1819 1794
f 1672 1817 1818
f 1674 1784 1820
f 1674 1820 1678
f 1674 1678 1675
f 1676 1821 1683
f 1676 1822 1821
f 1677 1823 1822
f 1677 1678 1824
f 1677 1824 1825
f 1677 1825 1826
f 1677 1826 1823
f 1678 1820 1827
f 1678 1827 1824
f 1679 1683 1680
f 1680 1828 1681
f 1680 1683 1828
f 1681 1828 1829
f 1681 1829 1682
f 1682 1829 1687
f 1683 1830 1828
f 1683 1821 1831
f 1683 1831 1830
f 1684 1695 1832
f 1684 1832 1685
f 1685 1832 1833
f 1685 1833 1834
f 1685 1834 1835
f 1685 1835 1836
f 1685 1836 1837
f 1685 1837 1838
f 1685 1838 1839
f 1685 1839 1686
f 1686 1839 1816
f 1687 1829 1688
f 1688 1829 1689
f 1689 1829 1690
f 1690 1840 1697
f 1690 1697 1693
f 1690 1693 1692
f 1690 1692 1691
f 1690 1829 1841
f 1690 1841 1840
f 1693 1696 1694
f 1695 1842 1832
f 1695 1698 1697
f 1695 1697 1843
f 1695 1843 1842
f 1697 1844 1843
f 1697 1840 1844
f 1699 1845 1846
f 1699 1846 1700
f 1700 1846 1847
f 1700 1847 1701
f 1701 1847 1848
f 1701 1848 1849
f 1701 1849 1702
f 1702 1849 1703
f 1703 1850 2011
f 1703 2011 1851
f 1703 1851 1704
f 1703 1849 1850
f 1704 1851 1852
f 1704 1852 1705
f 1705 1852 1853
f 1705 1853 2013
f 1705 2013 1854
f 1705 1854 1716
f 1706 1855 1856
f 1706 1856 1707
f 1706 1709 1855
f 1707 1856 1857
f 1707 1857 1708
f 1708 1857 1858
f 1708 1858 1845
f 1709 1711 1859
f 1709 1859 1855
f 1710 1715 1860
f 1710 1860 1711
f 1711 1860 1859
f 1712 1742 1861
f 1712 1861 1713
f 1713 1862 1863
f 1713 1863 1714
f 1713 1861 1864
f 1713 1864 2026
f 1713 2026 1862
f 1714 1863 2023
f 1714 2023 1860
f 1714 1860 1715
f 1716 1865 2029
f 1716 2029 1866
f 1716 1866 1753
f 1716 1854 1865
f 1717 1718 1867
f 1717 1867 1868
f 1717 1868 1870
f 1717 1870 1719
f 1718 1815 1869
f 1718 1869 1867
f 1719 1870 1720
f 1720 1870 1721
f 1721 1870 1871
f 1721 1871 1872
f 1721 1872 1722
f 1722 1872 1873
f 1722 1873 1723
f 1723 1873 1874
f 1723 1874 1875
f 1723 1875 1724
f 1724 1875 1725
f 1725 1875 1876
f 1725 1876 1726
f 1726 1876 1728
f 1727 1729 1878
f 1727 1878 1877
f 1728 1876 1879
f 1728 1879 1880
f 1728 1880 1729
f 1729 1880 1878
f 1730 1881 1734
f 1730 1732 1881
f 1731 1877 1882
f 1731 1882 1883
f 1731 1883 1732
f 1732 1883 1884
f 1732 1884 1885
f 1732 1885 1881
f 1733 1886 1735
f 1734 1881 1885
f 1734 1885 1887
f 1734 1887 1890
f 1734 1890 1886
f 1735 1888 1889
f 1735 1889 1736
f 1735 1886 1890
f 1735 1890 1888
f 1736 1891 1892
f 1736 1892 1893
f 1736 1893 1737
f 1736 1889 1888
f 1736 1888 1891
f 1737 1893 1895
f 1737 1895 1894
f 1738 1894 1896
f 1738 1896 1740
f 1738 1740 1739
f 1740 1896 1897
f 1740 1897 1741
f 1741 1897 1742
f 1742 1897 1898
f 1742 1898 1899
f 1742 1899 1864
f 1742 1864 1861
f 1743 1747 1902
f 1743 1902 1900
f 1744 1900 2063
f 1744 2063 1901
f 1744 1901 1746
f 1744 1746 1745
f 1746 1901 1774
f 1747 1750 1903
f 1747 1903 1902
f 1748 1752 1904
f 1748 1904 2068
f 1748 2068 2252
f 1748 2252 2069
f 1748 2069 1905
f 1748 1905 1749
f 1749 1905 1750
f 1750 1905 2069
f 1750 2069 1906
f 1750 1906 2067
f 1750 2067 1903
f 1752 1756 1911
f 1752 1911 1904
f 1753 1907 1755
f 1753 1755 1754
f 1753 1866 2030
f 1753 2030 1907
f 1755 1908 2074
f 1755 2074 1909
f 1755 1909 1910
f 1755 1910 1911
f 1755 1911 1756
f 1755 1907 1908
f 1758 1912 1759
f 1758 1772 1912
f 1759 1912 1913
f 1759 1913 1914
f 1759 1914 2079
f 1759 2079 1915
f 1760 1915 1777
f 1762 1773 1916
f 1762 1916 1917
f 1762 1917 1918
f 1762 1918 1763
f 1763 1919 1766
f 1763 1766 1765
f 1763 1765 1764
f 1763 1918 1919
f 1766 1919 1920
f 1766 1920 1767
f 1767 1920 1921
f 1767 1921 1922
f 1767 1922 1923
f 1768 1923 1924
f 1768 1924 1769
f 1769 1924 1772
f 1769 1772 1770
f 1770 1772 1771
f 1772 1924 1925
f 1772 1925 1926
f 1772 1926 1912
f 1773 1776 1916
f 1774 1901 1927
f 1774 1927 1928
f 1774 1928 1775
f 1775 1928 1929
f 1775 1929 1776
f 1776 1929 1930
f 1776 1930 1916
f 1777 1915 1931
f 1777 1931 1932
f 1777 1932 1933
f 1777 1933 1934
f 1777 1934 1778
f 1778 1934 1779
f 1780 1935 1781
f 1780 1785 1935
f 1781 1935 1782
f 1782 1936 1783
f 1782 1935 2104
f 1782 2104 1936
f 1783 1937 1784
f 1783 1936 1938
f 1783 1938 1937
f 1784 1937 1820
f 1785 1939 2104
f 1785 2104 1935
f 1785 1934 1933
f 1785 1933 1939
f 1786 1940 1941
f 1786 1941 1787
f 1786 1792 1940
f 1787 1941 1788
f 1788 1942 1800
f 1788 1800 1789
f 1788 1941 1942
f 1790 1943 1945
f 1790 1945 1792
f 1790 1791 1944
f 1790 1944 1943
f 1791 1793 1944
f 1792 1945 1940
f 1793 1794 1944
f 1794 1819 1946
f 1794 1946 1944
f 1795 1947 1950
f 1795 1950 1796
f 1795 1797 1948
f 1795 1948 1949
f 1795 1949 2123
f 1795 2123 1947
f 1796 1950 1798
f 1797 1801 1951
f 1797 1951 1952
f 1797 1952 1948
f 1798 1950 2128
f 1798 2128 1953
f 1798 1953 1954
f 1798 1954 1955
f 1798 1955 1802
f 1798 1802 1799
f 1800 1956 1957
f 1800 1957 1951
f 1800 1951 1801
f 1800 1942 1956
f 1802 1955 1806
f 1802 1806 1803
f 1804 1958 1805
f 1804 1806 1959
f 1804 1959 1958
f 1805 1958 1960
f 1805 1960 1807
f 1806 1955 1954
f 1806 1954 1959
f 1807 1961 1962
f 1807 1962 1963
f 1807 1963 1808
f 1807 1960 1964
f 1807 1964 1965
f 1807 1965 1961
f 1808 1963 1968
f 1808 1968 1810
f 1809 1810 1966
f 1809 1966 1967
f 1809 1967 1811
f 1810 1968 1966
f 1811 1967 1812
f 1812 1967 1969
f 1812 1969 1970
f 1812 1970 1813
f 1813 1970 1971
f 1813 1971 1814
f 1814 1971 1869
f 1814 1869 1815
f 1816 1839 1838
f 1816 1838 1972
f 1816 1972 2160
f 1816 2160 1973
f 1816 1973 1974
f 1816 1974 1975
f 1816 1975 1976
f 1817 1976 1818
f 1818 1977 1978
f 1818 1978 1979
f 1818 1979 1980
f 1818 1980 1819
f 1818 1976 1975
f 1818 1975 1977
f 1819 1980 1981
f 1819 1981 1946
f 1820 1937 1982
f 1820 1982 1827
f 1821 1822 1983
f 1821 1983 1831
f 1822 1823 1983
f 1823 1984 1985
f 1823 1985 1983
f 1823 1826 1825
f 1823 1825 1986
f 1823 1986 1984
f 1824 1827 1982
f 1824 1982 1987
f 1824 1987 1825
f 1825 1987 1988
f 1825 1988 1984
f 1825 1984 1986
f 1828 1989 1841
f 1828 1841 1829
f 1828 1830 1989
f 1830 1990 1991
f 1830 1991 1989
f 1830 1831 1992
f 1830 1992 1990
f 1831 1983 1992
f 1832 1842 1993
f 1832 1993 1833
f 1833 1994 1995
f 1833 1995 1836
f 1833 1836 1835
f 1833 1835 1834
f 1833 1993 1843
f 1833 1843 1844
f 1833 1844 1996
f 1833 1996 1994
f 1836 1995 1997
f 1836 1997 1998
f 1836 1998 1837
f 1837 1998 1999
f 1837 1999 1838
f 1838 1999 2000
f 1838 2000 1972
f 1840 2001 1844
f 1840 1841 2002
f 1840 2002 2001
f 1841 1989 2002
f 1842 1843 1993
f 1844 2003 1996
f 1844 2001 2004
f 1844 2004 2003
f 1845 1858 2005
f 1845 2005 1846
f 1846 2005 1847
f 1847 2006 2007
f 1847 2007 1848
f 1847 2005 2020
f 1847 2020 2006
f 1848 2007 2008
f 1848 2008 1849
f 1849 2008 2193
f 1849 2193 2009
f 1849 2009 1850
f 1850 2009 2010
f 1850 2010 2011
f 1851 2011 1852
f 1852 2011 2196
f 1852 2196 2012
f 1852 2012 1853
f 1853 2012 2013
f 1854 2013 2029
f 1854 2029 1865
f 1855 1859 2014
f 1855 2014 2015
f 1855 2015 1856
f 1856 2015 2016
f 1856 2016 1857
f 1857 2016 2017
f 1857 2017 2018
f 1857 2018 1858
f 1858 2018 2019
f 1858 2019 2020
f 1858 2020 2005
f 1859 1860 2021
f 1859 2021 2022
f 1859 2022 2014
f 1860 2023 2024
f 1860 2024 2021
f 1862 2025 1863
f 1862 2026 2025
f 1863 2025 2027
f 1863 2027 2212
f 1863 2212 2028
f 1863 2028 2023
f 1864 1899 2026
f 1866 2029 2030
f 1867 2031 1868
f 1867 1869 2032
f 1867 2032 2031
f 1868 2033 1870
f 1868 2031 2033
f 1869 1971 2032
f 1870 2033 2034
f 1870 2034 2035
f 1870 2035 1871
f 1871 2035 2036
f 1871 2036 1872
f 1872 2036 2037
f 1872 2037 1873
f 1873 2037 1874
f 1874 2037 2038
f 1874 2038 1875
f 1875 2038 1876
f 1876 2038 2039
f 1876 2039 1879
f 1877 1878 2040
f 1877 2040 2041
f 1877 2041 1882
f 1878 1880 1879
f 1878 1879 2043
f 1878 2043 2040
f 1879 2039 2220
f 1879 2220 2042
f 1879 2042 2224
f 1879 2224 2043
f 1882 2044 1883
f 1882 2041 2044
f 1883 2045 2046
f 1883 2046 2047
f 1883 2047 1884
f 1883 2044 2045
f 1884 2047 1885
f 1885 2048 2049
f 1885 2049 2050
f 1885 2050 1887
f 1885 2047 2048
f 1887 2050 2051
f 1887 2051 1890
f 1888 1890 2052
f 1888 2052 2051
f 1888 2051 2053
f 1888 2053 2054
f 1888 2054 2055
f 1888 2055 1891
f 1890 2051 2052
f 1891 2055 2056
f 1891 2056 2057
f 1891 2057 1892
f 1892 2057 1895
f 1892 1895 1893
f 1894 1895 1896
f 1895 2057 2058
f 1895 2058 2059
f 1895 2059 1896
f 1896 2059 2060
f 1896 2060 1898
f 1896 1898 1897
f 1898 2060 1899
f 1899 2061 2026
f 1899 2060 2061
f 1900 1902 2062
f 1900 2062 2247
f 1900 2247 2063
f 1901 2063 2064
f 1901 2064 2065
f 1901 2065 2066
f 1901 2066 1927
f 1902 1903 2062
f 1903 2067 2247
f 1903 2247 2062
f 1904 1911 2077
f 1904 2077 2068
f 1906 2070 2250
f 1906 2250 2067
f 1906 2069 2071
f 1906 2071 2070
f 1907 2030 2072
f 1907 2072 2073
f 1907 2073 1908
f 1908 2073 2074
f 1909 2075 2076
f 1909 2076 1910
f 1909 2074 2075
f 1910 2076 2077
f 1910 2077 1911
f 1912 1926 1913
f 1913 2078 2079
f 1913 2079 1914
f 1913 1926 2080
f 1913 2080 2078
f 1915 2079 2081
f 1915 2081 1931
f 1916 1930 2082
f 1916 2082 1917
f 1917 2082 2083
f 1917 2083 2084
f 1917 2084 2085
f 1917 2085 1918
f 1918 2085 2086
f 1918 2086 1919
f 1919 2086 1920
f 1920 2086 2087
f 1920 2087 2088
f 1920 2088 2089
f 1920 2089 2090
f 1920 2090 2091
f 1920 2091 1921
f 1921 2091 2092
f 1921 2092 1922
f 1922 2092 2093
f 1922 2093 1924
f 1922 1924 1923
f 1924 2093 1925
f 1925 2094 2095
f 1925 2095 1926
f 1925 2093 2096
f 1925 2096 2094
f 1926 2095 2080
f 1927 2066 2097
f 1927 2097 2098
f 1927 2098 2099
f 1927 2099 2100
f 1927 2100 1928
f 1928 2100 2101
f 1928 2101 1929
f 1929 2101 2082
f 1929 2082 1930
f 1931 2081 1932
f 1932 2102 2103
f 1932 2103 1933
f 1932 2081 2102
f 1933 2103 1939
f 1936 2105 2106
f 1936 2106 1938
f 1936 2104 2107
f 1936 2107 2290
f 1936 2290 2105
f 1937 2108 2109
f 1937 2109 1987
f 1937 1987 1982
f 1937 1938 2106
f 1937 2106 2108
f 1939 2110 2107
f 1939 2107 2104
f 1939 2103 2111
f 1939 2111 2110
f 1940 2112 2113
f 1940 2113 1941
f 1940 1945 2112
f 1941 2113 2114
f 1941 2114 1942
f 1942 2114 1956
f 1943 2115 2116
f 1943 2116 1945
f 1943 1944 1946
f 1943 1946 2115
f 1945 2116 2117
f 1945 2117 2118
f 1945 2118 2119
f 1945 2119 2120
f 1945 2120 2112
f 1946 1981 2121
f 1946 2121 2115
f 1947 2122 1950
f 1947 2123 2124
f 1947 2124 2125
f 1947 2125 2122
f 1948 1952 2126
f 1948 2126 2127
f 1948 2127 2123
f 1948 2123 1949
f 1950 2122 2128
f 1951 1957 2129
f 1951 2129 1952
f 1952 2130 2126
f 1952 2129 2131
f 1952 2131 2132
f 1952 2132 2130
f 1953 2128 2319
f 1953 2319 2133
f 1953 2133 1954
f 1954 2134 1959
f 1954 2133 2135
f 1954 2135 2136
f 1954 2136 2137
f 1954 2137 2134
f 1956 2114 1957
f 1957 2138 2129
f 1957 2114 2139
f 1957 2139 2138
f 1958 2140 1960
f 1958 1959 2141
f 1958 2141 2140
f 1959 2134 2137
f 1959 2137 2141
f 1960 2140 2142
f 1960 2142 2143
f 1960 2143 2144
f 1960 2144 2145
f 1960 2145 1964
f 1961 1965 1962
f 1962 2146 2147
f 1962 2147 2148
f 1962 2148 1968
f 1962 1968 1963
f 1962 1965 2146
f 1964 2149 1965
f 1964 2145 2150
f 1964 2150 2149
f 1965 2149 2151
f 1965 2151 2146
f 1966 1968 2152
f 1966 2152 1967
f 1967 2152 2153
f 1967 2153 2154
f 1967 2154 2155
f 1967 2155 1969
f 1968 2148 2156
f 1968 2156 2152
f 1969 2155 2157
f 1969 2157 1970
f 1970 2157 2158
f 1970 2158 2159
f 1970 2159 1971
f 1971 2159 2032
f 1972 2000 2160
f 1973 2160 2161
f 1973 2161 1974
f 1974 2161 1977
f 1974 1977 1975
f 1977 2161 2162
f 1977 2162 2163
f 1977 2163 2164
f 1977 2164 1978
f 1978 2164 2165
f 1978 2165 2166
f 1978 2166 1979
f 1979 2166 2167
f 1979 2167 1981
f 1979 1981 1980
f 1981 2167 2121
f 1983 2168 1992
f 1983 1985 2169
f 1983 2169 2168
f 1984 2170 2171
f 1984 2171 2169
f 1984 2169 1985
f 1984 1988 2174
f 1984 2174 2170
f 1987 2109 2172
f 1987 2172 2173
f 1987 2173 1988
f 1988 2173 2174
f 1989 1991 2002
f 1990 2175 1991
f 1990 1992 2175
f 1991 2176 2002
f 1991 2175 2176
f 1992 2177 2175
f 1992 2168 2178
f 1992 2178 2177
f 1994 2179 1995
f 1994 1996 2179
f 1995 2180 2181
f 1995 2181 1997
f 1995 2179 2182
f 1995 2182 2180
f 1996 2003 2183
f 1996 2183 2182
f 1996 2182 2179
f 1997 2181 2184
f 1997 2184 2185
f 1997 2185 1999
f 1997 1999 1998
f 1999 2185 2000
f 2000 2185 2186
f 2000 2186 2160
f 2001 2187 2004
f 2001 2002 2187
f 2002 2176 2188
f 2002 2188 2187
f 2003 2189 2183
f 2003 2004 2189
f 2004 2187 2189
f 2006 2020 2190
f 2006 2190 2191
f 2006 2191 2007
f 2007 2191 2008
f 2008 2192 2386
f 2008 2386 2193
f 2008 2191 2192
f 2009 2193 2387
f 2009 2387 2388
f 2009 2388 2194
f 2009 2194 2010
f 2010 2194 2195
f 2010 2195 2011
f 2011 2195 2196
f 2012 2196 2259
f 2012 2259 2197
f 2012 2197 2013
f 2013 2197 2029
f 2014 2022 2198
f 2014 2198 2199
f 2014 2199 2015
f 2015 2199 2016
f 2016 2199 2017
f 2017 2200 2394
f 2017 2394 2201
f 2017 2201 2202
f 2017 2202 2019
f 2017 2019 2018
f 2017 2199 2198
f 2017 2198 2203
f 2017 2203 2200
f 2019 2202 2190
f 2019 2190 2020
f 2021 2024 2022
f 2022 2204 2198
f 2022 2024 2204
f 2023 2028 2024
f 2024 2028 2205
f 2024 2205 2204
f 2025 2206 2207
f 2025 2207 2027
f 2025 2026 2208
f 2025 2208 2209
f 2025 2209 2210
f 2025 2210 2206
f 2026 2061 2211
f 2026 2211 2208
f 2027 2207 2212
f 2028 2212 2205
f 2029 2197 2072
f 2029 2072 2030
f 2031 2032 2213
f 2031 2213 2033
f 2032 2159 2158
f 2032 2158 2214
f 2032 2214 2213
f 2033 2215 2216
f 2033 2216 2034
f 2033 2213 2215
f 2034 2216 2035
f 2035 2217 2036
f 2035 2216 2217
f 2036 2217 2218
f 2036 2218 2037
f 2037 2218 2219
f 2037 2219 2220
f 2037 2220 2038
f 2038 2220 2039
f 2040 2221 2041
f 2040 2043 2228
f 2040 2228 2221
f 2041 2221 2222
f 2041 2222 2223
f 2041 2223 2044
f 2042 2220 2416
f 2042 2416 2225
f 2042 2225 2224
f 2043 2224 2225
f 2043 2225 2226
f 2043 2226 2227
f 2043 2227 2417
f 2043 2417 2228
f 2044 2223 2045
f 2045 2229 2230
f 2045 2230 2046
f 2045 2223 2229
f 2046 2230 2231
f 2046 2231 2048
f 2046 2048 2047
f 2048 2232 2234
f 2048 2234 2049
f 2048 2231 2233
f 2048 2233 2232
f 2049 2234 2050
f 2050 2234 2235
f 2050 2235 2236
f 2050 2236 2053
f 2050 2053 2051
f 2053 2236 2055
f 2053 2055 2054
f 2055 2237 2238
f 2055 2238 2056
f 2055 2236 2239
f 2055 2239 2240
f 2055 2240 2241
f 2055 2241 2242
f 2055 2242 2237
f 2056 2238 2243
f 2056 2243 2244
f 2056 2244 2057
f 2057 2244 2440
f 2057 2440 2245
f 2057 2245 2058
f 2058 2245 2246
f 2058 2246 2060
f 2058 2060 2059
f 2060 2246 2211
f 2060 2211 2061
f 2063 2247 2248
f 2063 2248 2064
f 2064 2248 2065
f 2065 2248 2066
f 2066 2248 2249
f 2066 2249 2097
f 2067 2250 2247
f 2068 2251 2252
f 2068 2077 2253
f 2068 2253 2254
f 2068 2254 2251
f 2069 2252 2071
f 2070 2255 2250
f 2070 2071 2256
f 2070 2256 2255
f 2071 2252 2256
f 2072 2257 2258
f 2072 2258 2073
f 2072 2197 2259
f 2072 2259 2257
f 2073 2258 2074
f 2074 2258 2260
f 2074 2260 2261
f 2074 2261 2262
f 2074 2262 2263
f 2074 2263 2075
f 2075 2263 2264
f 2075 2264 2076
f 2076 2265 2253
f 2076 2253 2077
f 2076 2264 2265
f 2078 2080 2266
f 2078 2266 2267
f 2078 2267 2079
f 2079 2267 2081
f 2080 2268 2266
f 2080 2095 2094
f 2080 2094 2268
f 2081 2267 2269
f 2081 2269 2102
f 2082 2101 2270
f 2082 2270 2083
f 2083 2270 2271
f 2083 2271 2272
f 2083 2272 2084
f 2084 2272 2085
f 2085 2273 2087
f 2085 2087 2086
f 2085 2272 2273
f 2087 2273 2274
f 2087 2274 2088
f 2088 2275 2276
f 2088 2276 2089
f 2088 2274 2472
f 2088 2472 2275
f 2089 2276 2090
f 2090 2276 2277
f 2090 2277 2278
f 2090 2278 2279
f 2090 2279 2280
f 2090 2280 2092
f 2090 2092 2091
f 2092 2280 2281
f 2092 2281 2096
f 2092 2096 2093
f 2094 2096 2281
f 2094 2281 2282
f 2094 2282 2268
f 2097 2249 2286
f 2097 2286 2098
f 2098 2283 2284
f 2098 2284 2285
f 2098 2285 2099
f 2098 2286 2287
f 2098 2287 2283
f 2099 2285 2100
f 2100 2288 2270
f 2100 2270 2101
f 2100 2285 2288
f 2102 2269 2289
f 2102 2289 2111
f 2102 2111 2103
f 2105 2290 2291
f 2105 2291 2292
f 2105 2292 2293
f 2105 2293 2294
f 2105 2294 2106
f 2106 2294 2108
f 2107 2110 2290
f 2108 2294 2295
f 2108 2295 2296
f 2108 2296 2109
f 2109 2296 2172
f 2110 2111 2290
f 2111 2289 2297
f 2111 2297 2290
f 2112 2120 2113
f 2113 2120 2114
f 2114 2120 2298
f 2114 2298 2299
f 2114 2299 2300
f 2114 2300 2139
f 2115 2121 2301
f 2115 2301 2116
f 2116 2301 2302
f 2116 2302 2117
f 2117 2302 2303
f 2117 2303 2304
f 2117 2304 2118
f 2118 2304 2305
f 2118 2305 2119
f 2119 2305 2502
f 2119 2502 2306
f 2119 2306 2307
f 2119 2307 2120
f 2120 2307 2298
f 2121 2308 2309
f 2121 2309 2310
f 2121 2310 2301
f 2121 2167 2308
f 2122 2311 2128
f 2122 2125 2312
f 2122 2312 2311
f 2123 2127 2313
f 2123 2313 2124
f 2124 2313 2125
f 2125 2313 2312
f 2126 2130 2314
f 2126 2314 2315
f 2126 2315 2316
f 2126 2316 2317
f 2126 2317 2127
f 2127 2317 2318
f 2127 2318 2313
f 2128 2311 2319
f 2129 2320 2131
f 2129 2138 2321
f 2129 2321 2320
f 2130 2132 2325
f 2130 2325 2314
f 2131 2322 2323
f 2131 2323 2324
f 2131 2324 2132
f 2131 2320 2513
f 2131 2513 2322
f 2132 2324 2325
f 2133 2319 2326
f 2133 2326 2327
f 2133 2327 2135
f 2135 2327 2328
f 2135 2328 2136
f 2136 2328 2329
f 2136 2329 2330
f 2136 2330 2331
f 2136 2331 2137
f 2137 2331 2141
f 2138 2139 2332
f 2138 2332 2321
f 2139 2300 2333
f 2139 2333 2332
f 2140 2141 2334
f 2140 2334 2336
f 2140 2336 2142
f 2141 2331 2335
f 2141 2335 2334
f 2142 2336 2143
f 2143 2336 2144
f 2144 2336 2145
f 2145 2336 2337
f 2145 2337 2150
f 2146 2338 2339
f 2146 2339 2147
f 2146 2151 2338
f 2147 2339 2340
f 2147 2340 2148
f 2148 2340 2156
f 2149 2341 2342
f 2149 2342 2151
f 2149 2150 2341
f 2150 2343 2341
f 2150 2337 2344
f 2150 2344 2542
f 2150 2542 2343
f 2151 2342 2338
f 2152 2156 2345
f 2152 2345 2346
f 2152 2346 2153
f 2153 2346 2347
f 2153 2347 2154
f 2154 2347 2548
f 2154 2548 2348
f 2154 2348 2157
f 2154 2157 2155
f 2156 2340 2345
f 2157 2348 2349
f 2157 2349 2158
f 2158 2349 2350
f 2158 2350 2214
f 2160 2351 2352
f 2160 2352 2353
f 2160 2353 2161
f 2160 2186 2354
f 2160 2354 2351
f 2161 2353 2355
f 2161 2355 2356
f 2161 2356 2357
f 2161 2357 2358
f 2161 2358 2164
f 2161 2164 2163
f 2161 2163 2162
f 2164 2358 2359
f 2164 2359 2360
f 2164 2360 2165
f 2165 2360 2361
f 2165 2361 2362
f 2165 2362 2363
f 2165 2363 2364
f 2165 2364 2166
f 2166 2364 2308
f 2166 2308 2167
f 2168 2169 2178
f 2169 2171 2365
f 2169 2365 2178
f 2170 2366 2367
f 2170 2367 2171
f 2170 2174 2366
f 2171 2367 2368
f 2171 2368 2365
f 2172 2296 2369
f 2172 2369 2173
f 2173 2369 2370
f 2173 2370 2366
f 2173 2366 2174
f 2175 2371 2372
f 2175 2372 2176
f 2175 2177 2373
f 2175 2373 2371
f 2176 2372 2188
f 2177 2178 2373
f 2178 2374 2373
f 2178 2365 2374
f 2180 2375 2376
f 2180 2376 2181
f 2180 2182 2375
f 2181 2376 2377
f 2181 2377 2184
f 2182 2378 2375
f 2182 2183 2379
f 2182 2379 2378
f 2183 2189 2379
f 2184 2377 2351
f 2184 2351 2354
f 2184 2354 2185
f 2185 2354 2186
f 2187 2380 2381
f 2187 2381 2189
f 2187 2188 2380
f 2188 2372 2382
f 2188 2382 2380
f 2189 2381 2379
f 2190 2202 2201
f 2190 2201 2383
f 2190 2383 2384
f 2190 2384 2191
f 2191 2384 2385
f 2191 2385 2192
f 2192 2385 2585
f 2192 2585 2386
f 2193 2386 2387
f 2194 2388 2389
f 2194 2389 2195
f 2195 2389 2452
f 2195 2452 2390
f 2195 2390 2391
f 2195 2391 2392
f 2195 2392 2196
f 2196 2392 2391
f 2196 2391 2259
f 2198 2204 2203
f 2200 2393 2581
f 2200 2581 2394
f 2200 2203 2395
f 2200 2395 2393
f 2201 2394 2383
f 2203 2204 2396
f 2203 2396 2397
f 2203 2397 2395
f 2204 2205 2396
f 2205 2212 2398
f 2205 2398 2397
f 2205 2397 2396
f 2206 2399 2207
f 2206 2210 2406
f 2206 2406 2399
f 2207 2399 2400
f 2207 2400 2401
f 2207 2401 2402
f 2207 2402 2212
f 2208 2211 2209
f 2209 2211 2403
f 2209 2403 2404
f 2209 2404 2210
f 2210 2404 2405
f 2210 2405 2406
f 2211 2246 2407
f 2211 2407 2403
f 2212 2402 2408
f 2212 2408 2398
f 2213 2214 2350
f 2213 2350 2409
f 2213 2409 2410
f 2213 2410 2215
f 2215 2410 2411
f 2215 2411 2216
f 2216 2411 2218
f 2216 2218 2217
f 2218 2412 2413
f 2218 2413 2414
f 2218 2414 2415
f 2218 2415 2219
f 2218 2411 2412
f 2219 2415 2416
f 2219 2416 2220
f 2221 2228 2417
f 2221 2417 2222
f 2222 2417 2613
f 2222 2613 2418
f 2222 2418 2419
f 2222 2419 2223
f 2223 2419 2229
f 2225 2416 2420
f 2225 2420 2421
f 2225 2421 2226
f 2226 2421 2417
f 2226 2417 2227
f 2229 2422 2230
f 2229 2419 2423
f 2229 2423 2424
f 2229 2424 2422
f 2230 2422 2231
f 2231 2422 2425
f 2231 2425 2233
f 2232 2233 2426
f 2232 2426 2234
f 2233 2425 2427
f 2233 2427 2426
f 2234 2426 2428
f 2234 2428 2429
f 2234 2429 2235
f 2235 2429 2236
f 2236 2429 2239
f 2237 2430 2238
f 2237 2242 2430
f 2238 2430 2431
f 2238 2431 2243
f 2239 2429 2240
f 2240 2429 2241
f 2241 2429 2432
f 2241 2432 2433
f 2241 2433 2242
f 2242 2433 2434
f 2242 2434 2435
f 2242 2435 2436
f 2242 2436 2437
f 2242 2437 2430
f 2243 2438 2439
f 2243 2439 2440
f 2243 2440 2244
f 2243 2431 2438
f 2245 2440 2246
f 2246 2440 2407
f 2247 2250 2441
f 2247 2441 2248
f 2248 2441 2442
f 2248 2442 2249
f 2249 2442 2443
f 2249 2443 2286
f 2250 2255 2441
f 2251 2444 2445
f 2251 2445 2252
f 2251 2254 2444
f 2252 2445 2256
f 2253 2265 2447
f 2253 2447 2254
f 2254 2446 2639
f 2254 2639 2444
f 2254 2447 2640
f 2254 2640 2446
f 2255 2448 2441
f 2255 2256 2450
f 2255 2450 2448
f 2256 2445 2449
f 2256 2449 2450
f 2257 2259 2451
f 2257 2451 2260
f 2257 2260 2258
f 2259 2391 2390
f 2259 2390 2452
f 2259 2452 2453
f 2259 2453 2454
f 2259 2454 2455
f 2259 2455 2456
f 2259 2456 2451
f 2260 2451 2457
f 2260 2457 2261
f 2261 2458 2460
f 2261 2460 2262
f 2261 2457 2459
f 2261 2459 2458
f 2262 2460 2461
f 2262 2461 2462
f 2262 2462 2263
f 2263 2462 2264
f 2264 2463 2447
f 2264 2447 2265
f 2264 2462 2463
f 2266 2268 2464
f 2266 2464 2465
f 2266 2465 2267
f 2267 2466 2269
f 2267 2465 2466
f 2268 2282 2464
f 2269 2466 2467
f 2269 2467 2289
f 2270 2288 2468
f 2270 2468 2469
f 2270 2469 2470
f 2270 2470 2271
f 2271 2470 2471
f 2271 2471 2272
f 2272 2471 2274
f 2272 2274 2273
f 2274 2471 2472
f 2275 2473 2277
f 2275 2277 2276
f 2275 2472 2474
f 2275 2474 2473
f 2277 2473 2475
f 2277 2475 2476
f 2277 2476 2477
f 2277 2477 2278
f 2278 2477 2279
f 2279 2478 2479
f 2279 2479 2281
f 2279 2281 2280
f 2279 2477 2478
f 2281 2479 2282
f 2282 2479 2480
f 2282 2480 2464
f 2283 2481 2482
f 2283 2482 2284
f 2283 2287 2483
f 2283 2483 2674
f 2283 2674 2481
f 2284 2482 2288
f 2284 2288 2285
f 2286 2443 2287
f 2287 2443 2637
f 2287 2637 2483
f 2288 2482 2468
f 2289 2484 2297
f 2289 2467 2485
f 2289 2485 2484
f 2290 2297 2486
f 2290 2486 2291
f 2291 2486 2487
f 2291 2487 2488
f 2291 2488 2292
f 2292 2488 2489
f 2292 2489 2293
f 2293 2489 2294
f 2294 2489 2490
f 2294 2490 2491
f 2294 2491 2295
f 2295 2491 2296
f 2296 2491 2369
f 2297 2484 2492
f 2297 2492 2493
f 2297 2493 2486
f 2298 2307 2494
f 2298 2494 2685
f 2298 2685 2495
f 2298 2495 2496
f 2298 2496 2299
f 2299 2496 2333
f 2299 2333 2300
f 2301 2310 2302
f 2302 2497 2498
f 2302 2498 2303
f 2302 2310 2309
f 2302 2309 2497
f 2303 2498 2499
f 2303 2499 2304
f 2304 2499 2500
f 2304 2500 2305
f 2305 2500 2501
f 2305 2501 2502
f 2306 2502 2494
f 2306 2494 2307
f 2308 2364 2503
f 2308 2503 2309
f 2309 2503 2687
f 2309 2687 2497
f 2311 2504 2319
f 2311 2312 2505
f 2311 2505 2506
f 2311 2506 2504
f 2312 2313 2318
f 2312 2318 2505
f 2314 2325 2507
f 2314 2507 2315
f 2315 2508 2316
f 2315 2507 2509
f 2315 2509 2508
f 2316 2508 2510
f 2316 2510 2317
f 2317 2510 2511
f 2317 2511 2318
f 2318 2511 2703
f 2318 2703 2512
f 2318 2512 2505
f 2319 2504 2326
f 2320 2321 2514
f 2320 2514 2513
f 2321 2332 2514
f 2322 2513 2704
f 2322 2704 2515
f 2322 2515 2323
f 2323 2507 2325
f 2323 2325 2324
f 2323 2515 2516
f 2323 2516 2507
f 2326 2504 2327
f 2327 2504 2517
f 2327 2517 2518
f 2327 2518 2328
f 2328 2518 2329
f 2329 2518 2519
f 2329 2519 2520
f 2329 2520 2521
f 2329 2521 2330
f 2330 2522 2331
f 2330 2521 2523
f 2330 2523 2522
f 2331 2522 2335
f 2332 2333 2524
f 2332 2524 2525
f 2332 2525 2514
f 2333 2496 2495
f 2333 2495 2526
f 2333 2526 2527
f 2333 2527 2524
f 2334 2335 2522
f 2334 2522 2336
f 2336 2522 2528
f 2336 2528 2529
f 2336 2529 2337
f 2337 2529 2530
f 2337 2530 2344
f 2338 2531 2339
f 2338 2342 2532
f 2338 2532 2531
f 2339 2531 2533
f 2339 2533 2534
f 2339 2534 2340
f 2340 2534 2535
f 2340 2535 2536
f 2340 2536 2537
f 2340 2537 2345
f 2341 2538 2342
f 2341 2343 2538
f 2342 2538 2539
f 2342 2539 2532
f 2343 2540 2541
f 2343 2541 2538
f 2343 2542 2543
f 2343 2543 2540
f 2344 2530 2544
f 2344 2544 2545
f 2344 2545 2542
f 2345 2537 2546
f 2345 2546 2547
f 2345 2547 2347
f 2345 2347 2346
f 2347 2547 2548
f 2348 2548 2736
f 2348 2736 2549
f 2348 2549 2349
f 2349 2549 2550
f 2349 2550 2551
f 2349 2551 2350
f 2350 2551 2409
f 2351 2552 2352
f 2351 2377 2552
f 2352 2553 2554
f 2352 2554 2353
f 2352 2552 2553
f 2353 2554 2555
f 2353 2555 2355
f 2355 2555 2556
f 2355 2556 2356
f 2356 2556 2362
f 2356 2362 2357
f 2357 2362 2358
f 2358 2362 2361
f 2358 2361 2359
f 2359 2361 2360
f 2362 2556 2557
f 2362 2557 2363
f 2363 2557 2558
f 2363 2558 2559
f 2363 2559 2560
f 2363 2560 2364
f 2364 2560 2561
f 2364 2561 2503
f 2365 2368 2562
f 2365 2562 2374
f 2366 2370 2563
f 2366 2563 2564
f 2366 2564 2367
f 2367 2564 2565
f 2367 2565 2368
f 2368 2565 2562
f 2369 2491 2566
f 2369 2566 2370
f 2370 2566 2563
f 2371 2373 2567
f 2371 2567 2372
f 2372 2568 2382
f 2372 2567 2568
f 2373 2569 2567
f 2373 2374 2569
f 2374 2562 2570
f 2374 2570 2569
f 2375 2571 2572
f 2375 2572 2573
f 2375 2573 2376
f 2375 2378 2576
f 2375 2576 2571
f 2376 2573 2574
f 2376 2574 2575
f 2376 2575 2377
f 2377 2575 2552
f 2378 2379 2577
f 2378 2577 2576
f 2379 2381 2579
f 2379 2579 2577
f 2380 2578 2579
f 2380 2579 2381
f 2380 2382 2578
f 2382 2568 2580
f 2382 2580 2578
f 2383 2394 2581
f 2383 2581 2384
f 2384 2582 2583
f 2384 2583 2385
f 2384 2581 2584
f 2384 2584 2582
f 2385 2583 2585
f 2386 2585 2387
f 2387 2585 2586
f 2387 2586 2389
f 2387 2389 2388
f 2389 2586 2587
f 2389 2587 2771
f 2389 2771 2588
f 2389 2588 2452
f 2393 2589 2584
f 2393 2584 2581
f 2393 2395 2589
f 2395 2397 2590
f 2395 2590 2589
f 2397 2398 2408
f 2397 2408 2591
f 2397 2591 2590
f 2399 2592 2400
f 2399 2406 2601
f 2399 2601 2592
f 2400 2592 2593
f 2400 2593 2594
f 2400 2594 2401
f 2401 2594 2595
f 2401 2595 2596
f 2401 2596 2408
f 2401 2408 2402
f 2403 2407 2597
f 2403 2597 2404
f 2404 2597 2598
f 2404 2598 2405
f 2405 2598 2599
f 2405 2599 2600
f 2405 2600 2406
f 2406 2600 2601
f 2407 2440 2597
f 2408 2596 2591
f 2409 2551 2550
f 2409 2550 2602
f 2409 2602 2603
f 2409 2603 2604
f 2409 2604 2410
f 2410 2604 2607
f 2410 2607 2411
f 2411 2605 2606
f 2411 2606 2413
f 2411 2413 2412
f 2411 2607 2605
f 2413 2608 2609
f 2413 2609 2610
f 2413 2610 2414
f 2413 2606 2605
f 2413 2605 2607
f 2413 2607 2608
f 2414 2610 2611
f 2414 2611 2420
f 2414 2420 2415
f 2415 2420 2416
f 2417 2612 2613
f 2417 2421 2614
f 2417 2614 2612
f 2418 2613 2615
f 2418 2615 2419
f 2419 2615 2616
f 2419 2616 2617
f 2419 2617 2423
f 2420 2611 2610
f 2420 2610 2618
f 2420 2618 2614
f 2420 2614 2421
f 2422 2424 2425
f 2423 2617 2798
f 2423 2798 2619
f 2423 2619 2620
f 2423 2620 2424
f 2424 2620 2621
f 2424 2621 2425
f 2425 2621 2427
f 2426 2427 2622
f 2426 2622 2623
f 2426 2623 2624
f 2426 2624 2428
f 2427 2625 2626
f 2427 2626 2622
f 2427 2621 2803
f 2427 2803 2625
f 2428 2624 2429
f 2429 2623 2432
f 2429 2624 2623
f 2430 2627 2628
f 2430 2628 2431
f 2430 2437 2627
f 2431 2628 2629
f 2431 2629 2438
f 2432 2623 2434
f 2432 2434 2433
f 2434 2623 2630
f 2434 2630 2631
f 2434 2631 2435
f 2435 2631 2633
f 2435 2633 2436
f 2436 2632 2437
f 2436 2633 2634
f 2436 2634 2632
f 2437 2632 2635
f 2437 2635 2627
f 2438 2629 2636
f 2438 2636 2439
f 2439 2636 2598
f 2439 2598 2597
f 2439 2597 2440
f 2441 2448 2442
f 2442 2448 2638
f 2442 2638 2443
f 2443 2638 2637
f 2444 2639 2449
f 2444 2449 2445
f 2446 2640 2641
f 2446 2641 2639
f 2447 2463 2652
f 2447 2652 2640
f 2448 2450 2638
f 2449 2639 2641
f 2449 2641 2642
f 2449 2642 2643
f 2449 2643 2450
f 2450 2643 2638
f 2451 2456 2457
f 2452 2588 2644
f 2452 2644 2645
f 2452 2645 2453
f 2453 2645 2646
f 2453 2646 2454
f 2454 2646 2455
f 2455 2646 2647
f 2455 2647 2648
f 2455 2648 2458
f 2455 2458 2459
f 2455 2459 2457
f 2455 2457 2456
f 2458 2648 2649
f 2458 2649 2460
f 2460 2649 2650
f 2460 2650 2461
f 2461 2650 2651
f 2461 2651 2462
f 2462 2651 2652
f 2462 2652 2463
f 2464 2653 2465
f 2464 2480 2653
f 2465 2653 2654
f 2465 2654 2466
f 2466 2654 2655
f 2466 2655 2467
f 2467 2655 2656
f 2467 2656 2485
f 2468 2657 2469
f 2468 2482 2657
f 2469 2657 2658
f 2469 2658 2659
f 2469 2659 2470
f 2470 2659 2660
f 2470 2660 2661
f 2470 2661 2471
f 2471 2661 2472
f 2472 2661 2474
f 2473 2474 2475
f 2474 2661 2662
f 2474 2662 2663
f 2474 2663 2475
f 2475 2664 2665
f 2475 2665 2476
f 2475 2663 2666
f 2475 2666 2664
f 2476 2665 2667
f 2476 2667 2477
f 2477 2667 2478
f 2478 2668 2669
f 2478 2669 2479
f 2478 2667 2668
f 2479 2669 2480
f 2480 2669 2670
f 2480 2670 2653
f 2481 2671 2672
f 2481 2672 2673
f 2481 2673 2482
f 2481 2674 2671
f 2482 2673 2657
f 2483 2637 2674
f 2484 2485 2676
f 2484 2676 2492
f 2485 2656 2675
f 2485 2675 2676
f 2486 2493 2677
f 2486 2677 2487
f 2487 2677 2678
f 2487 2678 2679
f 2487 2679 2488
f 2488 2679 2489
f 2489 2679 2680
f 2489 2680 2490
f 2490 2680 2681
f 2490 2681 2682
f 2490 2682 2491
f 2491 2682 2683
f 2491 2683 2566
f 2492 2676 2684
f 2492 2684 2677
f 2492 2677 2493
f 2494 2502 2501
f 2494 2501 2685
f 2495 2685 2694
f 2495 2694 2686
f 2495 2686 2527
f 2495 2527 2526
f 2497 2687 2876
f 2497 2876 2688
f 2497 2688 2498
f 2498 2688 2689
f 2498 2689 2499
f 2499 2689 2500
f 2500 2690 2691
f 2500 2691 2692
f 2500 2692 2501
f 2500 2689 2690
f 2501 2692 2693
f 2501 2693 2694
f 2501 2694 2685
f 2503 2561 2695
f 2503 2695 2696
f 2503 2696 2687
f 2504 2506 2697
f 2504 2697 2698
f 2504 2698 2517
f 2505 2512 2699
f 2505 2699 2506
f 2506 2699 2700
f 2506 2700 2883
f 2506 2883 2697
f 2507 2516 2509
f 2508 2701 2702
f 2508 2702 2510
f 2508 2509 2701
f 2509 2516 2515
f 2509 2515 2701
f 2510 2702 2703
f 2510 2703 2511
f 2512 2703 2699
f 2513 2514 2704
f 2514 2525 2704
f 2515 2704 2714
f 2515 2714 2705
f 2515 2705 2886
f 2515 2886 2701
f 2517 2698 2518
f 2518 2706 2519
f 2518 2698 2707
f 2518 2707 2706
f 2519 2706 2889
f 2519 2889 2708
f 2519 2708 2709
f 2519 2709 2520
f 2520 2709 2530
f 2520 2530 2529
f 2520 2529 2528
f 2520 2528 2522
f 2520 2522 2521
f 2521 2522 2523
f 2524 2527 2710
f 2524 2710 2525
f 2525 2711 2712
f 2525 2712 2713
f 2525 2713 2714
f 2525 2714 2704
f 2525 2710 2715
f 2525 2715 2686
f 2525 2686 2711
f 2527 2686 2715
f 2527 2715 2710
f 2530 2709 2716
f 2530 2716 2544
f 2531 2532 2717
f 2531 2717 2718
f 2531 2718 2533
f 2532 2539 2717
f 2533 2718 2719
f 2533 2719 2720
f 2533 2720 2721
f 2533 2721 2535
f 2533 2535 2534
f 2535 2721 2722
f 2535 2722 2723
f 2535 2723 2546
f 2535 2546 2536
f 2536 2546 2537
f 2538 2541 2539
f 2539 2541 2724
f 2539 2724 2717
f 2540 2725 2541
f 2540 2543 2729
f 2540 2729 2725
f 2541 2726 2724
f 2541 2725 2726
f 2542 2545 2727
f 2542 2727 2543
f 2543 2727 2728
f 2543 2728 2729
f 2544 2716 2730
f 2544 2730 2545
f 2545 2730 2731
f 2545 2731 2727
f 2546 2723 2732
f 2546 2732 2733
f 2546 2733 2734
f 2546 2734 2547
f 2547 2734 2548
f 2548 2734 2735
f 2548 2735 2736
f 2549 2736 2550
f 2550 2736 2735
f 2550 2735 2737
f 2550 2737 2738
f 2550 2738 2739
f 2550 2739 2740
f 2550 2740 2602
f 2552 2741 2742
f 2552 2742 2553
f 2552 2575 2574
f 2552 2574 2741
f 2553 2742 2743
f 2553 2743 2554
f 2554 2743 2744
f 2554 2744 2555
f 2555 2744 2745
f 2555 2745 2746
f 2555 2746 2747
f 2555 2747 2556
f 2556 2747 2748
f 2556 2748 2557
f 2557 2748 2749
f 2557 2749 2558
f 2558 2749 2882
f 2558 2882 2695
f 2558 2695 2559
f 2559 2695 2560
f 2560 2695 2561
f 2562 2565 2750
f 2562 2750 2570
f 2563 2566 2683
f 2563 2683 2751
f 2563 2751 2564
f 2564 2751 2565
f 2565 2751 2752
f 2565 2752 2750
f 2567 2753 2754
f 2567 2754 2568
f 2567 2569 2753
f 2568 2754 2580
f 2569 2570 2755
f 2569 2755 2756
f 2569 2756 2753
f 2570 2750 2757
f 2570 2757 2755
f 2571 2758 2572
f 2571 2576 2758
f 2572 2759 2760
f 2572 2760 2574
f 2572 2574 2573
f 2572 2758 2759
f 2574 2760 2922
f 2574 2922 2741
f 2576 2761 2758
f 2576 2577 2762
f 2576 2762 2761
f 2577 2579 2762
f 2578 2580 2763
f 2578 2763 2764
f 2578 2764 2579
f 2579 2764 2762
f 2580 2765 2763
f 2580 2754 2765
f 2582 2584 2583
f 2583 2584 2766
f 2583 2766 2767
f 2583 2767 2768
f 2583 2768 2585
f 2584 2589 2772
f 2584 2772 2766
f 2585 2768 2769
f 2585 2769 2586
f 2586 2770 2587
f 2586 2769 2768
f 2586 2768 2770
f 2587 2770 2771
f 2588 2771 2644
f 2589 2590 2773
f 2589 2773 2772
f 2590 2591 2773
f 2591 2774 2957
f 2591 2957 2773
f 2591 2596 2774
f 2592 2775 2593
f 2592 2601 2775
f 2593 2775 2776
f 2593 2776 2777
f 2593 2777 2778
f 2593 2778 2594
f 2594 2778 2779
f 2594 2779 2595
f 2595 2779 2780
f 2595 2780 2781
f 2595 2781 2774
f 2595 2774 2596
f 2598 2636 2782
f 2598 2782 2599
f 2599 2783 2600
f 2599 2782 2783
f 2600 2784 2601
f 2600 2783 2785
f 2600 2785 2784
f 2601 2784 2776
f 2601 2776 2775
f 2602 2786 2603
f 2602 2740 2787
f 2602 2787 2786
f 2603 2786 2788
f 2603 2788 2789
f 2603 2789 2607
f 2603 2607 2604
f 2607 2789 2790
f 2607 2790 2608
f 2608 2791 2609
f 2608 2790 2791
f 2609 2791 2790
f 2609 2790 2792
f 2609 2792 2793
f 2609 2793 2610
f 2610 2793 2618
f 2612 2615 2613
f 2612 2614 2794
f 2612 2794 2793
f 2612 2793 2615
f 2614 2618 2794
f 2615 2793 2616
f 2616 2793 2795
f 2616 2795 2796
f 2616 2796 2617
f 2617 2796 2797
f 2617 2797 2798
f 2618 2793 2794
f 2619 2799 2802
f 2619 2802 2620
f 2619 2798 2800
f 2619 2800 2801
f 2619 2801 2799
f 2620 2802 2803
f 2620 2803 2621
f 2622 2626 2630
f 2622 2630 2623
f 2625 2804 2626
f 2625 2803 2985
f 2625 2985 2804
f 2626 2804 2805
f 2626 2805 2633
f 2626 2633 2631
f 2626 2631 2630
f 2627 2635 2806
f 2627 2806 2807
f 2627 2807 2628
f 2628 2807 2808
f 2628 2808 2629
f 2629 2808 2782
f 2629 2782 2636
f 2632 2809 2810
f 2632 2810 2635
f 2632 2634 2811
f 2632 2811 2809
f 2633 2805 2634
f 2634 2805 2812
f 2634 2812 2990
f 2634 2990 2811
f 2635 2810 2813
f 2635 2813 2806
f 2637 2814 2674
f 2637 2638 2815
f 2637 2815 2814
f 2638 2643 2816
f 2638 2816 2817
f 2638 2817 2815
f 2640 2818 2641
f 2640 2652 2829
f 2640 2829 2818
f 2641 2819 2820
f 2641 2820 2642
f 2641 2818 2819
f 2642 2820 2816
f 2642 2816 2643
f 2644 2771 2645
f 2645 2771 2821
f 2645 2821 2822
f 2645 2822 2646
f 2646 2822 2823
f 2646 2823 2824
f 2646 2824 2825
f 2646 2825 2648
f 2646 2648 2647
f 2648 2825 2826
f 2648 2826 2827
f 2648 2827 2649
f 2649 2827 2828
f 2649 2828 2650
f 2650 2828 2651
f 2651 2828 2652
f 2652 2828 2829
f 2653 2830 2654
f 2653 2670 2830
f 2654 2830 2831
f 2654 2831 2655
f 2655 2831 2832
f 2655 2832 2833
f 2655 2833 2656
f 2656 2833 2834
f 2656 2834 2835
f 2656 2835 2675
f 2657 2673 2672
f 2657 2672 2658
f 2658 2836 2837
f 2658 2837 2659
f 2658 2672 2838
f 2658 2838 2836
f 2659 2837 2839
f 2659 2839 2660
f 2660 2839 2661
f 2661 2839 2662
f 2662 2839 2840
f 2662 2840 2841
f 2662 2841 2663
f 2663 2841 2666
f 2664 2842 2665
f 2664 2666 2843
f 2664 2843 2844
f 2664 2844 2842
f 2665 2842 2667
f 2666 2841 2845
f 2666 2845 2843
f 2667 2842 2846
f 2667 2846 2668
f 2668 2847 2848
f 2668 2848 2669
f 2668 2846 2847
f 2669 2848 2670
f 2670 2848 2849
f 2670 2849 2850
f 2670 2850 2851
f 2670 2851 2830
f 2671 2674 2852
f 2671 2852 3022
f 2671 3022 2853
f 2671 2853 2854
f 2671 2854 2838
f 2671 2838 2672
f 2674 2814 2852
f 2675 2835 2855
f 2675 2855 2856
f 2675 2856 2857
f 2675 2857 2676
f 2676 2857 2684
f 2677 2684 2858
f 2677 2858 2859
f 2677 2859 2678
f 2678 2859 2860
f 2678 2860 2861
f 2678 2861 2862
f 2678 2862 2679
f 2679 2862 2861
f 2679 2861 2863
f 2679 2863 2864
f 2679 2864 2865
f 2679 2865 2680
f 2680 2865 2866
f 2680 2866 2867
f 2680 2867 2681
f 2681 2867 2868
f 2681 2868 2869
f 2681 2869 2682
f 2682 2869 2870
f 2682 2870 2683
f 2683 2870 2751
f 2684 2857 2871
f 2684 2871 2858
f 2686 2694 2881
f 2686 2881 2872
f 2686 2872 2873
f 2686 2873 2874
f 2686 2874 2711
f 2687 2696 2875
f 2687 2875 2876
f 2688 2876 2689
f 2689 2877 2878
f 2689 2878 2690
f 2689 2876 2875
f 2689 2875 2877
f 2690 2878 2879
f 2690 2879 2691
f 2691 2879 3048
f 2691 3048 2880
f 2691 2880 2692
f 2692 2880 2693
f 2693 2880 2694
f 2694 2880 2881
f 2695 2882 2875
f 2695 2875 2696
f 2697 2883 2698
f 2698 2883 2884
f 2698 2884 2707
f 2699 2703 2885
f 2699 2885 2700
f 2700 2885 3049
f 2700 3049 2883
f 2701 2886 2887
f 2701 2887 2702
f 2702 2887 3049
f 2702 3049 2885
f 2702 2885 2703
f 2705 2714 2899
f 2705 2899 2888
f 2705 2888 3053
f 2705 3053 2886
f 2706 2707 2890
f 2706 2890 2889
f 2707 2884 2890
f 2708 2891 2730
f 2708 2730 2716
f 2708 2716 2709
f 2708 2889 2892
f 2708 2892 2893
f 2708 2893 2891
f 2711 2874 2894
f 2711 2894 2895
f 2711 2895 2712
f 2712 2895 3061
f 2712 3061 2896
f 2712 2896 2897
f 2712 2897 2713
f 2713 2897 2898
f 2713 2898 2899
f 2713 2899 2714
f 2717 2724 2900
f 2717 2900 2901
f 2717 2901 2718
f 2718 2901 2719
f 2719 2902 2903
f 2719 2903 2720
f 2719 2901 2902
f 2720 2904 2722
f 2720 2722 2721
f 2720 2903 2904
f 2722 2904 2905
f 2722 2905 2906
f 2722 2906 2732
f 2722 2732 2723
f 2724 2907 2900
f 2724 2726 2907
f 2725 2908 2909
f 2725 2909 2726
f 2725 2729 2910
f 2725 2910 2908
f 2726 2909 3077
f 2726 3077 2907
f 2727 2731 2911
f 2727 2911 2728
f 2728 2911 2912
f 2728 2912 2913
f 2728 2913 2914
f 2728 2914 2910
f 2728 2910 2729
f 2730 2891 2893
f 2730 2893 2731
f 2731 2893 2911
f 2732 2906 2733
f 2733 2915 2734
f 2733 2906 2916
f 2733 2916 2917
f 2733 2917 2918
f 2733 2918 2735
f 2733 2735 2915
f 2734 2915 2735
f 2735 2918 2738
f 2735 2738 2919
f 2735 2919 2737
f 2737 2919 2738
f 2738 2918 2916
f 2738 2916 2920
f 2738 2920 2921
f 2738 2921 2739
f 2739 2787 2740
f 2739 2921 2787
f 2741 2922 2742
f 2742 2923 2924
f 2742 2924 2743
f 2742 2922 2923
f 2743 2924 2925
f 2743 2925 2744
f 2744 2925 2926
f 2744 2926 2745
f 2745 2927 2928
f 2745 2928 2746
f 2745 2926 2927
f 2746 2928 2747
f 2747 2928 2748
f 2748 2928 2929
f 2748 2929 2930
f 2748 2930 2749
f 2749 2930 2931
f 2749 2931 2882
f 2750 2752 2932
f 2750 2932 2757
f 2751 2870 2933
f 2751 2933 2934
f 2751 2934 2752
f 2752 2934 2935
f 2752 2935 2932
f 2753 2756 2936
f 2753 2936 2754
f 2754 2936 2765
f 2755 2757 2937
f 2755 2937 2938
f 2755 2938 2756
f 2756 2938 2939
f 2756 2939 2936
f 2757 2932 2940
f 2757 2940 2941
f 2757 2941 2937
f 2758 2942 2759
f 2758 2761 2942
f 2759 2943 2944
f 2759 2944 2760
f 2759 2942 2943
f 2760 2944 2945
f 2760 2945 2922
f 2761 2762 2946
f 2761 2946 2947
f 2761 2947 2942
f 2762 2764 2946
f 2763 2765 2948
f 2763 2948 2949
f 2763 2949 2950
f 2763 2950 2764
f 2764 2950 2946
f 2765 2936 2948
f 2766 2772 2958
f 2766 2958 2951
f 2766 2951 2767
f 2767 2951 2952
f 2767 2952 2953
f 2767 2953 2954
f 2767 2954 2768
f 2768 2954 2955
f 2768 2955 2770
f 2770 2955 2956
f 2770 2956 2771
f 2771 2956 2821
f 2772 2773 2957
f 2772 2957 2958
f 2774 2781 2959
f 2774 2959 2957
f 2776 2784 2960
f 2776 2960 2961
f 2776 2961 2962
f 2776 2962 2777
f 2777 2962 2778
f 2778 2962 2963
f 2778 2963 2964
f 2778 2964 2779
f 2779 2964 2965
f 2779 2965 2780
f 2780 2965 2966
f 2780 2966 2967
f 2780 2967 2968
f 2780 2968 2781
f 2781 2968 2959
f 2782 2969 2783
f 2782 2808 2970
f 2782 2970 2969
f 2783 2971 2785
f 2783 2969 2971
f 2784 2785 2972
f 2784 2972 2960
f 2785 2971 2972
f 2786 2787 2973
f 2786 2973 2788
f 2787 2974 3142
f 2787 3142 2973
f 2787 2921 2974
f 2788 2973 2975
f 2788 2975 2976
f 2788 2976 2789
f 2789 2977 2790
f 2789 2976 2977
f 2790 2977 2976
f 2790 2976 2792
f 2792 2976 2793
f 2793 2976 2978
f 2793 2978 2979
f 2793 2979 2795
f 2795 2980 3149
f 2795 3149 2981
f 2795 2981 2797
f 2795 2797 2796
f 2795 2979 2980
f 2797 2981 2800
f 2797 2800 2798
f 2799 2982 2802
f 2799 2801 2982
f 2800 2981 2983
f 2800 2983 2801
f 2801 2983 2984
f 2801 2984 2982
f 2802 2982 2803
f 2803 2982 2985
f 2804 2986 2987
f 2804 2987 2812
f 2804 2812 2805
f 2804 2985 2986
f 2806 2813 2988
f 2806 2988 2989
f 2806 2989 2807
f 2807 2989 2970
f 2807 2970 2808
f 2809 2811 2990
f 2809 2990 2991
f 2809 2991 2992
f 2809 2992 2993
f 2809 2993 2994
f 2809 2994 2810
f 2810 2994 2995
f 2810 2995 2813
f 2812 2987 2990
f 2813 2995 2996
f 2813 2996 2988
f 2814 2997 3022
f 2814 3022 2852
f 2814 2815 2998
f 2814 2998 3169
f 2814 3169 2997
f 2815 2817 2999
f 2815 2999 2998
f 2816 2820 3000
f 2816 3000 2817
f 2817 3000 2999
f 2818 2829 3006
f 2818 3006 3001
f 2818 3001 3000
f 2818 3000 2819
f 2819 3000 2820
f 2821 2956 3002
f 2821 3002 2822
f 2822 3002 2823
f 2823 3002 3003
f 2823 3003 2824
f 2824 3004 3005
f 2824 3005 2827
f 2824 2827 2826
f 2824 2826 2825
f 2824 3003 3004
f 2827 3005 2829
f 2827 2829 2828
f 2829 3005 3006
f 2830 2851 2831
f 2831 2851 2832
f 2832 2851 3007
f 2832 3007 3008
f 2832 3008 2833
f 2833 3008 2834
f 2834 3008 3009
f 2834 3009 2835
f 2835 3009 2855
f 2836 3010 2837
f 2836 2838 2854
f 2836 2854 3011
f 2836 3011 3010
f 2837 3010 2839
f 2839 3010 2840
f 2840 3010 3186
f 2840 3186 3012
f 2840 3012 2841
f 2841 3012 2845
f 2842 3013 3014
f 2842 3014 2846
f 2842 2844 3015
f 2842 3015 3013
f 2843 2845 3016
f 2843 3016 3017
f 2843 3017 2844
f 2844 3017 3015
f 2845 3012 3018
f 2845 3018 3016
f 2846 3014 2847
f 2847 3014 3019
f 2847 3019 2849
f 2847 2849 2848
f 2849 3019 3020
f 2849 3020 2850
f 2850 3020 3021
f 2850 3021 3007
f 2850 3007 2851
f 2853 3023 2854
f 2853 3022 3023
f 2854 3023 3024
f 2854 3024 3011
f 2855 3009 3025
f 2855 3025 2856
f 2856 3025 3026
f 2856 3026 2857
f 2857 3026 2871
f 2858 2871 3027
f 2858 3027 3028
f 2858 3028 2859
f 2859 3028 2860
f 2860 3028 3029
f 2860 3029 3030
f 2860 3030 2861
f 2861 3030 3031
f 2861 3031 3032
f 2861 3032 2863
f 2863 3032 3033
f 2863 3033 2864
f 2864 3033 3034
f 2864 3034 3035
f 2864 3035 2865
f 2865 3035 3036
f 2865 3036 3037
f 2865 3037 3038
f 2865 3038 2866
f 2866 3038 2867
f 2867 3038 3039
f 2867 3039 2868
f 2868 3039 2869
f 2869 3039 2870
f 2870 3039 3040
f 2870 3040 2933
f 2871 3026 3027
f 2872 3041 2873
f 2872 2881 2880
f 2872 2880 3041
f 2873 3041 3218
f 2873 3218 3042
f 2873 3042 2895
f 2873 2895 2894
f 2873 2894 2874
f 2875 2882 2931
f 2875 2931 3043
f 2875 3043 2877
f 2877 3044 3045
f 2877 3045 2878
f 2877 3043 3044
f 2878 3045 3046
f 2878 3046 2879
f 2879 3046 3047
f 2879 3047 3048
f 2880 3048 3218
f 2880 3218 3041
f 2883 3049 2884
f 2884 3050 2890
f 2884 3049 3051
f 2884 3051 3052
f 2884 3052 3050
f 2886 3053 3054
f 2886 3054 2887
f 2887 3054 3051
f 2887 3051 3049
f 2888 3055 3056
f 2888 3056 3053
f 2888 2899 3066
f 2888 3066 3055
f 2889 2890 3057
f 2889 3057 2892
f 2890 3050 3057
f 2892 3058 2893
f 2892 3057 3231
f 2892 3231 3058
f 2893 3058 3059
f 2893 3059 2911
f 2895 3060 3061
f 2895 3042 3060
f 2896 3061 3062
f 2896 3062 2897
f 2897 3063 3064
f 2897 3064 2898
f 2897 3062 3063
f 2898 3064 3065
f 2898 3065 2899
f 2899 3065 3066
f 2900 3067 3068
f 2900 3068 2901
f 2900 2907 3067
f 2901 3068 3069
f 2901 3069 2902
f 2902 3069 3070
f 2902 3070 2903
f 2903 3070 3071
f 2903 3071 3072
f 2903 3072 2904
f 2904 3072 3073
f 2904 3073 2905
f 2905 3073 3074
f 2905 3074 3075
f 2905 3075 2906
f 2906 3075 3076
f 2906 3076 2916
f 2907 3077 3067
f 2908 2910 3078
f 2908 3078 3079
f 2908 3079 3080
f 2908 3080 2909
f 2909 3080 3077
f 2910 2914 3081
f 2910 3081 3078
f 2911 3059 3082
f 2911 3082 2912
f 2912 3082 3083
f 2912 3083 2913
f 2913 3083 3084
f 2913 3084 3085
f 2913 3085 3086
f 2913 3086 2914
f 2914 3086 3081
f 2916 3076 3087
f 2916 3087 2920
f 2916 2918 2917
f 2920 3087 2921
f 2921 3087 3088
f 2921 3088 3089
f 2921 3089 2974
f 2922 2945 2923
f 2923 3090 3091
f 2923 3091 2924
f 2923 2945 3090
f 2924 3091 3092
f 2924 3092 2925
f 2925 3092 3093
f 2925 3093 2926
f 2926 3093 3094
f 2926 3094 2927
f 2927 3094 3095
f 2927 3095 3096
f 2927 3096 3097
f 2927 3097 2928
f 2928 3097 2929
f 2929 3097 2931
f 2929 2931 2930
f 2931 3097 3098
f 2931 3098 3099
f 2931 3099 3100
f 2931 3100 3043
f 2932 2935 3101
f 2932 3101 2940
f 2933 3040 3102
f 2933 3102 2934
f 2934 3102 3103
f 2934 3103 2935
f 2935 3103 3104
f 2935 3104 3101
f 2936 2939 2948
f 2937 2941 2938
f 2938 2941 3105
f 2938 3105 3106
f 2938 3106 2939
f 2939 3106 2948
f 2940 3101 2941
f 2941 3101 3107
f 2941 3107 3108
f 2941 3108 3105
f 2942 3109 2943
f 2942 2947 3109
f 2943 3109 3110
f 2943 3110 3111
f 2943 3111 3112
f 2943 3112 2944
f 2944 3112 3113
f 2944 3113 2945
f 2945 3113 3090
f 2946 3114 2947
f 2946 2950 3114
f 2947 3114 3115
f 2947 3115 3109
f 2948 3106 3116
f 2948 3116 3117
f 2948 3117 2949
f 2949 3117 3118
f 2949 3118 2950
f 2950 3118 3114
f 2951 2958 3119
f 2951 3119 3120
f 2951 3120 2952
f 2952 3120 3121
f 2952 3121 3122
f 2952 3122 2953
f 2953 3122 3296
f 2953 3296 3123
f 2953 3123 3124
f 2953 3124 2954
f 2954 3124 2955
f 2955 3124 3298
f 2955 3298 3125
f 2955 3125 3003
f 2955 3003 2956
f 2956 3003 3002
f 2957 2959 2958
f 2958 2959 3119
f 2959 2968 3119
f 2960 3126 2961
f 2960 2972 3127
f 2960 3127 3126
f 2961 3126 3128
f 2961 3128 3129
f 2961 3129 2962
f 2962 3129 2963
f 2963 3129 3130
f 2963 3130 3131
f 2963 3131 2964
f 2964 3131 3132
f 2964 3132 2965
f 2965 3132 3133
f 2965 3133 3134
f 2965 3134 2966
f 2966 3135 3136
f 2966 3136 3137
f 2966 3137 3138
f 2966 3138 2967
f 2966 3134 3135
f 2967 3138 2968
f 2968 3138 3119
f 2969 2970 2971
f 2970 3139 3140
f 2970 3140 2971
f 2970 2989 3139
f 2971 3141 2972
f 2971 3140 3141
f 2972 3141 3127
f 2973 3142 3312
f 2973 3312 3143
f 2973 3143 2975
f 2974 3144 3142
f 2974 3089 3145
f 2974 3145 3146
f 2974 3146 3144
f 2975 3143 2976
f 2976 3143 3147
f 2976 3147 3148
f 2976 3148 2978
f 2978 3148 2979
f 2979 3148 2980
f 2980 3148 3319
f 2980 3319 3149
f 2981 3149 3153
f 2981 3153 2983
f 2982 2984 3150
f 2982 3150 3151
f 2982 3151 3152
f 2982 3152 2985
f 2983 3153 3154
f 2983 3154 2984
f 2984 3154 3325
f 2984 3325 3155
f 2984 3155 3150
f 2985 3152 2986
f 2986 3152 3156
f 2986 3156 2990
f 2986 2990 2987
f 2988 2996 3157
f 2988 3157 3158
f 2988 3158 3159
f 2988 3159 2989
f 2989 3159 3139
f 2990 3156 2991
f 2991 3156 2992
f 2992 3160 3161
f 2992 3161 2993
f 2992 3156 3162
f 2992 3162 3160
f 2993 3163 3164
f 2993 3164 2994
f 2993 3161 3163
f 2994 3164 3165
f 2994 3165 2995
f 2995 3165 3166
f 2995 3166 2996
f 2996 3166 3167
f 2996 3167 3168
f 2996 3168 3157
f 2997 3169 3341
f 2997 3341 3170
f 2997 3170 3171
f 2997 3171 3022
f 2998 2999 3172
f 2998 3172 3176
f 2998 3176 3169
f 2999 3000 3172
f 3000 3173 3176
f 3000 3176 3172
f 3000 3001 3173
f 3001 3006 3174
f 3001 3174 3175
f 3001 3175 3176
f 3001 3176 3173
f 3003 3125 3177
f 3003 3177 3178
f 3003 3178 3179
f 3003 3179 3004
f 3004 3179 3180
f 3004 3180 3005
f 3005 3180 3174
f 3005 3174 3006
f 3007 3021 3181
f 3007 3181 3008
f 3008 3181 3182
f 3008 3182 3009
f 3009 3182 3183
f 3009 3183 3184
f 3009 3184 3025
f 3010 3011 3185
f 3010 3185 3186
f 3011 3024 3185
f 3012 3186 3187
f 3012 3187 3018
f 3013 3188 3014
f 3013 3015 3189
f 3013 3189 3188
f 3014 3188 3019
f 3015 3190 3189
f 3015 3017 3191
f 3015 3191 3190
f 3016 3018 3192
f 3016 3192 3193
f 3016 3193 3017
f 3017 3193 3191
f 3018 3187 3194
f 3018 3194 3192
f 3019 3188 3020
f 3020 3188 3195
f 3020 3195 3196
f 3020 3196 3021
f 3021 3197 3181
f 3021 3196 3197
f 3022 3171 3023
f 3023 3198 3024
f 3023 3171 3199
f 3023 3199 3198
f 3024 3198 3185
f 3025 3184 3200
f 3025 3200 3201
f 3025 3201 3026
f 3026 3201 3202
f 3026 3202 3027
f 3027 3202 3203
f 3027 3203 3204
f 3027 3204 3028
f 3028 3204 3029
f 3029 3204 3205
f 3029 3205 3206
f 3029 3206 3207
f 3029 3207 3030
f 3030 3207 3208
f 3030 3208 3032
f 3030 3032 3031
f 3032 3208 3209
f 3032 3209 3210
f 3032 3210 3211
f 3032 3211 3033
f 3033 3211 3034
f 3034 3211 3035
f 3035 3211 3212
f 3035 3212 3213
f 3035 3213 3214
f 3035 3214 3036
f 3036 3214 3215
f 3036 3215 3037
f 3037 3215 3038
f 3038 3215 3039
f 3039 3215 3216
f 3039 3216 3040
f 3040 3216 3217
f 3040 3217 3102
f 3042 3218 3060
f 3043 3100 3219
f 3043 3219 3044
f 3044 3219 3220
f 3044 3220 3045
f 3045 3220 3221
f 3045 3221 3046
f 3046 3221 3047
f 3047 3222 3223
f 3047 3223 3234
f 3047 3234 3224
f 3047 3224 3218
f 3047 3218 3048
f 3047 3221 3225
f 3047 3225 3222
f 3050 3226 3231
f 3050 3231 3057
f 3050 3052 3227
f 3050 3227 3393
f 3050 3393 3226
f 3051 3054 3052
f 3052 3054 3228
f 3052 3228 3227
f 3053 3229 3228
f 3053 3228 3054
f 3053 3056 3229
f 3055 3066 3239
f 3055 3239 3230
f 3055 3230 3395
f 3055 3395 3229
f 3055 3229 3056
f 3058 3232 3059
f 3058 3231 3397
f 3058 3397 3232
f 3059 3232 3082
f 3060 3233 3062
f 3060 3062 3061
f 3060 3218 3224
f 3060 3224 3234
f 3060 3234 3235
f 3060 3235 3233
f 3062 3233 3399
f 3062 3399 3236
f 3062 3236 3237
f 3062 3237 3063
f 3063 3237 3064
f 3064 3237 3066
f 3064 3066 3065
f 3066 3237 3238
f 3066 3238 3239
f 3067 3077 3240
f 3067 3240 3241
f 3067 3241 3242
f 3067 3242 3068
f 3068 3242 3069
f 3069 3243 3070
f 3069 3242 3244
f 3069 3244 3243
f 3070 3243 3071
f 3071 3245 3246
f 3071 3246 3247
f 3071 3247 3072
f 3071 3243 3245
f 3072 3247 3073
f 3073 3247 3248
f 3073 3248 3074
f 3074 3248 3249
f 3074 3249 3250
f 3074 3250 3075
f 3075 3250 3249
f 3075 3249 3251
f 3075 3251 3088
f 3075 3088 3076
f 3076 3088 3087
f 3077 3080 3240
f 3078 3252 3079
f 3078 3081 3253
f 3078 3253 3254
f 3078 3254 3252
f 3079 3255 3080
f 3079 3252 3255
f 3080 3255 3240
f 3081 3086 3262
f 3081 3262 3253
f 3082 3232 3256
f 3082 3256 3083
f 3083 3256 3257
f 3083 3257 3084
f 3084 3257 3258
f 3084 3258 3085
f 3085 3259 3262
f 3085 3262 3086
f 3085 3258 3260
f 3085 3260 3261
f 3085 3261 3259
f 3088 3251 3263
f 3088 3263 3089
f 3089 3263 3145
f 3090 3113 3264
f 3090 3264 3265
f 3090 3265 3091
f 3091 3265 3266
f 3091 3266 3092
f 3092 3266 3267
f 3092 3267 3093
f 3093 3267 3268
f 3093 3268 3269
f 3093 3269 3094
f 3094 3269 3270
f 3094 3270 3095
f 3095 3270 3271
f 3095 3271 3098
f 3095 3098 3096
f 3096 3098 3097
f 3098 3271 3272
f 3098 3272 3099
f 3099 3272 3273
f 3099 3273 3274
f 3099 3274 3219
f 3099 3219 3100
f 3101 3104 3275
f 3101 3275 3107
f 3102 3217 3276
f 3102 3276 3103
f 3103 3276 3277
f 3103 3277 3104
f 3104 3277 3275
f 3105 3108 3278
f 3105 3278 3106
f 3106 3278 3116
f 3107 3275 3108
f 3108 3275 3279
f 3108 3279 3280
f 3108 3280 3278
f 3109 3115 3281
f 3109 3281 3110
f 3110 3281 3282
f 3110 3282 3111
f 3111 3282 3283
f 3111 3283 3284
f 3111 3284 3285
f 3111 3285 3286
f 3111 3286 3112
f 3112 3286 3113
f 3113 3286 3264
f 3114 3287 3115
f 3114 3118 3287
f 3115 3287 3281
f 3116 3278 3288
f 3116 3288 3289
f 3116 3289 3117
f 3117 3289 3290
f 3117 3290 3287
f 3117 3287 3118
f 3119 3138 3120
f 3120 3138 3137
f 3120 3137 3121
f 3121 3137 3136
f 3121 3136 3291
f 3121 3291 3292
f 3121 3292 3293
f 3121 3293 3122
f 3122 3293 3294
f 3122 3294 3295
f 3122 3295 3296
f 3123 3296 3297
f 3123 3297 3298
f 3123 3298 3124
f 3125 3298 3346
f 3125 3346 3177
f 3126 3299 3300
f 3126 3300 3128
f 3126 3127 3301
f 3126 3301 3299
f 3127 3141 3302
f 3127 3302 3301
f 3128 3300 3303
f 3128 3303 3129
f 3129 3303 3130
f 3130 3304 3131
f 3130 3303 3304
f 3131 3305 3132
f 3131 3304 3305
f 3132 3305 3306
f 3132 3306 3307
f 3132 3307 3133
f 3133 3307 3473
f 3133 3473 3308
f 3133 3308 3135
f 3133 3135 3134
f 3135 3308 3309
f 3135 3309 3136
f 3136 3309 3291
f 3139 3159 3310
f 3139 3310 3311
f 3139 3311 3140
f 3140 3311 3141
f 3141 3311 3302
f 3142 3144 3312
f 3143 3312 3313
f 3143 3313 3314
f 3143 3314 3147
f 3144 3146 3312
f 3145 3263 3315
f 3145 3315 3316
f 3145 3316 3317
f 3145 3317 3146
f 3146 3317 3476
f 3146 3476 3312
f 3147 3314 3318
f 3147 3318 3148
f 3148 3318 3319
f 3149 3319 3153
f 3150 3320 3321
f 3150 3321 3151
f 3150 3155 3327
f 3150 3327 3320
f 3151 3321 3152
f 3152 3321 3162
f 3152 3162 3156
f 3153 3322 3484
f 3153 3484 3323
f 3153 3323 3154
f 3153 3319 3318
f 3153 3318 3322
f 3154 3324 3325
f 3154 3323 3324
f 3155 3325 3486
f 3155 3486 3326
f 3155 3326 3327
f 3157 3168 3158
f 3158 3168 3328
f 3158 3328 3329
f 3158 3329 3310
f 3158 3310 3159
f 3160 3162 3330
f 3160 3330 3161
f 3161 3330 3331
f 3161 3331 3332
f 3161 3332 3333
f 3161 3333 3163
f 3162 3321 3330
f 3163 3333 3334
f 3163 3334 3335
f 3163 3335 3164
f 3164 3335 3165
f 3165 3335 3336
f 3165 3336 3337
f 3165 3337 3166
f 3166 3337 3338
f 3166 3338 3167
f 3167 3338 3168
f 3168 3338 3339
f 3168 3339 3340
f 3168 3340 3328
f 3169 3176 3175
f 3169 3175 3341
f 3170 3342 3171
f 3170 3341 3505
f 3170 3505 3342
f 3171 3343 3344
f 3171 3344 3199
f 3171 3342 3506
f 3171 3506 3343
f 3174 3180 3345
f 3174 3345 3175
f 3175 3345 3505
f 3175 3505 3341
f 3177 3346 3347
f 3177 3347 3178
f 3178 3347 3348
f 3178 3348 3349
f 3178 3349 3180
f 3178 3180 3179
f 3180 3349 3345
f 3181 3197 3350
f 3181 3350 3351
f 3181 3351 3183
f 3181 3183 3182
f 3183 3351 3352
f 3183 3352 3353
f 3183 3353 3200
f 3183 3200 3184
f 3185 3354 3187
f 3185 3187 3186
f 3185 3198 3355
f 3185 3355 3354
f 3187 3354 3356
f 3187 3356 3194
f 3188 3189 3357
f 3188 3357 3195
f 3189 3190 3358
f 3189 3358 3357
f 3190 3359 3358
f 3190 3191 3360
f 3190 3360 3361
f 3190 3361 3359
f 3191 3193 3362
f 3191 3362 3360
f 3192 3194 3363
f 3192 3363 3364
f 3192 3364 3362
f 3192 3362 3193
f 3194 3356 3365
f 3194 3365 3363
f 3195 3357 3366
f 3195 3366 3196
f 3196 3366 3367
f 3196 3367 3197
f 3197 3367 3350
f 3198 3199 3344
f 3198 3344 3355
f 3200 3353 3368
f 3200 3368 3369
f 3200 3369 3370
f 3200 3370 3201
f 3201 3370 3202
f 3202 3370 3203
f 3203 3370 3371
f 3203 3371 3372
f 3203 3372 3204
f 3204 3372 3205
f 3205 3372 3373
f 3205 3373 3374
f 3205 3374 3375
f 3205 3375 3206
f 3206 3375 3207
f 3207 3376 3208
f 3207 3375 3376
f 3208 3376 3377
f 3208 3377 3209
f 3209 3377 3210
f 3210 3377 3211
f 3211 3377 3378
f 3211 3378 3379
f 3211 3379 3380
f 3211 3380 3381
f 3211 3381 3212
f 3212 3381 3213
f 3213 3381 3382
f 3213 3382 3383
f 3213 3383 3214
f 3214 3383 3384
f 3214 3384 3215
f 3215 3384 3385
f 3215 3385 3216
f 3216 3385 3217
f 3217 3385 3386
f 3217 3386 3276
f 3219 3274 3387
f 3219 3387 3220
f 3220 3387 3225
f 3220 3225 3221
f 3222 3388 3389
f 3222 3389 3543
f 3222 3543 3390
f 3222 3390 3234
f 3222 3234 3223
f 3222 3225 3391
f 3222 3391 3388
f 3225 3387 3438
f 3225 3438 3391
f 3226 3392 3397
f 3226 3397 3231
f 3226 3393 3546
f 3226 3546 3392
f 3227 3228 3394
f 3227 3394 3393
f 3228 3229 3395
f 3228 3395 3394
f 3230 3396 3548
f 3230 3548 3395
f 3230 3239 3404
f 3230 3404 3396
f 3232 3397 3398
f 3232 3398 3256
f 3233 3235 3400
f 3233 3400 3399
f 3234 3390 3400
f 3234 3400 3235
f 3236 3399 3401
f 3236 3401 3402
f 3236 3402 3238
f 3236 3238 3237
f 3238 3402 3403
f 3238 3403 3404
f 3238 3404 3239
f 3240 3255 3405
f 3240 3405 3406
f 3240 3406 3241
f 3241 3407 3242
f 3241 3406 3407
f 3242 3407 3244
f 3243 3244 3408
f 3243 3408 3245
f 3244 3407 3408
f 3245 3409 3246
f 3245 3408 3409
f 3246 3410 3247
f 3246 3409 3410
f 3247 3410 3248
f 3248 3410 3411
f 3248 3411 3412
f 3248 3412 3249
f 3249 3412 3315
f 3249 3315 3413
f 3249 3413 3263
f 3249 3263 3251
f 3252 3254 3414
f 3252 3414 3415
f 3252 3415 3255
f 3253 3262 3416
f 3253 3416 3417
f 3253 3417 3254
f 3254 3417 3414
f 3255 3415 3405
f 3256 3398 3257
f 3257 3398 3418
f 3257 3418 3258
f 3258 3418 3419
f 3258 3419 3420
f 3258 3420 3260
f 3259 3421 3422
f 3259 3422 3262
f 3259 3261 3423
f 3259 3423 3421
f 3260 3420 3424
f 3260 3424 3425
f 3260 3425 3261
f 3261 3425 3576
f 3261 3576 3423
f 3262 3422 3416
f 3263 3413 3315
f 3264 3286 3426
f 3264 3426 3265
f 3265 3427 3428
f 3265 3428 3266
f 3265 3426 3427
f 3266 3428 3429
f 3266 3429 3267
f 3267 3429 3430
f 3267 3430 3268
f 3268 3430 3431
f 3268 3431 3432
f 3268 3432 3433
f 3268 3433 3269
f 3269 3433 3270
f 3270 3433 3434
f 3270 3434 3271
f 3271 3435 3272
f 3271 3434 3435
f 3272 3435 3273
f 3273 3436 3437
f 3273 3437 3438
f 3273 3438 3387
f 3273 3387 3274
f 3273 3435 3436
f 3275 3277 3439
f 3275 3439 3440
f 3275 3440 3279
f 3276 3386 3441
f 3276 3441 3277
f 3277 3441 3442
f 3277 3442 3439
f 3278 3280 3443
f 3278 3443 3288
f 3279 3440 3444
f 3279 3444 3280
f 3280 3444 3443
f 3281 3445 3282
f 3281 3287 3446
f 3281 3446 3445
f 3282 3447 3283
f 3282 3445 3447
f 3283 3447 3448
f 3283 3448 3449
f 3283 3449 3284
f 3284 3450 3451
f 3284 3451 3285
f 3284 3449 3450
f 3285 3451 3426
f 3285 3426 3286
f 3287 3452 3446
f 3287 3290 3452
f 3288 3443 3289
f 3289 3443 3453
f 3289 3453 3454
f 3289 3454 3452
f 3289 3452 3290
f 3291 3309 3455
f 3291 3455 3292
f 3292 3455 3456
f 3292 3456 3293
f 3293 3456 3294
f 3294 3457 3458
f 3294 3458 3459
f 3294 3459 3295
f 3294 3456 3457
f 3295 3459 3460
f 3295 3460 3296
f 3296 3460 3613
f 3296 3613 3461
f 3296 3461 3462
f 3296 3462 3297
f 3297 3462 3346
f 3297 3346 3298
f 3299 3463 3300
f 3299 3301 3463
f 3300 3463 3464
f 3300 3464 3465
f 3300 3465 3303
f 3301 3302 3466
f 3301 3466 3467
f 3301 3467 3468
f 3301 3468 3463
f 3302 3311 3466
f 3303 3465 3304
f 3304 3465 3469
f 3304 3469 3305
f 3305 3469 3470
f 3305 3470 3306
f 3306 3470 3471
f 3306 3471 3307
f 3307 3471 3472
f 3307 3472 3473
f 3308 3473 3631
f 3308 3631 3474
f 3308 3474 3309
f 3309 3474 3455
f 3310 3329 3466
f 3310 3466 3311
f 3312 3475 3313
f 3312 3476 3477
f 3312 3477 3478
f 3312 3478 3475
f 3313 3475 3322
f 3313 3322 3318
f 3313 3318 3314
f 3315 3412 3479
f 3315 3479 3316
f 3316 3479 3480
f 3316 3480 3481
f 3316 3481 3317
f 3317 3481 3482
f 3317 3482 3476
f 3320 3327 3483
f 3320 3483 3321
f 3321 3483 3330
f 3322 3475 3484
f 3323 3484 3485
f 3323 3485 3324
f 3324 3485 3638
f 3324 3638 3486
f 3324 3486 3325
f 3326 3486 3487
f 3326 3487 3327
f 3327 3487 3488
f 3327 3488 3489
f 3327 3489 3483
f 3328 3340 3490
f 3328 3490 3329
f 3329 3490 3491
f 3329 3491 3466
f 3330 3483 3492
f 3330 3492 3332
f 3330 3332 3331
f 3332 3492 3493
f 3332 3493 3333
f 3333 3493 3494
f 3333 3494 3495
f 3333 3495 3334
f 3334 3495 3496
f 3334 3496 3497
f 3334 3497 3335
f 3335 3497 3498
f 3335 3498 3336
f 3336 3498 3499
f 3336 3499 3337
f 3337 3499 3500
f 3337 3500 3338
f 3338 3500 3501
f 3338 3501 3502
f 3338 3502 3339
f 3339 3502 3503
f 3339 3503 3340
f 3340 3503 3504
f 3340 3504 3490
f 3342 3505 3665
f 3342 3665 3506
f 3343 3507 3508
f 3343 3508 3344
f 3343 3506 3509
f 3343 3509 3507
f 3344 3508 3355
f 3345 3510 3665
f 3345 3665 3505
f 3345 3349 3348
f 3345 3348 3510
f 3346 3462 3511
f 3346 3511 3347
f 3347 3511 3512
f 3347 3512 3348
f 3348 3512 3510
f 3350 3367 3513
f 3350 3513 3514
f 3350 3514 3351
f 3351 3514 3352
f 3352 3514 3515
f 3352 3515 3353
f 3353 3515 3368
f 3354 3355 3516
f 3354 3516 3356
f 3355 3508 3516
f 3356 3516 3517
f 3356 3517 3365
f 3357 3358 3518
f 3357 3518 3366
f 3358 3519 3518
f 3358 3359 3519
f 3359 3361 3520
f 3359 3520 3521
f 3359 3521 3519
f 3360 3362 3522
f 3360 3522 3361
f 3361 3522 3523
f 3361 3523 3520
f 3362 3364 3522
f 3363 3365 3524
f 3363 3524 3525
f 3363 3525 3364
f 3364 3525 3526
f 3364 3526 3522
f 3365 3517 3527
f 3365 3527 3524
f 3366 3518 3528
f 3366 3528 3367
f 3367 3528 3513
f 3368 3515 3529
f 3368 3529 3530
f 3368 3530 3369
f 3369 3530 3531
f 3369 3531 3370
f 3370 3531 3371
f 3371 3531 3532
f 3371 3532 3533
f 3371 3533 3534
f 3371 3534 3372
f 3372 3534 3373
f 3373 3534 3374
f 3374 3535 3533
f 3374 3533 3536
f 3374 3536 3375
f 3374 3534 3535
f 3375 3536 3537
f 3375 3537 3538
f 3375 3538 3539
f 3375 3539 3384
f 3375 3384 3383
f 3375 3383 3382
f 3375 3382 3381
f 3375 3381 3380
f 3375 3380 3379
f 3375 3379 3378
f 3375 3378 3377
f 3375 3377 3376
f 3384 3539 3540
f 3384 3540 3385
f 3385 3540 3541
f 3385 3541 3386
f 3386 3541 3441
f 3388 3542 3389
f 3388 3391 3542
f 3389 3542 3711
f 3389 3711 3543
f 3390 3543 3400
f 3391 3438 3437
f 3391 3437 3544
f 3391 3544 3542
f 3392 3545 3398
f 3392 3398 3397
f 3392 3546 3570
f 3392 3570 3545
f 3393 3394 3546
f 3394 3395 3548
f 3394 3548 3547
f 3394 3547 3546
f 3396 3549 3713
f 3396 3713 3548
f 3396 3404 3554
f 3396 3554 3549
f 3398 3545 3418
f 3399 3400 3401
f 3400 3543 3401
f 3401 3543 3550
f 3401 3550 3551
f 3401 3551 3403
f 3401 3403 3402
f 3403 3552 3553
f 3403 3553 3554
f 3403 3554 3404
f 3403 3551 3552
f 3405 3415 3555
f 3405 3555 3556
f 3405 3556 3557
f 3405 3557 3406
f 3406 3557 3558
f 3406 3558 3407
f 3407 3558 3559
f 3407 3559 3408
f 3408 3559 3560
f 3408 3560 3561
f 3408 3561 3409
f 3409 3561 3562
f 3409 3562 3563
f 3409 3563 3410
f 3410 3564 3565
f 3410 3565 3411
f 3410 3563 3564
f 3411 3565 3566
f 3411 3566 3479
f 3411 3479 3412
f 3414 3555 3415
f 3414 3417 3567
f 3414 3567 3555
f 3416 3568 3417
f 3416 3422 3569
f 3416 3569 3568
f 3417 3568 3567
f 3418 3545 3419
f 3419 3545 3570
f 3419 3570 3571
f 3419 3571 3572
f 3419 3572 3420
f 3420 3572 3424
f 3421 3573 3422
f 3421 3423 3574
f 3421 3574 3573
f 3422 3573 3569
f 3423 3575 3574
f 3423 3576 3575
f 3424 3572 3577
f 3424 3577 3578
f 3424 3578 3425
f 3425 3578 3742
f 3425 3742 3576
f 3426 3451 3427
f 3427 3451 3579
f 3427 3579 3580
f 3427 3580 3428
f 3428 3580 3581
f 3428 3581 3429
f 3429 3581 3582
f 3429 3582 3430
f 3430 3582 3583
f 3430 3583 3431
f 3431 3583 3584
f 3431 3584 3585
f 3431 3585 3586
f 3431 3586 3432
f 3432 3586 3587
f 3432 3587 3433
f 3433 3587 3434
f 3434 3587 3435
f 3435 3587 3588
f 3435 3588 3436
f 3436 3589 3590
f 3436 3590 3437
f 3436 3588 3589
f 3437 3590 3712
f 3437 3712 3544
f 3439 3442 3591
f 3439 3591 3440
f 3440 3591 3592
f 3440 3592 3444
f 3441 3541 3442
f 3442 3541 3593
f 3442 3593 3591
f 3443 3444 3594
f 3443 3594 3595
f 3443 3595 3596
f 3443 3596 3597
f 3443 3597 3453
f 3444 3592 3598
f 3444 3598 3594
f 3445 3446 3599
f 3445 3599 3600
f 3445 3600 3447
f 3446 3452 3599
f 3447 3601 3602
f 3447 3602 3448
f 3447 3600 3601
f 3448 3602 3449
f 3449 3602 3603
f 3449 3603 3604
f 3449 3604 3450
f 3450 3604 3605
f 3450 3605 3579
f 3450 3579 3451
f 3452 3606 3607
f 3452 3607 3599
f 3452 3454 3606
f 3453 3597 3454
f 3454 3597 3606
f 3455 3474 3608
f 3455 3608 3456
f 3456 3609 3457
f 3456 3608 3609
f 3457 3610 3458
f 3457 3609 3610
f 3458 3610 3459
f 3459 3611 3775
f 3459 3775 3612
f 3459 3612 3613
f 3459 3613 3460
f 3459 3610 3611
f 3461 3613 3614
f 3461 3614 3615
f 3461 3615 3616
f 3461 3616 3617
f 3461 3617 3618
f 3461 3618 3619
f 3461 3619 3462
f 3462 3619 3671
f 3462 3671 3511
f 3463 3468 3620
f 3463 3620 3621
f 3463 3621 3622
f 3463 3622 3623
f 3463 3623 3464
f 3464 3623 3624
f 3464 3624 3465
f 3465 3624 3469
f 3466 3491 3467
f 3467 3625 3468
f 3467 3491 3625
f 3468 3625 3620
f 3469 3626 3470
f 3469 3624 3626
f 3470 3627 3471
f 3470 3626 3627
f 3471 3628 3472
f 3471 3627 3628
f 3472 3628 3629
f 3472 3629 3630
f 3472 3630 3473
f 3473 3630 3631
f 3474 3631 3772
f 3474 3772 3608
f 3475 3478 3632
f 3475 3632 3484
f 3476 3482 3477
f 3477 3482 3478
f 3478 3482 3633
f 3478 3633 3632
f 3479 3566 3480
f 3480 3634 3481
f 3480 3566 3635
f 3480 3635 3634
f 3481 3634 3636
f 3481 3636 3482
f 3482 3636 3637
f 3482 3637 3633
f 3483 3489 3645
f 3483 3645 3492
f 3484 3632 3633
f 3484 3633 3485
f 3485 3633 3638
f 3486 3638 3797
f 3486 3797 3639
f 3486 3639 3640
f 3486 3640 3641
f 3486 3641 3642
f 3486 3642 3487
f 3487 3642 3643
f 3487 3643 3644
f 3487 3644 3488
f 3488 3644 3645
f 3488 3645 3489
f 3490 3504 3491
f 3491 3504 3646
f 3491 3646 3625
f 3492 3645 3647
f 3492 3647 3493
f 3493 3647 3494
f 3494 3647 3648
f 3494 3648 3649
f 3494 3649 3650
f 3494 3650 3651
f 3494 3651 3496
f 3494 3496 3495
f 3496 3651 3652
f 3496 3652 3653
f 3496 3653 3497
f 3497 3653 3654
f 3497 3654 3498
f 3498 3654 3655
f 3498 3655 3499
f 3499 3655 3656
f 3499 3656 3500
f 3500 3656 3501
f 3501 3657 3658
f 3501 3658 3502
f 3501 3656 3659
f 3501 3659 3660
f 3501 3660 3657
f 3502 3658 3503
f 3503 3658 3661
f 3503 3661 3504
f 3504 3661 3662
f 3504 3662 3663
f 3504 3663 3664
f 3504 3664 3646
f 3506 3665 3666
f 3506 3666 3509
f 3507 3667 3668
f 3507 3668 3508
f 3507 3509 3667
f 3508 3668 3516
f 3509 3669 3667
f 3509 3666 3669
f 3510 3670 3665
f 3510 3512 3670
f 3511 3671 3672
f 3511 3672 3512
f 3512 3672 3670
f 3513 3528 3673
f 3513 3673 3514
f 3514 3673 3674
f 3514 3674 3675
f 3514 3675 3676
f 3514 3676 3515
f 3515 3676 3675
f 3515 3675 3677
f 3515 3677 3678
f 3515 3678 3529
f 3516 3668 3517
f 3517 3668 3679
f 3517 3679 3680
f 3517 3680 3527
f 3518 3519 3528
f 3519 3521 3681
f 3519 3681 3682
f 3519 3682 3683
f 3519 3683 3528
f 3520 3684 3681
f 3520 3681 3521
f 3520 3523 3685
f 3520 3685 3684
f 3522 3526 3523
f 3523 3526 3686
f 3523 3686 3685
f 3524 3687 3688
f 3524 3688 3525
f 3524 3527 3689
f 3524 3689 3687
f 3525 3688 3686
f 3525 3686 3526
f 3527 3680 3690
f 3527 3690 3689
f 3528 3683 3673
f 3529 3678 3691
f 3529 3691 3530
f 3530 3691 3692
f 3530 3692 3531
f 3531 3692 3532
f 3532 3692 3693
f 3532 3693 3533
f 3533 3693 3536
f 3533 3535 3534
f 3536 3694 3695
f 3536 3695 3537
f 3536 3693 3696
f 3536 3696 3697
f 3536 3697 3698
f 3536 3698 3699
f 3536 3699 3700
f 3536 3700 3694
f 3537 3695 3701
f 3537 3701 3702
f 3537 3702 3703
f 3537 3703 3538
f 3538 3703 3704
f 3538 3704 3705
f 3538 3705 3541
f 3538 3541 3540
f 3538 3540 3539
f 3541 3705 3706
f 3541 3706 3707
f 3541 3707 3708
f 3541 3708 3593
f 3542 3544 3712
f 3542 3712 3709
f 3542 3709 3710
f 3542 3710 3890
f 3542 3890 3711
f 3543 3711 3550
f 3546 3547 3570
f 3547 3548 3570
f 3548 3713 3570
f 3549 3714 3736
f 3549 3736 3713
f 3549 3554 3717
f 3549 3717 3714
f 3550 3715 3716
f 3550 3716 3552
f 3550 3552 3551
f 3550 3711 3890
f 3550 3890 3715
f 3552 3717 3553
f 3552 3716 3717
f 3553 3717 3554
f 3555 3567 3718
f 3555 3718 3719
f 3555 3719 3556
f 3556 3719 3720
f 3556 3720 3557
f 3557 3720 3721
f 3557 3721 3558
f 3558 3722 3559
f 3558 3721 3722
f 3559 3722 3560
f 3560 3722 3723
f 3560 3723 3724
f 3560 3724 3725
f 3560 3725 3562
f 3560 3562 3561
f 3562 3725 3726
f 3562 3726 3727
f 3562 3727 3728
f 3562 3728 3563
f 3563 3728 3564
f 3564 3728 3729
f 3564 3729 3730
f 3564 3730 3731
f 3564 3731 3732
f 3564 3732 3565
f 3565 3732 3566
f 3566 3732 3635
f 3567 3568 3733
f 3567 3733 3718
f 3568 3734 3733
f 3568 3569 3734
f 3569 3573 3735
f 3569 3735 3734
f 3570 3713 3736
f 3570 3736 3571
f 3571 3736 3737
f 3571 3737 3572
f 3572 3737 3577
f 3573 3574 3738
f 3573 3738 3735
f 3574 3575 3739
f 3574 3739 3738
f 3575 3576 3740
f 3575 3740 3741
f 3575 3741 3739
f 3576 3742 3743
f 3576 3743 3740
f 3577 3737 3744
f 3577 3744 3578
f 3578 3744 3745
f 3578 3745 3742
f 3579 3605 3580
f 3580 3746 3581
f 3580 3605 3746
f 3581 3747 3748
f 3581 3748 3582
f 3581 3746 3747
f 3582 3748 3749
f 3582 3749 3583
f 3583 3749 3750
f 3583 3750 3584
f 3584 3750 3751
f 3584 3751 3752
f 3584 3752 3585
f 3585 3752 3753
f 3585 3753 3754
f 3585 3754 3586
f 3586 3754 3588
f 3586 3588 3587
f 3588 3754 3589
f 3589 3754 3755
f 3589 3755 3590
f 3590 3755 3756
f 3590 3756 3757
f 3590 3757 3712
f 3591 3593 3708
f 3591 3708 3592
f 3592 3708 3707
f 3592 3707 3598
f 3594 3598 3595
f 3595 3597 3596
f 3595 3598 3758
f 3595 3758 3759
f 3595 3759 3760
f 3595 3760 3761
f 3595 3761 3762
f 3595 3762 3597
f 3597 3762 3761
f 3597 3761 3763
f 3597 3763 3607
f 3597 3607 3606
f 3598 3707 3758
f 3599 3607 3600
f 3600 3607 3601
f 3601 3764 3602
f 3601 3607 3765
f 3601 3765 3764
f 3602 3764 3766
f 3602 3766 3603
f 3603 3766 3767
f 3603 3767 3768
f 3603 3768 3604
f 3604 3768 3769
f 3604 3769 3605
f 3605 3769 3746
f 3607 3763 3761
f 3607 3761 3770
f 3607 3770 3771
f 3607 3771 3765
f 3608 3772 3773
f 3608 3773 3609
f 3609 3773 3610
f 3610 3773 3774
f 3610 3774 3611
f 3611 3774 3951
f 3611 3951 3775
f 3612 3614 3613
f 3612 3775 3776
f 3612 3776 3617
f 3612 3617 3616
f 3612 3616 3615
f 3612 3615 3614
f 3617 3776 3618
f 3618 3777 3778
f 3618 3778 3619
f 3618 3776 3779
f 3618 3779 3777
f 3619 3778 3780
f 3619 3780 3671
f 3620 3625 3664
f 3620 3664 3621
f 3621 3781 3782
f 3621 3782 3623
f 3621 3623 3622
f 3621 3664 3783
f 3621 3783 3781
f 3623 3784 3785
f 3623 3785 3624
f 3623 3782 3786
f 3623 3786 3784
f 3624 3785 3626
f 3625 3646 3664
f 3626 3785 3787
f 3626 3787 3788
f 3626 3788 3627
f 3627 3788 3628
f 3628 3788 3789
f 3628 3789 3790
f 3628 3790 3629
f 3629 3790 3791
f 3629 3791 3630
f 3630 3791 3792
f 3630 3792 3631
f 3631 3792 3772
f 3633 3637 3638
f 3634 3635 3793
f 3634 3793 3794
f 3634 3794 3795
f 3634 3795 3636
f 3635 3732 3793
f 3636 3795 3796
f 3636 3796 3637
f 3637 3796 3638
f 3638 3796 3797
f 3639 3797 3975
f 3639 3975 3798
f 3639 3798 3799
f 3639 3799 3640
f 3640 3799 3800
f 3640 3800 3641
f 3641 3800 3642
f 3642 3800 3643
f 3643 3800 3801
f 3643 3801 3802
f 3643 3802 3644
f 3644 3802 3803
f 3644 3803 3804
f 3644 3804 3805
f 3644 3805 3647
f 3644 3647 3645
f 3647 3805 3806
f 3647 3806 3807
f 3647 3807 3648
f 3648 3807 3808
f 3648 3808 3809
f 3648 3809 3649
f 3649 3809 3810
f 3649 3810 3652
f 3649 3652 3650
f 3650 3652 3651
f 3652 3811 3812
f 3652 3812 3813
f 3652 3813 3814
f 3652 3814 3653
f 3652 3810 3811
f 3653 3814 3815
f 3653 3815 3654
f 3654 3815 3816
f 3654 3816 3655
f 3655 3816 3817
f 3655 3817 3656
f 3656 3817 3659
f 3657 3660 3818
f 3657 3818 3819
f 3657 3819 3658
f 3658 3819 3661
f 3659 3820 3660
f 3659 3817 3820
f 3660 3820 3821
f 3660 3821 3822
f 3660 3822 3818
f 3661 3819 3662
f 3662 3823 3824
f 3662 3824 3783
f 3662 3783 3664
f 3662 3664 3663
f 3662 3819 3823
f 3665 3670 3666
f 3666 3670 3825
f 3666 3825 3826
f 3666 3826 3669
f 3667 3679 3668
f 3667 3669 3827
f 3667 3827 3679
f 3669 3826 3828
f 3669 3828 3827
f 3670 3829 3825
f 3670 3672 3830
f 3670 3830 3829
f 3671 3780 3831
f 3671 3831 3832
f 3671 3832 3672
f 3672 3832 3833
f 3672 3833 3834
f 3672 3834 3835
f 3672 3835 3836
f 3672 3836 3837
f 3672 3837 3830
f 3673 3683 3838
f 3673 3838 3839
f 3673 3839 3840
f 3673 3840 3675
f 3673 3675 3674
f 3675 3840 3839
f 3675 3839 3841
f 3675 3841 3842
f 3675 3842 3843
f 3675 3843 3678
f 3675 3678 3677
f 3678 3843 3842
f 3678 3842 3844
f 3678 3844 3845
f 3678 3845 3846
f 3678 3846 3691
f 3679 3827 3680
f 3680 3827 3847
f 3680 3847 3848
f 3680 3848 3690
f 3681 3684 3849
f 3681 3849 3850
f 3681 3850 3851
f 3681 3851 3838
f 3681 3838 3682
f 3682 3838 3683
f 3684 3685 3852
f 3684 3852 3849
f 3685 3686 3853
f 3685 3853 3854
f 3685 3854 3852
f 3686 3688 3855
f 3686 3855 3853
f 3687 3855 3688
f 3687 3689 3856
f 3687 3856 3855
f 3689 3857 3856
f 3689 3690 3857
f 3690 3858 3857
f 3690 3848 3859
f 3690 3859 3858
f 3691 3846 3860
f 3691 3860 3861
f 3691 3861 3692
f 3692 3861 3693
f 3693 3861 3697
f 3693 3697 3696
f 3694 3700 3695
f 3695 3862 3863
f 3695 3863 3864
f 3695 3864 3865
f 3695 3865 3866
f 3695 3866 3867
f 3695 3867 3868
f 3695 3868 3701
f 3695 3700 3869
f 3695 3869 3862
f 3697 3861 3860
f 3697 3860 3698
f 3698 3860 3870
f 3698 3870 3871
f 3698 3871 3700
f 3698 3700 3699
f 3700 3871 3872
f 3700 3872 3873
f 3700 3873 3874
f 3700 3874 3875
f 3700 3875 3869
f 3701 3868 3876
f 3701 3876 3702
f 3702 3876 3703
f 3703 3876 3877
f 3703 3877 3878
f 3703 3878 3704
f 3704 3879 3705
f 3704 3878 3880
f 3704 3880 3881
f 3704 3881 3882
f 3704 3882 3883
f 3704 3883 3884
f 3704 3884 3879
f 3705 3879 3885
f 3705 3885 3886
f 3705 3886 3759
f 3705 3759 3887
f 3705 3887 3706
f 3706 3887 3707
f 3707 3887 3759
f 3707 3759 3758
f 3709 3712 3757
f 3709 3757 3888
f 3709 3888 3889
f 3709 3889 3710
f 3710 3889 3890
f 3714 3717 3891
f 3714 3891 3892
f 3714 3892 3736
f 3715 3893 3894
f 3715 3894 3716
f 3715 3890 3889
f 3715 3889 3895
f 3715 3895 3893
f 3716 3894 3717
f 3717 3894 3896
f 3717 3896 3897
f 3717 3897 3891
f 3718 3898 3719
f 3718 3733 3899
f 3718 3899 3898
f 3719 3900 3720
f 3719 3898 3900
f 3720 3901 3723
f 3720 3723 3721
f 3720 3900 3901
f 3721 3723 3722
f 3723 3902 3903
f 3723 3903 3726
f 3723 3726 3724
f 3723 3901 3904
f 3723 3904 3902
f 3724 3726 3725
f 3726 3905 3906
f 3726 3906 3727
f 3726 3903 3907
f 3726 3907 3908
f 3726 3908 3905
f 3727 3906 3728
f 3728 3906 3729
f 3729 3906 3909
f 3729 3909 3730
f 3730 3910 3731
f 3730 3909 3911
f 3730 3911 3912
f 3730 3912 3910
f 3731 3913 3793
f 3731 3793 3732
f 3731 3910 3913
f 3733 3914 3899
f 3733 3734 3914
f 3734 3915 3914
f 3734 3735 3915
f 3735 3738 3916
f 3735 3916 3915
f 3736 3892 3737
f 3737 3892 3744
f 3738 3739 3917
f 3738 3917 3916
f 3739 3918 3917
f 3739 3741 3918
f 3740 3743 3741
f 3741 3919 3918
f 3741 3743 3920
f 3741 3920 3919
f 3742 3745 3921
f 3742 3921 3922
f 3742 3922 3743
f 3743 3922 3920
f 3744 3892 3923
f 3744 3923 3745
f 3745 3924 3921
f 3745 3923 3925
f 3745 3925 3924
f 3746 3769 3926
f 3746 3926 3747
f 3747 3927 3748
f 3747 3926 3927
f 3748 3927 3928
f 3748 3928 3749
f 3749 3928 3929
f 3749 3929 3750
f 3750 3930 3751
f 3750 3929 3930
f 3751 3931 3932
f 3751 3932 3752
f 3751 3930 3931
f 3752 3932 3933
f 3752 3933 3934
f 3752 3934 3753
f 3753 3934 3755
f 3753 3755 3754
f 3755 3934 3756
f 3756 3934 3935
f 3756 3935 3757
f 3757 3935 4048
f 3757 4048 3888
f 3759 3761 3760
f 3759 3886 3885
f 3759 3885 3884
f 3759 3884 3936
f 3759 3936 3937
f 3759 3937 3938
f 3759 3938 3761
f 3761 3938 3937
f 3761 3937 3939
f 3761 3939 3771
f 3761 3771 3770
f 3764 3940 3766
f 3764 3765 3771
f 3764 3771 3940
f 3766 3940 3767
f 3767 3941 3942
f 3767 3942 3943
f 3767 3943 3768
f 3767 3940 3941
f 3768 3943 3944
f 3768 3944 3769
f 3769 3944 3926
f 3771 3937 3945
f 3771 3945 3946
f 3771 3946 3940
f 3771 3939 3937
f 3772 3792 3947
f 3772 3947 3773
f 3773 3948 3774
f 3773 3947 3948
f 3774 3948 3949
f 3774 3949 3950
f 3774 3950 4099
f 3774 4099 3951
f 3775 3951 3952
f 3775 3952 3776
f 3776 3952 3779
f 3777 3953 3954
f 3777 3954 3955
f 3777 3955 3780
f 3777 3780 3778
f 3777 3779 3956
f 3777 3956 3952
f 3777 3952 3957
f 3777 3957 3958
f 3777 3958 3959
f 3777 3959 3953
f 3779 3952 3956
f 3780 3955 3960
f 3780 3960 4000
f 3780 4000 3831
f 3781 3783 3824
f 3781 3824 3961
f 3781 3961 3786
f 3781 3786 3782
f 3784 3786 3962
f 3784 3962 3963
f 3784 3963 3785
f 3785 3963 3787
f 3786 3961 3964
f 3786 3964 3965
f 3786 3965 3962
f 3787 3963 3966
f 3787 3966 3788
f 3788 3966 3967
f 3788 3967 3789
f 3789 3967 3968
f 3789 3968 3790
f 3790 3968 3969
f 3790 3969 3970
f 3790 3970 3791
f 3791 3970 3971
f 3791 3971 3947
f 3791 3947 3792
f 3793 3913 3794
f 3794 3913 3972
f 3794 3972 3795
f 3795 3972 3973
f 3795 3973 3974
f 3795 3974 3796
f 3796 3974 3975
f 3796 3975 3797
f 3798 3975 4125
f 3798 4125 3976
f 3798 3976 3799
f 3799 3976 3800
f 3800 3976 3801
f 3801 3977 3802
f 3801 3976 3977
f 3802 3977 3978
f 3802 3978 3803
f 3803 3978 3979
f 3803 3979 3804
f 3804 3979 3980
f 3804 3980 3806
f 3804 3806 3805
f 3806 3980 3808
f 3806 3808 3807
f 3808 3981 3982
f 3808 3982 3983
f 3808 3983 3984
f 3808 3984 3810
f 3808 3810 3809
f 3808 3980 3981
f 3810 3984 3985
f 3810 3985 3986
f 3810 3986 3812
f 3810 3812 3811
f 3812 3986 3987
f 3812 3987 3988
f 3812 3988 3813
f 3813 3988 3989
f 3813 3989 3814
f 3814 3989 3990
f 3814 3990 3991
f 3814 3991 3816
f 3814 3816 3815
f 3816 3992 3820
f 3816 3820 3817
f 3816 3991 3992
f 3818 3822 3993
f 3818 3993 3819
f 3819 3993 3823
f 3820 3992 3991
f 3820 3991 3990
f 3820 3990 3994
f 3820 3994 3821
f 3821 3995 3822
f 3821 3994 3995
f 3822 3995 3996
f 3822 3996 3993
f 3823 3993 3997
f 3823 3997 3824
f 3824 3997 3964
f 3824 3964 3961
f 3825 3998 3826
f 3825 3829 3999
f 3825 3999 3998
f 3826 3998 3828
f 3827 3828 3847
f 3828 3998 3847
f 3829 3837 3999
f 3829 3830 3837
f 3831 4000 3832
f 3832 4001 3833
f 3832 4000 4001
f 3833 4001 3834
f 3834 4001 4002
f 3834 4002 3835
f 3835 4002 3836
f 3836 4002 3837
f 3837 4003 4149
f 3837 4149 3999
f 3837 4002 4003
f 3838 3851 3839
f 3839 4004 3842
f 3839 3842 3841
f 3839 3851 4005
f 3839 4005 4006
f 3839 4006 4004
f 3842 4004 4006
f 3842 4006 4007
f 3842 4007 4008
f 3842 4008 4009
f 3842 4009 3844
f 3844 4009 3845
f 3845 3860 3846
f 3845 4009 4010
f 3845 4010 3870
f 3845 3870 3860
f 3847 3998 4011
f 3847 4011 4012
f 3847 4012 3848
f 3848 4012 4013
f 3848 4013 3859
f 3849 3852 4014
f 3849 4014 4015
f 3849 4015 4016
f 3849 4016 4017
f 3849 4017 4005
f 3849 4005 3850
f 3850 4005 3851
f 3852 3854 4014
f 3853 3855 3854
f 3854 3855 4018
f 3854 4018 4019
f 3854 4019 4014
f 3855 3856 4018
f 3856 3857 4020
f 3856 4020 4018
f 3857 3858 4021
f 3857 4021 4020
f 3858 4022 4021
f 3858 3859 4022
f 3859 4023 4022
f 3859 4013 4023
f 3862 3875 3863
f 3862 3869 3875
f 3863 3875 4024
f 3863 4024 4025
f 3863 4025 4026
f 3863 4026 3864
f 3864 4026 4027
f 3864 4027 4028
f 3864 4028 3865
f 3865 4028 3866
f 3866 4028 4029
f 3866 4029 4030
f 3866 4030 3867
f 3867 4030 4031
f 3867 4031 4032
f 3867 4032 3868
f 3868 4032 4033
f 3868 4033 3876
f 3870 4010 3871
f 3871 4010 3872
f 3872 4010 4034
f 3872 4034 3873
f 3873 4034 4035
f 3873 4035 4036
f 3873 4036 4024
f 3873 4024 3875
f 3873 3875 3874
f 3876 4033 3877
f 3877 4033 4179
f 3877 4179 4037
f 3877 4037 4183
f 3877 4183 4038
f 3877 4038 3878
f 3878 4038 4039
f 3878 4039 4040
f 3878 4040 4041
f 3878 4041 3880
f 3879 3884 3885
f 3880 4041 4042
f 3880 4042 3881
f 3881 4043 4044
f 3881 4044 3882
f 3881 4042 4043
f 3882 4045 3883
f 3882 4044 4045
f 3883 4045 3884
f 3884 4045 4046
f 3884 4046 4047
f 3884 4047 3936
f 3888 4048 4049
f 3888 4049 3889
f 3889 4049 4050
f 3889 4050 4051
f 3889 4051 4052
f 3889 4052 3895
f 3891 4053 4054
f 3891 4054 3923
f 3891 3923 3892
f 3891 3897 4053
f 3893 4052 3894
f 3893 3895 4052
f 3894 4052 3897
f 3894 3897 3896
f 3897 4055 4053
f 3897 4052 4055
f 3898 3899 4056
f 3898 4056 4057
f 3898 4057 3904
f 3898 3904 3900
f 3899 3914 4058
f 3899 4058 4056
f 3900 3904 3901
f 3902 3907 3903
f 3902 3904 3907
f 3904 4059 4060
f 3904 4060 4061
f 3904 4061 3907
f 3904 4057 4062
f 3904 4062 4059
f 3905 3908 4063
f 3905 4063 3906
f 3906 4063 4064
f 3906 4064 3909
f 3907 4065 4063
f 3907 4063 3908
f 3907 4061 4060
f 3907 4060 4066
f 3907 4066 4065
f 3909 4064 4067
f 3909 4067 3911
f 3910 3912 4068
f 3910 4068 4069
f 3910 4069 3913
f 3911 4067 4070
f 3911 4070 3912
f 3912 4070 4071
f 3912 4071 4068
f 3913 4069 3972
f 3914 3915 4072
f 3914 4072 4058
f 3915 3916 4073
f 3915 4073 4072
f 3916 3917 4074
f 3916 4074 4073
f 3917 3918 4075
f 3917 4075 4074
f 3918 3919 4075
f 3919 4076 4075
f 3919 3920 4077
f 3919 4077 4076
f 3920 3922 4078
f 3920 4078 4077
f 3921 3924 4079
f 3921 4079 3922
f 3922 4079 4078
f 3923 4054 3925
f 3924 3925 4080
f 3924 4080 4226
f 3924 4226 4079
f 3925 4054 4053
f 3925 4053 4081
f 3925 4081 4080
f 3926 4082 3927
f 3926 3944 4082
f 3927 4082 4083
f 3927 4083 3928
f 3928 4083 4084
f 3928 4084 3929
f 3929 4084 4085
f 3929 4085 3930
f 3930 4085 4086
f 3930 4086 3931
f 3931 4086 4087
f 3931 4087 3932
f 3932 4087 4088
f 3932 4088 4089
f 3932 4089 3933
f 3933 4089 3935
f 3933 3935 3934
f 3935 4089 4048
f 3936 4047 3937
f 3937 4047 4046
f 3937 4046 4090
f 3937 4090 3946
f 3937 3946 3945
f 3940 3946 4091
f 3940 4091 3941
f 3941 4091 3942
f 3942 4091 4092
f 3942 4092 4093
f 3942 4093 3943
f 3943 4093 4094
f 3943 4094 3944
f 3944 4094 4095
f 3944 4095 4082
f 3946 4090 4096
f 3946 4096 4091
f 3947 3971 4097
f 3947 4097 3948
f 3948 4097 3949
f 3949 4098 3950
f 3949 4097 4098
f 3950 4098 4242
f 3950 4242 4099
f 3951 4099 4100
f 3951 4100 4101
f 3951 4101 3957
f 3951 3957 3952
f 3953 3959 4102
f 3953 4102 4104
f 3953 4104 3954
f 3954 4103 4000
f 3954 4000 3960
f 3954 3960 3955
f 3954 4104 4105
f 3954 4105 4106
f 3954 4106 4103
f 3957 4101 3958
f 3958 4101 3959
f 3959 4101 4107
f 3959 4107 4102
f 3962 4108 4109
f 3962 4109 3963
f 3962 3965 4108
f 3963 4109 3966
f 3964 4110 4111
f 3964 4111 3965
f 3964 3997 4112
f 3964 4112 4110
f 3965 4111 4108
f 3966 4109 4113
f 3966 4113 3967
f 3967 4114 4115
f 3967 4115 3968
f 3967 4113 4114
f 3968 4116 4117
f 3968 4117 3969
f 3968 4115 4116
f 3969 4117 4118
f 3969 4118 4119
f 3969 4119 3970
f 3970 4119 4120
f 3970 4120 4121
f 3970 4121 3971
f 3971 4121 4122
f 3971 4122 4097
f 3972 4069 4123
f 3972 4123 3973
f 3973 4123 3974
f 3974 4123 4124
f 3974 4124 4125
f 3974 4125 3975
f 3976 4125 3977
f 3977 4125 4124
f 3977 4124 4126
f 3977 4126 4127
f 3977 4127 4128
f 3977 4128 4129
f 3977 4129 3978
f 3978 4129 3979
f 3979 4129 4130
f 3979 4130 3980
f 3980 4130 3981
f 3981 4130 3982
f 3982 4130 4131
f 3982 4131 4132
f 3982 4132 4133
f 3982 4133 3983
f 3983 4133 4134
f 3983 4134 3985
f 3983 3985 3984
f 3985 4134 4135
f 3985 4135 3986
f 3986 4135 3987
f 3987 4135 4136
f 3987 4136 3989
f 3987 3989 3988
f 3989 4136 4137
f 3989 4137 4138
f 3989 4138 4139
f 3989 4139 3990
f 3990 4139 4140
f 3990 4140 3994
f 3993 3996 4112
f 3993 4112 3997
f 3994 4140 4141
f 3994 4141 4142
f 3994 4142 4143
f 3994 4143 4144
f 3994 4144 4145
f 3994 4145 4146
f 3994 4146 3995
f 3995 4146 4145
f 3995 4145 4147
f 3995 4147 3996
f 3996 4147 4112
f 3998 4148 4011
f 3998 3999 4149
f 3998 4149 4148
f 4000 4103 4001
f 4001 4103 4150
f 4001 4150 4002
f 4002 4150 4151
f 4002 4151 4003
f 4003 4151 4152
f 4003 4152 4149
f 4005 4017 4016
f 4005 4016 4006
f 4006 4016 4153
f 4006 4153 4007
f 4007 4153 4154
f 4007 4154 4008
f 4008 4010 4009
f 4008 4154 4034
f 4008 4034 4010
f 4011 4148 4012
f 4012 4148 4155
f 4012 4155 4281
f 4012 4281 4156
f 4012 4156 4013
f 4013 4156 4157
f 4013 4157 4023
f 4014 4019 4158
f 4014 4158 4015
f 4015 4159 4016
f 4015 4158 4159
f 4016 4154 4153
f 4016 4159 4160
f 4016 4160 4161
f 4016 4161 4154
f 4018 4162 4019
f 4018 4020 4162
f 4019 4162 4163
f 4019 4163 4158
f 4020 4021 4164
f 4020 4164 4162
f 4021 4022 4165
f 4021 4165 4164
f 4022 4023 4166
f 4022 4166 4165
f 4023 4157 4167
f 4023 4167 4166
f 4024 4036 4168
f 4024 4168 4025
f 4025 4169 4026
f 4025 4168 4169
f 4026 4169 4170
f 4026 4170 4027
f 4027 4170 4171
f 4027 4171 4172
f 4027 4172 4029
f 4027 4029 4028
f 4029 4172 4173
f 4029 4173 4030
f 4030 4173 4031
f 4031 4173 4174
f 4031 4174 4175
f 4031 4175 4032
f 4032 4176 4179
f 4032 4179 4033
f 4032 4175 4177
f 4032 4177 4178
f 4032 4178 4176
f 4034 4154 4035
f 4035 4154 4036
f 4036 4154 4180
f 4036 4180 4168
f 4037 4181 4182
f 4037 4182 4183
f 4037 4179 4184
f 4037 4184 4185
f 4037 4185 4186
f 4037 4186 4181
f 4038 4183 4187
f 4038 4187 4188
f 4038 4188 4189
f 4038 4189 4039
f 4039 4189 4190
f 4039 4190 4191
f 4039 4191 4040
f 4040 4191 4041
f 4041 4192 4042
f 4041 4191 4192
f 4042 4192 4193
f 4042 4193 4194
f 4042 4194 4043
f 4043 4194 4195
f 4043 4195 4044
f 4044 4195 4196
f 4044 4196 4045
f 4045 4196 4096
f 4045 4096 4090
f 4045 4090 4046
f 4048 4197 4049
f 4048 4089 4197
f 4049 4197 4198
f 4049 4198 4050
f 4050 4198 4199
f 4050 4199 4051
f 4051 4199 4052
f 4052 4199 4200
f 4052 4200 4055
f 4053 4055 4200
f 4053 4200 4081
f 4056 4058 4201
f 4056 4201 4057
f 4057 4201 4062
f 4058 4072 4202
f 4058 4202 4201
f 4059 4062 4203
f 4059 4203 4060
f 4060 4203 4204
f 4060 4204 4205
f 4060 4205 4066
f 4062 4201 4206
f 4062 4206 4203
f 4063 4207 4064
f 4063 4065 4208
f 4063 4208 4209
f 4063 4209 4207
f 4064 4207 4067
f 4065 4066 4208
f 4066 4205 4208
f 4067 4207 4210
f 4067 4210 4070
f 4068 4071 4211
f 4068 4211 4212
f 4068 4212 4213
f 4068 4213 4069
f 4069 4213 4123
f 4070 4210 4214
f 4070 4214 4071
f 4071 4214 4215
f 4071 4215 4216
f 4071 4216 4211
f 4072 4217 4202
f 4072 4073 4217
f 4073 4218 4217
f 4073 4074 4218
f 4074 4219 4218
f 4074 4075 4219
f 4075 4220 4219
f 4075 4076 4220
f 4076 4221 4220
f 4076 4077 4222
f 4076 4222 4342
f 4076 4342 4221
f 4077 4223 4222
f 4077 4078 4225
f 4077 4225 4224
f 4077 4224 4223
f 4078 4079 4226
f 4078 4226 4225
f 4080 4081 4227
f 4080 4227 4226
f 4081 4228 4227
f 4081 4200 4228
f 4082 4095 4083
f 4083 4095 4229
f 4083 4229 4084
f 4084 4229 4230
f 4084 4230 4085
f 4085 4231 4086
f 4085 4230 4231
f 4086 4232 4233
f 4086 4233 4087
f 4086 4231 4232
f 4087 4233 4234
f 4087 4234 4235
f 4087 4235 4088
f 4088 4235 4236
f 4088 4236 4089
f 4089 4236 4237
f 4089 4237 4197
f 4091 4096 4196
f 4091 4196 4195
f 4091 4195 4092
f 4092 4195 4238
f 4092 4238 4093
f 4093 4238 4239
f 4093 4239 4094
f 4094 4239 4095
f 4095 4239 4240
f 4095 4240 4229
f 4097 4122 4098
f 4098 4122 4241
f 4098 4241 4361
f 4098 4361 4242
f 4099 4242 4100
f 4100 4242 4243
f 4100 4243 4244
f 4100 4244 4105
f 4100 4105 4104
f 4100 4104 4102
f 4100 4102 4107
f 4100 4107 4101
f 4103 4106 4245
f 4103 4245 4279
f 4103 4279 4150
f 4105 4244 4246
f 4105 4246 4106
f 4106 4247 4245
f 4106 4246 4248
f 4106 4248 4247
f 4108 4111 4249
f 4108 4249 4250
f 4108 4250 4109
f 4109 4250 4113
f 4110 4112 4147
f 4110 4147 4251
f 4110 4251 4252
f 4110 4252 4111
f 4111 4252 4249
f 4113 4250 4114
f 4114 4253 4116
f 4114 4116 4115
f 4114 4250 4254
f 4114 4254 4253
f 4116 4255 4256
f 4116 4256 4117
f 4116 4253 4255
f 4117 4256 4118
f 4118 4256 4257
f 4118 4257 4258
f 4118 4258 4119
f 4119 4258 4120
f 4120 4258 4376
f 4120 4376 4259
f 4120 4259 4122
f 4120 4122 4121
f 4122 4259 4260
f 4122 4260 4241
f 4123 4213 4126
f 4123 4126 4124
f 4126 4213 4127
f 4127 4213 4212
f 4127 4212 4261
f 4127 4261 4131
f 4127 4131 4128
f 4128 4131 4129
f 4129 4131 4130
f 4131 4261 4132
f 4132 4261 4262
f 4132 4262 4135
f 4132 4135 4133
f 4133 4135 4134
f 4135 4262 4263
f 4135 4263 4216
f 4135 4216 4215
f 4135 4215 4264
f 4135 4264 4265
f 4135 4265 4266
f 4135 4266 4267
f 4135 4267 4136
f 4136 4267 4137
f 4137 4267 4268
f 4137 4268 4269
f 4137 4269 4270
f 4137 4270 4271
f 4137 4271 4138
f 4138 4271 4139
f 4139 4271 4272
f 4139 4272 4140
f 4140 4272 4273
f 4140 4273 4141
f 4141 4273 4274
f 4141 4274 4275
f 4141 4275 4142
f 4142 4275 4276
f 4142 4276 4277
f 4142 4277 4143
f 4143 4278 4144
f 4143 4277 4278
f 4144 4278 4251
f 4144 4251 4145
f 4145 4251 4147
f 4148 4149 4155
f 4149 4152 4155
f 4150 4279 4280
f 4150 4280 4151
f 4151 4280 4281
f 4151 4281 4152
f 4152 4281 4155
f 4154 4161 4180
f 4156 4282 4157
f 4156 4281 4283
f 4156 4283 4282
f 4157 4282 4284
f 4157 4284 4167
f 4158 4163 4285
f 4158 4285 4159
f 4159 4285 4286
f 4159 4286 4160
f 4160 4286 4287
f 4160 4287 4180
f 4160 4180 4161
f 4162 4164 4288
f 4162 4288 4163
f 4163 4288 4289
f 4163 4289 4286
f 4163 4286 4285
f 4164 4165 4290
f 4164 4290 4291
f 4164 4291 4288
f 4165 4166 4290
f 4166 4292 4290
f 4166 4167 4292
f 4167 4284 4293
f 4167 4293 4292
f 4168 4180 4287
f 4168 4287 4294
f 4168 4294 4169
f 4169 4294 4295
f 4169 4295 4170
f 4170 4295 4296
f 4170 4296 4171
f 4171 4296 4297
f 4171 4297 4298
f 4171 4298 4172
f 4172 4298 4299
f 4172 4299 4173
f 4173 4299 4174
f 4174 4300 4301
f 4174 4301 4177
f 4174 4177 4175
f 4174 4299 4300
f 4176 4178 4302
f 4176 4302 4303
f 4176 4303 4304
f 4176 4304 4305
f 4176 4305 4179
f 4177 4301 4306
f 4177 4306 4302
f 4177 4302 4178
f 4179 4305 4184
f 4181 4186 4187
f 4181 4187 4182
f 4182 4187 4183
f 4184 4305 4185
f 4185 4305 4307
f 4185 4307 4308
f 4185 4308 4186
f 4186 4308 4309
f 4186 4309 4310
f 4186 4310 4414
f 4186 4414 4311
f 4186 4311 4187
f 4187 4312 4313
f 4187 4313 4314
f 4187 4314 4188
f 4187 4311 4315
f 4187 4315 4316
f 4187 4316 4317
f 4187 4317 4312
f 4188 4314 4318
f 4188 4318 4189
f 4189 4318 4190
f 4190 4318 4319
f 4190 4319 4320
f 4190 4320 4321
f 4190 4321 4191
f 4191 4321 4322
f 4191 4322 4192
f 4192 4322 4193
f 4193 4322 4323
f 4193 4323 4240
f 4193 4240 4324
f 4193 4324 4238
f 4193 4238 4194
f 4194 4238 4195
f 4197 4237 4325
f 4197 4325 4198
f 4198 4325 4326
f 4198 4326 4327
f 4198 4327 4328
f 4198 4328 4199
f 4199 4328 4329
f 4199 4329 4228
f 4199 4228 4200
f 4201 4202 4330
f 4201 4330 4206
f 4202 4331 4330
f 4202 4217 4331
f 4203 4206 4332
f 4203 4332 4333
f 4203 4333 4204
f 4204 4333 4334
f 4204 4334 4205
f 4205 4334 4208
f 4206 4330 4332
f 4207 4209 4335
f 4207 4335 4210
f 4208 4336 4209
f 4208 4334 4266
f 4208 4266 4336
f 4209 4336 4335
f 4210 4335 4264
f 4210 4264 4215
f 4210 4215 4214
f 4211 4337 4212
f 4211 4216 4337
f 4212 4337 4261
f 4216 4263 4337
f 4217 4218 4338
f 4217 4338 4331
f 4218 4219 4339
f 4218 4339 4338
f 4219 4220 4340
f 4219 4340 4339
f 4220 4221 4341
f 4220 4341 4340
f 4221 4342 4343
f 4221 4343 4341
f 4222 4223 4342
f 4223 4224 4344
f 4223 4344 4345
f 4223 4345 4346
f 4223 4346 4342
f 4224 4225 4344
f 4225 4226 4347
f 4225 4347 4344
f 4226 4227 4348
f 4226 4348 4347
f 4227 4349 4348
f 4227 4228 4329
f 4227 4329 4328
f 4227 4328 4327
f 4227 4327 4326
f 4227 4326 4349
f 4229 4240 4350
f 4229 4350 4230
f 4230 4350 4351
f 4230 4351 4231
f 4231 4352 4232
f 4231 4351 4352
f 4232 4353 4354
f 4232 4354 4355
f 4232 4355 4233
f 4232 4352 4353
f 4233 4355 4234
f 4234 4355 4356
f 4234 4356 4357
f 4234 4357 4358
f 4234 4358 4235
f 4235 4358 4236
f 4236 4358 4237
f 4237 4358 4359
f 4237 4359 4360
f 4237 4360 4429
f 4237 4429 4325
f 4238 4324 4239
f 4239 4324 4240
f 4240 4323 4350
f 4241 4260 4378
f 4241 4378 4361
f 4242 4361 4243
f 4243 4361 4362
f 4243 4362 4363
f 4243 4363 4247
f 4243 4247 4248
f 4243 4248 4246
f 4243 4246 4244
f 4245 4364 4365
f 4245 4365 4279
f 4245 4247 4366
f 4245 4366 4364
f 4247 4363 4367
f 4247 4367 4366
f 4249 4252 4368
f 4249 4368 4254
f 4249 4254 4250
f 4251 4278 4252
f 4252 4278 4368
f 4253 4254 4369
f 4253 4369 4370
f 4253 4370 4255
f 4254 4368 4369
f 4255 4370 4371
f 4255 4371 4372
f 4255 4372 4256
f 4256 4372 4257
f 4257 4372 4373
f 4257 4373 4374
f 4257 4374 4258
f 4258 4374 4375
f 4258 4375 4376
f 4259 4376 4377
f 4259 4377 4260
f 4260 4377 4378
f 4261 4337 4263
f 4261 4263 4262
f 4264 4335 4265
f 4265 4335 4336
f 4265 4336 4266
f 4266 4334 4268
f 4266 4268 4267
f 4268 4334 4379
f 4268 4379 4380
f 4268 4380 4381
f 4268 4381 4269
f 4269 4381 4315
f 4269 4315 4311
f 4269 4311 4270
f 4270 4311 4382
f 4270 4382 4383
f 4270 4383 4271
f 4271 4384 4272
f 4271 4383 4382
f 4271 4382 4414
f 4271 4414 4384
f 4272 4384 4469
f 4272 4469 4385
f 4272 4385 4273
f 4273 4385 4386
f 4273 4386 4274
f 4274 4386 4387
f 4274 4387 4275
f 4275 4388 4276
f 4275 4387 4388
f 4276 4369 4277
f 4276 4388 4370
f 4276 4370 4369
f 4277 4369 4368
f 4277 4368 4278
f 4279 4365 4389
f 4279 4389 4280
f 4280 4390 4283
f 4280 4283 4281
f 4280 4389 4390
f 4282 4283 4284
f 4283 4390 4391
f 4283 4391 4392
f 4283 4392 4284
f 4284 4392 4393
f 4284 4393 4293
f 4286 4289 4394
f 4286 4394 4294
f 4286 4294 4287
f 4288 4291 4395
f 4288 4395 4289
f 4289 4395 4394
f 4290 4396 4291
f 4290 4292 4397
f 4290 4397 4396
f 4291 4396 4395
f 4292 4293 4398
f 4292 4398 4397
f 4293 4393 4399
f 4293 4399 4398
f 4294 4394 4295
f 4295 4400 4296
f 4295 4394 4400
f 4296 4400 4401
f 4296 4401 4297
f 4297 4401 4402
f 4297 4402 4403
f 4297 4403 4404
f 4297 4404 4298
f 4298 4404 4299
f 4299 4404 4300
f 4300 4405 4406
f 4300 4406 4407
f 4300 4407 4306
f 4300 4306 4301
f 4300 4404 4405
f 4302 4306 4408
f 4302 4408 4409
f 4302 4409 4303
f 4303 4409 4304
f 4304 4409 4410
f 4304 4410 4305
f 4305 4411 4412
f 4305 4412 4413
f 4305 4413 4414
f 4305 4414 4310
f 4305 4310 4308
f 4305 4308 4307
f 4305 4410 4411
f 4306 4407 4406
f 4306 4406 4415
f 4306 4415 4408
f 4308 4310 4309
f 4311 4414 4382
f 4312 4317 4416
f 4312 4416 4417
f 4312 4417 4418
f 4312 4418 4419
f 4312 4419 4313
f 4313 4419 4314
f 4314 4419 4420
f 4314 4420 4318
f 4315 4421 4422
f 4315 4422 4316
f 4315 4381 4421
f 4316 4422 4317
f 4317 4422 4423
f 4317 4423 4424
f 4317 4424 4416
f 4318 4420 4425
f 4318 4425 4319
f 4319 4425 4445
f 4319 4445 4426
f 4319 4426 4320
f 4320 4426 4427
f 4320 4427 4321
f 4321 4428 4322
f 4321 4427 4428
f 4322 4428 4323
f 4323 4428 4350
f 4325 4429 4430
f 4325 4430 4326
f 4326 4430 4349
f 4330 4331 4431
f 4330 4431 4332
f 4331 4338 4432
f 4331 4432 4431
f 4332 4431 4334
f 4332 4334 4333
f 4334 4431 4379
f 4338 4339 4433
f 4338 4433 4432
f 4339 4434 4433
f 4339 4340 4435
f 4339 4435 4434
f 4340 4341 4435
f 4341 4436 4435
f 4341 4343 4436
f 4342 4437 4343
f 4342 4346 4437
f 4343 4438 4436
f 4343 4437 4491
f 4343 4491 4438
f 4344 4347 4439
f 4344 4439 4440
f 4344 4440 4441
f 4344 4441 4345
f 4345 4441 4443
f 4345 4443 4346
f 4346 4442 4437
f 4346 4443 4442
f 4347 4348 4439
f 4348 4349 4444
f 4348 4444 4439
f 4349 4430 4444
f 4350 4428 4351
f 4351 4428 4427
f 4351 4427 4352
f 4352 4427 4426
f 4352 4426 4353
f 4353 4426 4445
f 4353 4445 4354
f 4354 4445 4446
f 4354 4446 4447
f 4354 4447 4356
f 4354 4356 4355
f 4356 4447 4448
f 4356 4448 4357
f 4357 4448 4449
f 4357 4449 4358
f 4358 4449 4450
f 4358 4450 4359
f 4359 4450 4451
f 4359 4451 4452
f 4359 4452 4360
f 4360 4452 4429
f 4361 4378 4362
f 4362 4453 4454
f 4362 4454 4367
f 4362 4367 4363
f 4362 4378 4455
f 4362 4455 4456
f 4362 4456 4453
f 4364 4366 4454
f 4364 4454 4457
f 4364 4457 4365
f 4365 4458 4474
f 4365 4474 4389
f 4365 4457 4459
f 4365 4459 4458
f 4366 4367 4454
f 4370 4388 4387
f 4370 4387 4371
f 4371 4387 4460
f 4371 4460 4372
f 4372 4460 4373
f 4373 4460 4461
f 4373 4461 4462
f 4373 4462 4374
f 4374 4462 4375
f 4375 4462 4463
f 4375 4463 4464
f 4375 4464 4377
f 4375 4377 4376
f 4377 4464 4526
f 4377 4526 4465
f 4377 4465 4378
f 4378 4466 4455
f 4378 4465 4466
f 4379 4432 4433
f 4379 4433 4467
f 4379 4467 4380
f 4379 4431 4432
f 4380 4467 4381
f 4381 4467 4468
f 4381 4468 4421
f 4384 4414 4413
f 4384 4413 4469
f 4385 4469 4470
f 4385 4470 4471
f 4385 4471 4386
f 4386 4471 4472
f 4386 4472 4473
f 4386 4473 4387
f 4387 4473 4460
f 4389 4474 4391
f 4389 4391 4390
f 4391 4475 4476
f 4391 4476 4392
f 4391 4474 4475
f 4392 4476 4393
f 4393 4476 4477
f 4393 4477 4399
f 4394 4395 4400
f 4395 4396 4400
f 4396 4401 4400
f 4396 4397 4401
f 4397 4402 4401
f 4397 4398 4402
f 4398 4399 4478
f 4398 4478 4402
f 4399 4477 4479
f 4399 4479 4478
f 4402 4478 4403
f 4403 4478 4480
f 4403 4480 4404
f 4404 4480 4405
f 4405 4480 4481
f 4405 4481 4482
f 4405 4482 4406
f 4406 4482 4415
f 4408 4415 4483
f 4408 4483 4409
f 4409 4483 4538
f 4409 4538 4484
f 4409 4484 4410
f 4410 4484 4411
f 4411 4484 4412
f 4412 4485 4413
f 4412 4484 4486
f 4412 4486 4485
f 4413 4485 4487
f 4413 4487 4488
f 4413 4488 4470
f 4413 4470 4469
f 4415 4482 4489
f 4415 4489 4483
f 4416 4424 4490
f 4416 4490 4417
f 4417 4425 4418
f 4417 4490 4425
f 4418 4425 4420
f 4418 4420 4419
f 4421 4436 4438
f 4421 4438 4491
f 4421 4491 4492
f 4421 4492 4422
f 4421 4468 4436
f 4422 4492 4493
f 4422 4493 4494
f 4422 4494 4495
f 4422 4495 4496
f 4422 4496 4423
f 4423 4497 4490
f 4423 4490 4424
f 4423 4496 4498
f 4423 4498 4497
f 4425 4499 4446
f 4425 4446 4445
f 4425 4490 4499
f 4429 4452 4430
f 4430 4452 4444
f 4433 4434 4467
f 4434 4435 4467
f 4435 4436 4468
f 4435 4468 4467
f 4437 4442 4492
f 4437 4492 4491
f 4439 4500 4501
f 4439 4501 4502
f 4439 4502 4440
f 4439 4444 4452
f 4439 4452 4500
f 4440 4502 4441
f 4441 4503 4507
f 4441 4507 4443
f 4441 4502 4501
f 4441 4501 4504
f 4441 4504 4505
f 4441 4505 4503
f 4442 4443 4506
f 4442 4506 4493
f 4442 4493 4492
f 4443 4507 4506
f 4446 4499 4508
f 4446 4508 4509
f 4446 4509 4447
f 4447 4509 4510
f 4447 4510 4511
f 4447 4511 4448
f 4448 4450 4449
f 4448 4511 4512
f 4448 4512 4513
f 4448 4513 4514
f 4448 4514 4515
f 4448 4515 4451
f 4448 4451 4450
f 4451 4515 4452
f 4452 4515 4516
f 4452 4516 4500
f 4453 4456 4517
f 4453 4517 4454
f 4454 4517 4518
f 4454 4518 4457
f 4455 4466 4456
f 4456 4519 4520
f 4456 4520 4518
f 4456 4518 4517
f 4456 4466 4519
f 4457 4518 4520
f 4457 4520 4459
f 4458 4459 4520
f 4458 4520 4521
f 4458 4521 4522
f 4458 4522 4474
f 4460 4473 4461
f 4461 4473 4472
f 4461 4472 4523
f 4461 4523 4462
f 4462 4523 4463
f 4463 4523 4524
f 4463 4524 4525
f 4463 4525 4526
f 4463 4526 4464
f 4465 4526 4466
f 4466 4526 4527
f 4466 4527 4528
f 4466 4528 4529
f 4466 4529 4530
f 4466 4530 4531
f 4466 4531 4519
f 4470 4488 4542
f 4470 4542 4532
f 4470 4532 4472
f 4470 4472 4471
f 4472 4532 4523
f 4474 4533 4475
f 4474 4522 4533
f 4475 4534 4477
f 4475 4477 4476
f 4475 4533 4535
f 4475 4535 4534
f 4477 4534 4536
f 4477 4536 4479
f 4478 4479 4480
f 4479 4536 4481
f 4479 4481 4480
f 4481 4536 4537
f 4481 4537 4489
f 4481 4489 4482
f 4483 4489 4538
f 4484 4538 4541
f 4484 4541 4486
f 4485 4539 4487
f 4485 4486 4540
f 4485 4540 4539
f 4486 4541 4540
f 4487 4542 4488
f 4487 4539 4542
f 4489 4537 4543
f 4489 4543 4538
f 4490 4497 4508
f 4490 4508 4499
f 4493 4506 4494
f 4494 4506 4544
f 4494 4544 4495
f 4495 4544 4545
f 4495 4545 4496
f 4496 4545 4498
f 4497 4498 4508
f 4498 4545 4508
f 4500 4504 4501
f 4500 4516 4505
f 4500 4505 4504
f 4503 4546 4547
f 4503 4547 4507
f 4503 4505 4514
f 4503 4514 4546
f 4505 4516 4515
f 4505 4515 4514
f 4506 4507 4547
f 4506 4547 4548
f 4506 4548 4549
f 4506 4549 4544
f 4508 4549 4550
f 4508 4550 4510
f 4508 4510 4509
f 4508 4545 4549
f 4510 4550 4511
f 4511 4550 4551
f 4511 4551 4513
f 4511 4513 4512
f 4513 4551 4514
f 4514 4551 4552
f 4514 4552 4546
f 4519 4531 4520
f 4520 4531 4530
f 4520 4530 4521
f 4521 4530 4553
f 4521 4553 4522
f 4522 4553 4554
f 4522 4554 4555
f 4522 4555 4533
f 4523 4532 4524
f 4524 4532 4556
f 4524 4556 4525
f 4525 4556 4557
f 4525 4557 4558
f 4525 4558 4528
f 4525 4528 4527
f 4525 4527 4526
f 4528 4558 4559
f 4528 4559 4529
f 4529 4559 4560
f 4529 4560 4554
f 4529 4554 4553
f 4529 4553 4530
f 4532 4542 4556
f 4533 4555 4535
f 4534 4561 4536
f 4534 4535 4562
f 4534 4562 4563
f 4534 4563 4561
f 4535 4555 4564
f 4535 4564 4562
f 4536 4561 4564
f 4536 4564 4565
f 4536 4565 4537
f 4537 4565 4566
f 4537 4566 4543
f 4538 4543 4566
f 4538 4566 4541
f 4539 4567 4568
f 4539 4568 4557
f 4539 4557 4569
f 4539 4569 4542
f 4539 4540 4541
f 4539 4541 4567
f 4541 4566 4567
f 4542 4569 4557
f 4542 4557 4556
f 4544 4549 4545
f 4546 4552 4547
f 4547 4552 4551
f 4547 4551 4570
f 4547 4570 4548
f 4548 4570 4551
f 4548 4551 4549
f 4549 4551 4550
f 4554 4560 4571
f 4554 4571 4559
f 4554 4559 4555
f 4555 4559 4572
f 4555 4572 4564
f 4557 4568 4573
f 4557 4573 4559
f 4557 4559 4558
f 4559 4573 4572
f 4559 4571 4560
f 4561 4563 4564
f 4562 4564 4563
f 4564 4566 4565
f 4564 4572 4574
f 4564 4574 4575
f 4564 4575 4566
f 4566 4575 4567
f 4567 4575 4568
f 4568 4575 4573
f 4572 4573 4574
f 4573 4575 4574
